"Date","Year","Month","MonYr","Site","Station","Sample_num","OysterID","SampleEventID","ShellHeight","SH_Bin","M_F","Sex","ReproStage","Parasite","BadSlide","Comments","DataStatus"
2020-01-07,"2020","Jan",Jan 2020,"LXN","0242","01","LXND2001-01","LXCOLL_20200107_1_0242_1",67.02,"(65,70]","No","Z","4","No","N","OldStage=Z;","Proofed"
2020-01-07,"2020","Jan",Jan 2020,"LXN","0242","02","LXND2001-02","LXCOLL_20200107_1_0242_1",55.19,"(55,60]","No","Z","4","No","N","OldStage=Z;","Proofed"
2020-01-07,"2020","Jan",Jan 2020,"LXN","0242","03","LXND2001-03","LXCOLL_20200107_1_0242_1",47.73,"(45,50]","No","Z","4","No","N","OldStage=Z;","Proofed"
2020-01-07,"2020","Jan",Jan 2020,"LXN","0242","04","LXND2001-04","LXCOLL_20200107_1_0242_1",55.5,"(55,60]","No","F","1","No","N","OldStage=Z;","Proofed"
2020-01-07,"2020","Jan",Jan 2020,"LXN","0242","05","LXND2001-05","LXCOLL_20200107_1_0242_1",50.82,"(50,55]","No","Z","4","No","N","OldStage=Z;","Proofed"
2020-01-07,"2020","Jan",Jan 2020,"LXN","0243","06","LXND2001-06","LXCOLL_20200107_1_0243_1",56.67,"(55,60]","No","M","3","No","N","OldStage=Z;","Proofed"
2020-01-07,"2020","Jan",Jan 2020,"LXN","0243","07","LXND2001-07","LXCOLL_20200107_1_0243_1",47.87,"(45,50]","No","Z","4","No","N","OldStage=Z;","Proofed"
2020-01-07,"2020","Jan",Jan 2020,"LXN","0243","08","LXND2001-08","LXCOLL_20200107_1_0243_1",45.61,"(45,50]","No","F","2","No","N","OldStage=Z;","Proofed"
2020-01-07,"2020","Jan",Jan 2020,"LXN","0243","09","LXND2001-09","LXCOLL_20200107_1_0243_1",55.84,"(55,60]","No","F","1","No","N","OldStage=Z;","Proofed"
2020-01-07,"2020","Jan",Jan 2020,"LXN","0243","10","LXND2001-10","LXCOLL_20200107_1_0243_1",54.87,"(50,55]","No","Z","4","No","N","OldStage=Z;","Proofed"
2020-01-07,"2020","Jan",Jan 2020,"LXN","0244","11","LXND2001-11","LXCOLL_20200107_1_0244_1",54.74,"(50,55]","No","F","3","No","N","OldStage=Z;","Proofed"
2020-01-07,"2020","Jan",Jan 2020,"LXN","0244","12","LXND2001-12","LXCOLL_20200107_1_0244_1",52.98,"(50,55]","No","Z","4","No","N","OldStage=Z;","Proofed"
2020-01-07,"2020","Jan",Jan 2020,"LXN","0244","13","LXND2001-13","LXCOLL_20200107_1_0244_1",55.89,"(55,60]","No","Z","4","No","N","OldStage=Z;","Proofed"
2020-01-07,"2020","Jan",Jan 2020,"LXN","0244","14","LXND2001-14","LXCOLL_20200107_1_0244_1",47.27,"(45,50]","No","Z","4","No","N","OldStage=Z;","Proofed"
2020-01-07,"2020","Jan",Jan 2020,"LXN","0244","15","LXND2001-15","LXCOLL_20200107_1_0244_1",66.54,"(65,70]","No","Z","4","No","N","OldStage=Z;","Proofed"
2020-02-04,"2020","Feb",Feb 2020,"LXN","0242","01","LXND2002-01","LXCOLL_20200204_1_0242_1",53.86,"(50,55]","No","F","1","No","N","OldStage=Z;","Proofed"
2020-02-04,"2020","Feb",Feb 2020,"LXN","0242","02","LXND2002-02","LXCOLL_20200204_1_0242_1",43.39,"(40,45]","No","Z","4","No","N","OldStage=Z;","Proofed"
2020-02-04,"2020","Feb",Feb 2020,"LXN","0242","03","LXND2002-03","LXCOLL_20200204_1_0242_1",46.68,"(45,50]","No","Z","4","No","N","OldStage=Z;","Proofed"
2020-02-04,"2020","Feb",Feb 2020,"LXN","0242","04","LXND2002-04","LXCOLL_20200204_1_0242_1",46.34,"(45,50]","No","Z","4","No","N","OldStage=Z;","Proofed"
2020-02-04,"2020","Feb",Feb 2020,"LXN","0242","05","LXND2002-05","LXCOLL_20200204_1_0242_1",54.37,"(50,55]","No","F","2","No","N","OldStage=Z;","Proofed"
2020-02-04,"2020","Feb",Feb 2020,"LXN","0243","06","LXND2002-06","LXCOLL_20200204_1_0243_1",45.46,"(45,50]","No","F","1","No","N","OldStage=Z;","Proofed"
2020-02-04,"2020","Feb",Feb 2020,"LXN","0243","07","LXND2002-07","LXCOLL_20200204_1_0243_1",53.23,"(50,55]","No","Z","4","No","N","OldStage=Z;","Proofed"
2020-02-04,"2020","Feb",Feb 2020,"LXN","0243","08","LXND2002-08","LXCOLL_20200204_1_0243_1",54.03,"(50,55]","No","Z","Z","Buceph","Y","OldStage=Z;","Proofed"
2020-02-04,"2020","Feb",Feb 2020,"LXN","0243","09","LXND2002-09","LXCOLL_20200204_1_0243_1",54.99,"(50,55]","No","F","1","No","N","OldStage=Z;","Proofed"
2020-02-04,"2020","Feb",Feb 2020,"LXN","0243","10","LXND2002-10","LXCOLL_20200204_1_0243_1",53.04,"(50,55]","No","F","1","No","N","OldStage=Z;","Proofed"
2020-02-04,"2020","Feb",Feb 2020,"LXN","0244","11","LXND2002-11","LXCOLL_20200204_1_0244_1",70,"(65,70]","No","Z","4","No","N","OldStage=Z;","Proofed"
2020-02-04,"2020","Feb",Feb 2020,"LXN","0244","12","LXND2002-12","LXCOLL_20200204_1_0244_1",47.97,"(45,50]","No","F","1","No","N","OldStage=Z;","Proofed"
2020-02-04,"2020","Feb",Feb 2020,"LXN","0244","13","LXND2002-13","LXCOLL_20200204_1_0244_1",53.69,"(50,55]","No","F","1","No","N","OldStage=Z;","Proofed"
2020-02-04,"2020","Feb",Feb 2020,"LXN","0244","14","LXND2002-14","LXCOLL_20200204_1_0244_1",56.09,"(55,60]","No","Z","4","No","N","OldStage=Z;","Proofed"
2020-02-04,"2020","Feb",Feb 2020,"LXN","0244","15","LXND2002-15","LXCOLL_20200204_1_0244_1",47.6,"(45,50]","No","Z","4","No","N","OldStage=Z;","Proofed"
2020-03-04,"2020","Mar",Mar 2020,"LXN","0242","01","LXND2003-01","LXCOLL_20200304_1_0242_1",42.53,"(40,45]","No","M","2","No","N","OldStage=Z;","Proofed"
2020-03-04,"2020","Mar",Mar 2020,"LXN","0242","02","LXND2003-02","LXCOLL_20200304_1_0242_1",55.33,"(55,60]","No","Z","4","No","N","OldStage=Z;","Proofed"
2020-03-04,"2020","Mar",Mar 2020,"LXN","0242","03","LXND2003-03","LXCOLL_20200304_1_0242_1",52.87,"(50,55]","No","M","2","No","N","OldStage=Z;","Proofed"
2020-03-04,"2020","Mar",Mar 2020,"LXN","0242","04","LXND2003-04","LXCOLL_20200304_1_0242_1",50.17,"(50,55]","No","M","2","No","N","OldStage=Z;","Proofed"
2020-03-04,"2020","Mar",Mar 2020,"LXN","0242","05","LXND2003-05","LXCOLL_20200304_1_0242_1",61.96,"(60,65]","No","Z","4","No","N","OldStage=Z;","Proofed"
2020-03-04,"2020","Mar",Mar 2020,"LXN","0243","06","LXND2003-06","LXCOLL_20200304_1_0243_1",51.95,"(50,55]","No","F","3","Yes","N","OldStage=Z;","Proofed"
2020-03-04,"2020","Mar",Mar 2020,"LXN","0243","07","LXND2003-07","LXCOLL_20200304_1_0243_1",80,"(75,80]","No","F","1","Yes","N","OldStage=Z;","Proofed"
2020-03-04,"2020","Mar",Mar 2020,"LXN","0243","08","LXND2003-08","LXCOLL_20200304_1_0243_1",43.49,"(40,45]","No","M","3","No","N","OldStage=Z;","Proofed"
2020-03-04,"2020","Mar",Mar 2020,"LXN","0243","09","LXND2003-09","LXCOLL_20200304_1_0243_1",54.78,"(50,55]","No","F","3","No","N","OldStage=Z;","Proofed"
2020-03-04,"2020","Mar",Mar 2020,"LXN","0243","10","LXND2003-10","LXCOLL_20200304_1_0243_1",47.04,"(45,50]","No","F","2","Yes","N","OldStage=Z;","Proofed"
2020-03-04,"2020","Mar",Mar 2020,"LXN","0244","11","LXND2003-11","LXCOLL_20200304_1_0244_1",54.35,"(50,55]","No","F","1","No","N","OldStage=Z;","Proofed"
2020-03-04,"2020","Mar",Mar 2020,"LXN","0244","12","LXND2003-12","LXCOLL_20200304_1_0244_1",50.75,"(50,55]","No","Z","4","No","N","OldStage=Z;","Proofed"
2020-03-04,"2020","Mar",Mar 2020,"LXN","0244","13","LXND2003-13","LXCOLL_20200304_1_0244_1",55.12,"(55,60]","No","Z","4","No","N","OldStage=Z;","Proofed"
2020-03-04,"2020","Mar",Mar 2020,"LXN","0244","14","LXND2003-14","LXCOLL_20200304_1_0244_1",47.03,"(45,50]","No","Z","4","No","N","OldStage=Z;","Proofed"
2020-03-04,"2020","Mar",Mar 2020,"LXN","0244","15","LXND2003-15","LXCOLL_20200304_1_0244_1",48,"(45,50]","No","M","2","No","N","OldStage=Z;","Proofed"
2020-06-12,"2020","Jun",Jun 2020,"LXN","0242","01","LXND2006-01","LXCOLL_20200612_1_0242_1",52.39,"(50,55]","No","F","2","No","N","OldStage=Z;","Proofed"
2020-06-12,"2020","Jun",Jun 2020,"LXN","0242","02","LXND2006-02","LXCOLL_20200612_1_0242_1",49.07,"(45,50]","No","F","2","No","N","OldStage=Z;","Proofed"
2020-06-12,"2020","Jun",Jun 2020,"LXN","0242","03","LXND2006-03","LXCOLL_20200612_1_0242_1",43.89,"(40,45]","No","F","2","No","N","OldStage=Z;","Proofed"
2020-06-12,"2020","Jun",Jun 2020,"LXN","0242","04","LXND2006-04","LXCOLL_20200612_1_0242_1",50.86,"(50,55]","No","F","2","No","N","OldStage=Z;","Proofed"
2020-06-12,"2020","Jun",Jun 2020,"LXN","0242","05","LXND2006-05","LXCOLL_20200612_1_0242_1",44.1,"(40,45]","No","Z","Z","Buceph","Y","OldStage=Z;","Proofed"
2020-06-12,"2020","Jun",Jun 2020,"LXN","0243","06","LXND2006-06","LXCOLL_20200612_1_0243_1",70.66,"(70,75]","No","F","2","No","N","OldStage=Z;","Proofed"
2020-06-12,"2020","Jun",Jun 2020,"LXN","0243","07","LXND2006-07","LXCOLL_20200612_1_0243_1",69.97,"(65,70]","No","Z","4","Yes","N","OldStage=Z;","Proofed"
2020-06-12,"2020","Jun",Jun 2020,"LXN","0243","08","LXND2006-08","LXCOLL_20200612_1_0243_1",55.4,"(55,60]","No","F","2","Yes","N","OldStage=Z;","Proofed"
2020-06-12,"2020","Jun",Jun 2020,"LXN","0243","09","LXND2006-09","LXCOLL_20200612_1_0243_1",50.26,"(50,55]","No","M","2","No","N","OldStage=Z;","Proofed"
2020-06-12,"2020","Jun",Jun 2020,"LXN","0243","10","LXND2006-10","LXCOLL_20200612_1_0243_1",54.5,"(50,55]","No","M","2","Yes","N","OldStage=Z;","Proofed"
2020-06-12,"2020","Jun",Jun 2020,"LXN","0244","11","LXND2006-11","LXCOLL_20200612_1_0244_1",58.47,"(55,60]","No","F","2","Yes","N","OldStage=Z;","Proofed"
2020-06-12,"2020","Jun",Jun 2020,"LXN","0244","12","LXND2006-12","LXCOLL_20200612_1_0244_1",54.88,"(50,55]","No","F","2","No","N","OldStage=Z;","Proofed"
2020-06-12,"2020","Jun",Jun 2020,"LXN","0244","13","LXND2006-13","LXCOLL_20200612_1_0244_1",52.2,"(50,55]","No","F","Z","Buceph","N","OldStage=Z;","Proofed"
2020-06-12,"2020","Jun",Jun 2020,"LXN","0244","14","LXND2006-14","LXCOLL_20200612_1_0244_1",40.03,"(40,45]","No","M","2","No","N","OldStage=Z;","Proofed"
2020-06-12,"2020","Jun",Jun 2020,"LXN","0244","15","LXND2006-15","LXCOLL_20200612_1_0244_1",41.29,"(40,45]","No","M","3","No","N","OldStage=Z;","Proofed"
2020-07-24,"2020","Jul",Jul 2020,"LXN","0242","01","LXND2007-01","LXCOLL_20200724_1_0242_1",55.62,"(55,60]","No","M","2","No","N","OldStage=Z;","Proofed"
2020-07-24,"2020","Jul",Jul 2020,"LXN","0242","02","LXND2007-02","LXCOLL_20200724_1_0242_1",42.09,"(40,45]","No","M","2","No","N","OldStage=Z;","Proofed"
2020-07-24,"2020","Jul",Jul 2020,"LXN","0242","03","LXND2007-03","LXCOLL_20200724_1_0242_1",52.68,"(50,55]","No","F","2","No","N","OldStage=Z;","Proofed"
2020-07-24,"2020","Jul",Jul 2020,"LXN","0242","04","LXND2007-04","LXCOLL_20200724_1_0242_1",58.27,"(55,60]","No","M","2","No","N","OldStage=Z;","Proofed"
2020-07-24,"2020","Jul",Jul 2020,"LXN","0242","05","LXND2007-05","LXCOLL_20200724_1_0242_1",59.39,"(55,60]","No","F","2","No","N","OldStage=Z;","Proofed"
2020-07-24,"2020","Jul",Jul 2020,"LXN","0243","06","LXND2007-06","LXCOLL_20200724_1_0243_1",51.04,"(50,55]","No","F","2","No","N","OldStage=Z;","Proofed"
2020-07-24,"2020","Jul",Jul 2020,"LXN","0243","07","LXND2007-07","LXCOLL_20200724_1_0243_1",48.8,"(45,50]","No","F","2","No","N","OldStage=Z;","Proofed"
2020-07-24,"2020","Jul",Jul 2020,"LXN","0243","08","LXND2007-08","LXCOLL_20200724_1_0243_1",51.23,"(50,55]","No","F","2","No","N","OldStage=Z;","Proofed"
2020-07-24,"2020","Jul",Jul 2020,"LXN","0243","09","LXND2007-09","LXCOLL_20200724_1_0243_1",58.33,"(55,60]","No","M","2","No","N","OldStage=Z;","Proofed"
2020-07-24,"2020","Jul",Jul 2020,"LXN","0243","10","LXND2007-10","LXCOLL_20200724_1_0243_1",68.27,"(65,70]","No","F","2","No","N","OldStage=Z;","Proofed"
2020-07-24,"2020","Jul",Jul 2020,"LXN","0244","11","LXND2007-11","LXCOLL_20200724_1_0244_1",48.31,"(45,50]","No","F","2","No","N","OldStage=Z;","Proofed"
2020-07-24,"2020","Jul",Jul 2020,"LXN","0244","12","LXND2007-12","LXCOLL_20200724_1_0244_1",50.64,"(50,55]","No","F","2","No","N","OldStage=Z;","Proofed"
2020-07-24,"2020","Jul",Jul 2020,"LXN","0244","13","LXND2007-13","LXCOLL_20200724_1_0244_1",46.74,"(45,50]","No","F","2","No","N","OldStage=Z;","Proofed"
2020-07-24,"2020","Jul",Jul 2020,"LXN","0244","14","LXND2007-14","LXCOLL_20200724_1_0244_1",35.36,"(35,40]","No","F","2","No","N","OldStage=Z;","Proofed"
2020-07-24,"2020","Jul",Jul 2020,"LXN","0244","15","LXND2007-15","LXCOLL_20200724_1_0244_1",40.57,"(40,45]","No","M","2","No","N","OldStage=Z;","Proofed"
2020-08-21,"2020","Aug",Aug 2020,"LXN","0242","01","LXND2008-01","LXCOLL_20200821_1_0242_1",50.89,"(50,55]","No","F","2","No","N","OldStage=Z;","Proofed"
2020-08-21,"2020","Aug",Aug 2020,"LXN","0242","02","LXND2008-02","LXCOLL_20200821_1_0242_1",42.74,"(40,45]","No","F","2","No","N","OldStage=Z;","Proofed"
2020-08-21,"2020","Aug",Aug 2020,"LXN","0242","03","LXND2008-03","LXCOLL_20200821_1_0242_1",49.12,"(45,50]","No","F","2","No","N","OldStage=Z;","Proofed"
2020-08-21,"2020","Aug",Aug 2020,"LXN","0242","04","LXND2008-04","LXCOLL_20200821_1_0242_1",50.57,"(50,55]","No","F","2","No","N","OldStage=Z;","Proofed"
2020-08-21,"2020","Aug",Aug 2020,"LXN","0242","05","LXND2008-05","LXCOLL_20200821_1_0242_1",41.1,"(40,45]","No","F","2","No","N","OldStage=Z;","Proofed"
2020-08-21,"2020","Aug",Aug 2020,"LXN","0243","06","LXND2008-06","LXCOLL_20200821_1_0243_1",59.8,"(55,60]","No","F","2","No","N","OldStage=Z;","Proofed"
2020-08-21,"2020","Aug",Aug 2020,"LXN","0243","07","LXND2008-07","LXCOLL_20200821_1_0243_1",55.53,"(55,60]","No","F","2","No","N","OldStage=Z;","Proofed"
2020-08-21,"2020","Aug",Aug 2020,"LXN","0243","08","LXND2008-08","LXCOLL_20200821_1_0243_1",44.1,"(40,45]","No","F","2","No","N","OldStage=Z;","Proofed"
2020-08-21,"2020","Aug",Aug 2020,"LXN","0243","09","LXND2008-09","LXCOLL_20200821_1_0243_1",43.19,"(40,45]","No","F","2","No","N","OldStage=Z;","Proofed"
2020-08-21,"2020","Aug",Aug 2020,"LXN","0243","10","LXND2008-10","LXCOLL_20200821_1_0243_1",49.89,"(45,50]","No","F","3","No","N","OldStage=Z;","Proofed"
2020-08-21,"2020","Aug",Aug 2020,"LXN","0244","11","LXND2008-11","LXCOLL_20200821_1_0244_1",39.9,"(35,40]","No","M","2","No","N","OldStage=Z;","Proofed"
2020-08-21,"2020","Aug",Aug 2020,"LXN","0244","12","LXND2008-12","LXCOLL_20200821_1_0244_1",49.25,"(45,50]","No","F","2","No","N","OldStage=Z;","Proofed"
2020-08-21,"2020","Aug",Aug 2020,"LXN","0244","13","LXND2008-13","LXCOLL_20200821_1_0244_1",49.74,"(45,50]","No","M","2","No","N","OldStage=Z;","Proofed"
2020-08-21,"2020","Aug",Aug 2020,"LXN","0244","14","LXND2008-14","LXCOLL_20200821_1_0244_1",48.12,"(45,50]","No","F","2","No","N","OldStage=Z;","Proofed"
2020-08-21,"2020","Aug",Aug 2020,"LXN","0244","15","LXND2008-15","LXCOLL_20200821_1_0244_1",52.59,"(50,55]","No","M","2","No","N","OldStage=Z;","Proofed"
2020-09-17,"2020","Sep",Sep 2020,"LXN","0242","01","LXND2009-01","LXCOLL_20200917_1_0242_1",51.66,"(50,55]","No","F","2","No","N","OldStage=Z;","Proofed"
2020-09-17,"2020","Sep",Sep 2020,"LXN","0242","02","LXND2009-02","LXCOLL_20200917_1_0242_1",44.82,"(40,45]","No","M","2","No","N","OldStage=Z;","Proofed"
2020-09-17,"2020","Sep",Sep 2020,"LXN","0242","03","LXND2009-03","LXCOLL_20200917_1_0242_1",47.28,"(45,50]","No","F","2","No","N","OldStage=Z;","Proofed"
2020-09-17,"2020","Sep",Sep 2020,"LXN","0242","04","LXND2009-04","LXCOLL_20200917_1_0242_1",44.69,"(40,45]","No","F","2","No","N","OldStage=Z;","Proofed"
2020-09-17,"2020","Sep",Sep 2020,"LXN","0242","05","LXND2009-05","LXCOLL_20200917_1_0242_1",37.24,"(35,40]","No","F","2","No","N","OldStage=Z;","Proofed"
2020-09-17,"2020","Sep",Sep 2020,"LXN","0243","06","LXND2009-06","LXCOLL_20200917_1_0243_1",57.53,"(55,60]","No","M","2","No","N","OldStage=Z;","Proofed"
2020-09-17,"2020","Sep",Sep 2020,"LXN","0243","07","LXND2009-07","LXCOLL_20200917_1_0243_1",45.54,"(45,50]","No","F","2","Yes","N","OldStage=Z;","Proofed"
2020-09-17,"2020","Sep",Sep 2020,"LXN","0243","08","LXND2009-08","LXCOLL_20200917_1_0243_1",34.61,"(30,35]","No","M","2","Yes","N","OldStage=Z;","Proofed"
2020-09-17,"2020","Sep",Sep 2020,"LXN","0243","09","LXND2009-09","LXCOLL_20200917_1_0243_1",37.22,"(35,40]","No","M","2","No","N","OldStage=Z;","Proofed"
2020-09-17,"2020","Sep",Sep 2020,"LXN","0243","10","LXND2009-10","LXCOLL_20200917_1_0243_1",42.19,"(40,45]","No","F","2","No","N","OldStage=Z;","Proofed"
2020-09-17,"2020","Sep",Sep 2020,"LXN","0244","11","LXND2009-11","LXCOLL_20200917_1_0244_1",40.39,"(40,45]","No","F","2","No","N","OldStage=Z;","Proofed"
2020-09-17,"2020","Sep",Sep 2020,"LXN","0244","12","LXND2009-12","LXCOLL_20200917_1_0244_1",42.3,"(40,45]","No","M","2","No","N","OldStage=Z;","Proofed"
2020-09-17,"2020","Sep",Sep 2020,"LXN","0244","13","LXND2009-13","LXCOLL_20200917_1_0244_1",59.4,"(55,60]","No","M","2","No","N","OldStage=Z;","Proofed"
2020-09-17,"2020","Sep",Sep 2020,"LXN","0244","14","LXND2009-14","LXCOLL_20200917_1_0244_1",74.87,"(70,75]","No","F","2","No","N","OldStage=Z;","Proofed"
2020-09-17,"2020","Sep",Sep 2020,"LXN","0244","15","LXND2009-15","LXCOLL_20200917_1_0244_1",58.5,"(55,60]","No","F","2","No","N","OldStage=Z;","Proofed"
2020-10-06,"2020","Oct",Oct 2020,"LXN","0242","01","LXND2010-01","LXCOLL_20201006_1_0242_1",64.53,"(60,65]","No","F","2","No","N","OldStage=Z;","Proofed"
2020-10-06,"2020","Oct",Oct 2020,"LXN","0242","02","LXND2010-02","LXCOLL_20201006_1_0242_1",73.17,"(70,75]","No","F","2","No","N","OldStage=Z;","Proofed"
2020-10-06,"2020","Oct",Oct 2020,"LXN","0242","03","LXND2010-03","LXCOLL_20201006_1_0242_1",57.08,"(55,60]","No","F","2","No","N","OldStage=Z;","Proofed"
2020-10-06,"2020","Oct",Oct 2020,"LXN","0242","04","LXND2010-04","LXCOLL_20201006_1_0242_1",44.35,"(40,45]","No","F","2","No","N","OldStage=Z;","Proofed"
2020-10-06,"2020","Oct",Oct 2020,"LXN","0242","05","LXND2010-05","LXCOLL_20201006_1_0242_1",49.45,"(45,50]","No","M","2","No","N","OldStage=Z;","Proofed"
2020-10-06,"2020","Oct",Oct 2020,"LXN","0243","06","LXND2010-06","LXCOLL_20201006_1_0243_1",65.41,"(65,70]","No","F","2","Yes","N","OldStage=Z;","Proofed"
2020-10-06,"2020","Oct",Oct 2020,"LXN","0243","07","LXND2010-07","LXCOLL_20201006_1_0243_1",53.37,"(50,55]","No","M","2","No","N","OldStage=Z;","Proofed"
2020-10-06,"2020","Oct",Oct 2020,"LXN","0243","08","LXND2010-08","LXCOLL_20201006_1_0243_1",64.55,"(60,65]","No","F","2","No","N","OldStage=Z;","Proofed"
2020-10-06,"2020","Oct",Oct 2020,"LXN","0243","09","LXND2010-09","LXCOLL_20201006_1_0243_1",53.28,"(50,55]","No","F","2","No","N","OldStage=Z;","Proofed"
2020-10-06,"2020","Oct",Oct 2020,"LXN","0243","10","LXND2010-10","LXCOLL_20201006_1_0243_1",47.46,"(45,50]","No","F","2","No","N","OldStage=Z;","Proofed"
2020-10-06,"2020","Oct",Oct 2020,"LXN","0244","11","LXND2010-11","LXCOLL_20201006_1_0244_1",51.75,"(50,55]","No","F","2","No","N","OldStage=Z;","Proofed"
2020-10-06,"2020","Oct",Oct 2020,"LXN","0244","12","LXND2010-12","LXCOLL_20201006_1_0244_1",45.41,"(45,50]","No","F","2","No","N","OldStage=Z;","Proofed"
2020-10-06,"2020","Oct",Oct 2020,"LXN","0244","13","LXND2010-13","LXCOLL_20201006_1_0244_1",49.5,"(45,50]","No","F","2","No","N","OldStage=Z;","Proofed"
2020-10-06,"2020","Oct",Oct 2020,"LXN","0244","14","LXND2010-14","LXCOLL_20201006_1_0244_1",46.07,"(45,50]","No","F","2","No","N","OldStage=Z;","Proofed"
2020-10-06,"2020","Oct",Oct 2020,"LXN","0244","15","LXND2010-15","LXCOLL_20201006_1_0244_1",34.53,"(30,35]","No","M","3","No","N","OldStage=Z;","Proofed"
2020-11-02,"2020","Nov",Nov 2020,"LXN","0242","01","LXND2011-01","LXCOLL_20201102_1_0242_1",70.45,"(70,75]","No","F","2","No","N","OldStage=Z;","Proofed"
2020-11-02,"2020","Nov",Nov 2020,"LXN","0242","02","LXND2011-02","LXCOLL_20201102_1_0242_1",46.36,"(45,50]","No","F","3","No","N","OldStage=Z;","Proofed"
2020-11-02,"2020","Nov",Nov 2020,"LXN","0242","03","LXND2011-03","LXCOLL_20201102_1_0242_1",46.88,"(45,50]","No","F","3","No","N","OldStage=Z;","Proofed"
2020-11-02,"2020","Nov",Nov 2020,"LXN","0242","04","LXND2011-04","LXCOLL_20201102_1_0242_1",58.86,"(55,60]","No","F","3","No","N","OldStage=Z;","Proofed"
2020-11-02,"2020","Nov",Nov 2020,"LXN","0242","05","LXND2011-05","LXCOLL_20201102_1_0242_1",44.08,"(40,45]","No","F","2","No","N","OldStage=Z;","Proofed"
2020-11-02,"2020","Nov",Nov 2020,"LXN","0243","06","LXND2011-06","LXCOLL_20201102_1_0243_1",57.75,"(55,60]","No","F","2","No","N","OldStage=Z;","Proofed"
2020-11-02,"2020","Nov",Nov 2020,"LXN","0243","07","LXND2011-07","LXCOLL_20201102_1_0243_1",60.05,"(60,65]","No","F","3","No","N","OldStage=Z;","Proofed"
2020-11-02,"2020","Nov",Nov 2020,"LXN","0243","08","LXND2011-08","LXCOLL_20201102_1_0243_1",47.04,"(45,50]","No","F","2","No","N","OldStage=Z;","Proofed"
2020-11-02,"2020","Nov",Nov 2020,"LXN","0243","09","LXND2011-09","LXCOLL_20201102_1_0243_1",54.07,"(50,55]","No","F","2","No","N","OldStage=Z;","Proofed"
2020-11-02,"2020","Nov",Nov 2020,"LXN","0243","10","LXND2011-10","LXCOLL_20201102_1_0243_1",56.01,"(55,60]","No","M","2","No","N","OldStage=Z;","Proofed"
2020-11-02,"2020","Nov",Nov 2020,"LXN","0244","11","LXND2011-11","LXCOLL_20201102_1_0244_1",56.32,"(55,60]","No","F","2","No","N","OldStage=Z;","Proofed"
2020-11-02,"2020","Nov",Nov 2020,"LXN","0244","12","LXND2011-12","LXCOLL_20201102_1_0244_1",56.6,"(55,60]","No","F","2","No","N","OldStage=Z;","Proofed"
2020-11-02,"2020","Nov",Nov 2020,"LXN","0244","13","LXND2011-13","LXCOLL_20201102_1_0244_1",42.37,"(40,45]","No","F","2","No","N","OldStage=Z;","Proofed"
2020-11-02,"2020","Nov",Nov 2020,"LXN","0244","14","LXND2011-14","LXCOLL_20201102_1_0244_1",48.04,"(45,50]","No","F","3","No","N","OldStage=Z;","Proofed"
2020-11-02,"2020","Nov",Nov 2020,"LXN","0244","15","LXND2011-15","LXCOLL_20201102_1_0244_1",54.09,"(50,55]","No","M","2","No","N","OldStage=Z;","Proofed"
2020-12-02,"2020","Dec",Dec 2020,"LXN","0242","01","LXND2012-01","LXCOLL_20201202_1_0242_1",60.6,"(60,65]","No","Z","4","No","N","OldStage=Z;","Proofed"
2020-12-02,"2020","Dec",Dec 2020,"LXN","0242","02","LXND2012-02","LXCOLL_20201202_1_0242_1",63.14,"(60,65]","No","F","3","No","N","OldStage=Z;","Proofed"
2020-12-02,"2020","Dec",Dec 2020,"LXN","0242","03","LXND2012-03","LXCOLL_20201202_1_0242_1",45.24,"(45,50]","No","F","3","No","N","OldStage=Z;","Proofed"
2020-12-02,"2020","Dec",Dec 2020,"LXN","0242","04","LXND2012-04","LXCOLL_20201202_1_0242_1",48,"(45,50]","No","M","3","No","N","OldStage=Z;","Proofed"
2020-12-02,"2020","Dec",Dec 2020,"LXN","0242","05","LXND2012-05","LXCOLL_20201202_1_0242_1",67.64,"(65,70]","No","Z","4","No","N","OldStage=Z;","Proofed"
2020-12-02,"2020","Dec",Dec 2020,"LXN","0243","06","LXND2012-06","LXCOLL_20201202_1_0243_1",55.93,"(55,60]","No","Z","4","No","N","OldStage=Z;","Proofed"
2020-12-02,"2020","Dec",Dec 2020,"LXN","0243","07","LXND2012-07","LXCOLL_20201202_1_0243_1",65.89,"(65,70]","No","Z","4","No","N","OldStage=Z;","Proofed"
2020-12-02,"2020","Dec",Dec 2020,"LXN","0243","08","LXND2012-08","LXCOLL_20201202_1_0243_1",74.27,"(70,75]","No","Z","4","No","N","OldStage=Z;","Proofed"
2020-12-02,"2020","Dec",Dec 2020,"LXN","0243","09","LXND2012-09","LXCOLL_20201202_1_0243_1",59.7,"(55,60]","No","F","3","No","N","OldStage=Z;","Proofed"
2020-12-02,"2020","Dec",Dec 2020,"LXN","0243","10","LXND2012-10","LXCOLL_20201202_1_0243_1",46.88,"(45,50]","No","F","3","No","N","OldStage=Z;","Proofed"
2020-12-02,"2020","Dec",Dec 2020,"LXN","0244","11","LXND2012-11","LXCOLL_20201202_1_0244_1",66.28,"(65,70]","No","F","3","No","N","OldStage=Z;","Proofed"
2020-12-02,"2020","Dec",Dec 2020,"LXN","0244","12","LXND2012-12","LXCOLL_20201202_1_0244_1",56.53,"(55,60]","No","F","3","No","N","OldStage=Z;","Proofed"
2020-12-02,"2020","Dec",Dec 2020,"LXN","0244","13","LXND2012-13","LXCOLL_20201202_1_0244_1",47.27,"(45,50]","No","Z","4","No","N","OldStage=Z;","Proofed"
2020-12-02,"2020","Dec",Dec 2020,"LXN","0244","14","LXND2012-14","LXCOLL_20201202_1_0244_1",48,"(45,50]","No","M","3","No","N","OldStage=Z;","Proofed"
2020-12-02,"2020","Dec",Dec 2020,"LXN","0244","15","LXND2012-15","LXCOLL_20201202_1_0244_1",52.78,"(50,55]","No","F","3","No","N","OldStage=Z;","Proofed"
2021-01-05,"2021","Jan",Jan 2021,"LXN","0242","01","LXND2101-01","LXCOLL_20210105_1_0242_1",45.66,"(45,50]","No","Z","4","No","Y","OldStage=Z;","Proofed"
2021-01-05,"2021","Jan",Jan 2021,"LXN","0242","02","LXND2101-02","LXCOLL_20210105_1_0242_1",59.39,"(55,60]","No","Z","4","No","N","OldStage=Z;","Proofed"
2021-01-05,"2021","Jan",Jan 2021,"LXN","0242","03","LXND2101-03","LXCOLL_20210105_1_0242_1",49.61,"(45,50]","No","Z","4","No","N","OldStage=Z;","Proofed"
2021-01-05,"2021","Jan",Jan 2021,"LXN","0242","04","LXND2101-04","LXCOLL_20210105_1_0242_1",67.83,"(65,70]","No","Z","4","No","N","OldStage=Z;","Proofed"
2021-01-05,"2021","Jan",Jan 2021,"LXN","0242","05","LXND2101-05","LXCOLL_20210105_1_0242_1",43.07,"(40,45]","No","Z","4","No","N","OldStage=Z;","Proofed"
2021-01-05,"2021","Jan",Jan 2021,"LXN","0243","06","LXND2101-06","LXCOLL_20210105_1_0243_1",68.89,"(65,70]","No","Z","4","No","Y","OldStage=Z;","Proofed"
2021-01-05,"2021","Jan",Jan 2021,"LXN","0243","07","LXND2101-07","LXCOLL_20210105_1_0243_1",66.08,"(65,70]","No","Z","4","No","N","OldStage=Z;","Proofed"
2021-01-05,"2021","Jan",Jan 2021,"LXN","0243","08","LXND2101-08","LXCOLL_20210105_1_0243_1",53.11,"(50,55]","No","Z","4","No","Y","OldStage=Z;","Proofed"
2021-01-05,"2021","Jan",Jan 2021,"LXN","0243","09","LXND2101-09","LXCOLL_20210105_1_0243_1",70.58,"(70,75]","No","F","1","No","N","OldStage=Z;","Proofed"
2021-01-05,"2021","Jan",Jan 2021,"LXN","0243","10","LXND2101-10","LXCOLL_20210105_1_0243_1",58.43,"(55,60]","No","Z","Z","No","Y","OldStage=Z;","Proofed"
2021-01-05,"2021","Jan",Jan 2021,"LXN","0244","11","LXND2101-11","LXCOLL_20210105_1_0244_1",56.22,"(55,60]","No","F","1","No","N","OldStage=Z;","Proofed"
2021-01-05,"2021","Jan",Jan 2021,"LXN","0244","12","LXND2101-12","LXCOLL_20210105_1_0244_1",72.06,"(70,75]","No","Z","Z","No","Y","OldStage=Z;","Proofed"
2021-01-05,"2021","Jan",Jan 2021,"LXN","0244","13","LXND2101-13","LXCOLL_20210105_1_0244_1",61.98,"(60,65]","No","Z","Z","No","Y","OldStage=Z;","Proofed"
2021-01-05,"2021","Jan",Jan 2021,"LXN","0244","14","LXND2101-14","LXCOLL_20210105_1_0244_1",49.82,"(45,50]","No","Z","4","No","N","OldStage=Z;","Proofed"
2021-01-05,"2021","Jan",Jan 2021,"LXN","0244","15","LXND2101-15","LXCOLL_20210105_1_0244_1",51.18,"(50,55]","No","Z","4","No","N","OldStage=Z;","Proofed"
2021-02-03,"2021","Feb",Feb 2021,"LXN","0242","01","LXND2102-01","LXCOLL_20210203_1_0242_1",53.13,"(50,55]","No","Z","4","No","N","OldStage=Z;","Proofed"
2021-02-03,"2021","Feb",Feb 2021,"LXN","0242","02","LXND2102-02","LXCOLL_20210203_1_0242_1",58.34,"(55,60]","No","F","1","No","N","OldStage=Z;","Proofed"
2021-02-03,"2021","Feb",Feb 2021,"LXN","0242","03","LXND2102-03","LXCOLL_20210203_1_0242_1",43.85,"(40,45]","No","Z","4","No","N","OldStage=Z;","Proofed"
2021-02-03,"2021","Feb",Feb 2021,"LXN","0242","04","LXND2102-04","LXCOLL_20210203_1_0242_1",44.34,"(40,45]","No","F","1","No","N","OldStage=Z;","Proofed"
2021-02-03,"2021","Feb",Feb 2021,"LXN","0242","05","LXND2102-05","LXCOLL_20210203_1_0242_1",52.43,"(50,55]","No","F","1","No","N","OldStage=Z;","Proofed"
2021-02-03,"2021","Feb",Feb 2021,"LXN","0243","06","LXND2102-06","LXCOLL_20210203_1_0243_1",51.24,"(50,55]","No","Z","4","No","N","OldStage=Z;","Proofed"
2021-02-03,"2021","Feb",Feb 2021,"LXN","0243","07","LXND2102-07","LXCOLL_20210203_1_0243_1",73.96,"(70,75]","No","F","1","Yes","N","OldStage=Z;","Proofed"
2021-02-03,"2021","Feb",Feb 2021,"LXN","0243","08","LXND2102-08","LXCOLL_20210203_1_0243_1",73.65,"(70,75]","No","Z","4","No","N","OldStage=Z;","Proofed"
2021-02-03,"2021","Feb",Feb 2021,"LXN","0243","09","LXND2102-09","LXCOLL_20210203_1_0243_1",56.76,"(55,60]","No","Z","4","No","N","OldStage=Z;","Proofed"
2021-02-03,"2021","Feb",Feb 2021,"LXN","0243","10","LXND2102-10","LXCOLL_20210203_1_0243_1",44.35,"(40,45]","No","F","1","No","N","OldStage=Z;","Proofed"
2021-02-03,"2021","Feb",Feb 2021,"LXN","0244","11","LXND2102-11","LXCOLL_20210203_1_0244_1",38.91,"(35,40]","No","F","1","No","N","OldStage=Z;","Proofed"
2021-02-03,"2021","Feb",Feb 2021,"LXN","0244","12","LXND2102-12","LXCOLL_20210203_1_0244_1",61.28,"(60,65]","No","Z","4","No","N","OldStage=Z;","Proofed"
2021-02-03,"2021","Feb",Feb 2021,"LXN","0244","13","LXND2102-13","LXCOLL_20210203_1_0244_1",40.9,"(40,45]","No","F","2","No","N","OldStage=Z;","Proofed"
2021-02-03,"2021","Feb",Feb 2021,"LXN","0244","14","LXND2102-14","LXCOLL_20210203_1_0244_1",60.9,"(60,65]","No","F","1","No","N","OldStage=Z;","Proofed"
2021-02-03,"2021","Feb",Feb 2021,"LXN","0244","15","LXND2102-15","LXCOLL_20210203_1_0244_1",51.37,"(50,55]","No","F","1","No","N","OldStage=Z;","Proofed"
2021-03-03,"2021","Mar",Mar 2021,"LXN","0242","01","LXND2103-01","LXCOLL_20210303_1_0242_1",52.34,"(50,55]","No","F","2","No","N","OldStage=Z;","Proofed"
2021-03-03,"2021","Mar",Mar 2021,"LXN","0242","02","LXND2103-02","LXCOLL_20210303_1_0242_1",44.37,"(40,45]","No","M","2","No","N","OldStage=Z;","Proofed"
2021-03-03,"2021","Mar",Mar 2021,"LXN","0242","03","LXND2103-03","LXCOLL_20210303_1_0242_1",49.53,"(45,50]","No","M","2","No","N","OldStage=Z;","Proofed"
2021-03-03,"2021","Mar",Mar 2021,"LXN","0242","04","LXND2103-04","LXCOLL_20210303_1_0242_1",60.78,"(60,65]","No","F","2","No","N","OldStage=Z;","Proofed"
2021-03-03,"2021","Mar",Mar 2021,"LXN","0242","05","LXND2103-05","LXCOLL_20210303_1_0242_1",48.65,"(45,50]","No","M","2","Yes","N","OldStage=Z;","Proofed"
2021-03-03,"2021","Mar",Mar 2021,"LXN","0243","06","LXND2103-06","LXCOLL_20210303_1_0243_1",52.22,"(50,55]","No","F","2","No","N","OldStage=Z;","Proofed"
2021-03-03,"2021","Mar",Mar 2021,"LXN","0243","07","LXND2103-07","LXCOLL_20210303_1_0243_1",57.61,"(55,60]","No","F","2","No","N","OldStage=Z;","Proofed"
2021-03-03,"2021","Mar",Mar 2021,"LXN","0243","08","LXND2103-08","LXCOLL_20210303_1_0243_1",53.54,"(50,55]","No","M","2","No","N","OldStage=Z;","Proofed"
2021-03-03,"2021","Mar",Mar 2021,"LXN","0243","09","LXND2103-09","LXCOLL_20210303_1_0243_1",56,"(55,60]","No","F","2","No","N","OldStage=Z;","Proofed"
2021-03-03,"2021","Mar",Mar 2021,"LXN","0243","10","LXND2103-10","LXCOLL_20210303_1_0243_1",43.91,"(40,45]","No","F","2","No","N","OldStage=Z;","Proofed"
2021-03-03,"2021","Mar",Mar 2021,"LXN","0244","11","LXND2103-11","LXCOLL_20210303_1_0244_1",45.87,"(45,50]","No","M","2","No","N","OldStage=Z;","Proofed"
2021-03-03,"2021","Mar",Mar 2021,"LXN","0244","12","LXND2103-12","LXCOLL_20210303_1_0244_1",46.87,"(45,50]","No","F","2","No","N","OldStage=Z;","Proofed"
2021-03-03,"2021","Mar",Mar 2021,"LXN","0244","13","LXND2103-13","LXCOLL_20210303_1_0244_1",55.01,"(55,60]","No","F","2","No","N","OldStage=Z;","Proofed"
2021-03-03,"2021","Mar",Mar 2021,"LXN","0244","14","LXND2103-14","LXCOLL_20210303_1_0244_1",53.67,"(50,55]","No","F","2","No","N","OldStage=Z;","Proofed"
2021-03-03,"2021","Mar",Mar 2021,"LXN","0244","15","LXND2103-15","LXCOLL_20210303_1_0244_1",60.96,"(60,65]","No","F","2","No","N","OldStage=Z;","Proofed"
2021-04-06,"2021","Apr",Apr 2021,"LXN","0242","01","LXND2104-01","LXCOLL_20210406_1_0242_1",79.21,"(75,80]","No","F","2","No","N","OldStage=Z;","Proofed"
2021-04-06,"2021","Apr",Apr 2021,"LXN","0242","02","LXND2104-02","LXCOLL_20210406_1_0242_1",42.53,"(40,45]","No","M","2","No","N","OldStage=Z;","Proofed"
2021-04-06,"2021","Apr",Apr 2021,"LXN","0242","03","LXND2104-03","LXCOLL_20210406_1_0242_1",55.49,"(55,60]","No","F","2","No","N","OldStage=Z;","Proofed"
2021-04-06,"2021","Apr",Apr 2021,"LXN","0242","04","LXND2104-04","LXCOLL_20210406_1_0242_1",84.5,"(80,85]","No","F","2","No","N","OldStage=Z;","Proofed"
2021-04-06,"2021","Apr",Apr 2021,"LXN","0242","05","LXND2104-05","LXCOLL_20210406_1_0242_1",44.68,"(40,45]","No","F","2","No","N","OldStage=Z;","Proofed"
2021-04-06,"2021","Apr",Apr 2021,"LXN","0243","06","LXND2104-06","LXCOLL_20210406_1_0243_1",34.42,"(30,35]","No","M","2","No","N","OldStage=Z;","Proofed"
2021-04-06,"2021","Apr",Apr 2021,"LXN","0243","07","LXND2104-07","LXCOLL_20210406_1_0243_1",48.03,"(45,50]","No","F","2","No","N","OldStage=Z;","Proofed"
2021-04-06,"2021","Apr",Apr 2021,"LXN","0243","08","LXND2104-08","LXCOLL_20210406_1_0243_1",46.24,"(45,50]","No","M","2","No","N","OldStage=Z;","Proofed"
2021-04-06,"2021","Apr",Apr 2021,"LXN","0243","09","LXND2104-09","LXCOLL_20210406_1_0243_1",38.55,"(35,40]","No","F","2","No","N","OldStage=Z;","Proofed"
2021-04-06,"2021","Apr",Apr 2021,"LXN","0243","10","LXND2104-10","LXCOLL_20210406_1_0243_1",60.17,"(60,65]","No","M","2","No","N","OldStage=Z;","Proofed"
2021-04-06,"2021","Apr",Apr 2021,"LXN","0244","11","LXND2104-11","LXCOLL_20210406_1_0244_1",56.95,"(55,60]","No","F","2","No","N","OldStage=Z;","Proofed"
2021-04-06,"2021","Apr",Apr 2021,"LXN","0244","12","LXND2104-12","LXCOLL_20210406_1_0244_1",51.39,"(50,55]","No","F","2","No","N","OldStage=Z;","Proofed"
2021-04-06,"2021","Apr",Apr 2021,"LXN","0244","13","LXND2104-13","LXCOLL_20210406_1_0244_1",54.03,"(50,55]","No","M","2","No","N","OldStage=Z;","Proofed"
2021-04-06,"2021","Apr",Apr 2021,"LXN","0244","14","LXND2104-14","LXCOLL_20210406_1_0244_1",46.63,"(45,50]","No","F","2","No","N","OldStage=Z;","Proofed"
2021-04-06,"2021","Apr",Apr 2021,"LXN","0244","15","LXND2104-15","LXCOLL_20210406_1_0244_1",42.01,"(40,45]","No","F","1","No","N","OldStage=Z;","Proofed"
2021-05-04,"2021","May",May 2021,"LXN","0242","01","LXND2105-01","LXCOLL_20210504_1_0242_1",55.85,"(55,60]","No","F","2","No","N","OldStage=Z;","Proofed"
2021-05-04,"2021","May",May 2021,"LXN","0242","02","LXND2105-02","LXCOLL_20210504_1_0242_1",50.61,"(50,55]","No","M","2","No","N","OldStage=Z;","Proofed"
2021-05-04,"2021","May",May 2021,"LXN","0242","03","LXND2105-03","LXCOLL_20210504_1_0242_1",54.08,"(50,55]","No","F","2","No","N","OldStage=Z;","Proofed"
2021-05-04,"2021","May",May 2021,"LXN","0242","04","LXND2105-04","LXCOLL_20210504_1_0242_1",46.04,"(45,50]","No","F","2","No","N","OldStage=Z;","Proofed"
2021-05-04,"2021","May",May 2021,"LXN","0242","05","LXND2105-05","LXCOLL_20210504_1_0242_1",68.51,"(65,70]","No","F","Z","Buceph","N","OldStage=Z;","Proofed"
2021-05-04,"2021","May",May 2021,"LXN","0243","06","LXND2105-06","LXCOLL_20210504_1_0243_1",62.56,"(60,65]","No","M","2","No","N","OldStage=Z;","Proofed"
2021-05-04,"2021","May",May 2021,"LXN","0243","07","LXND2105-07","LXCOLL_20210504_1_0243_1",60.18,"(60,65]","No","F","2","No","N","OldStage=Z;","Proofed"
2021-05-04,"2021","May",May 2021,"LXN","0243","08","LXND2105-08","LXCOLL_20210504_1_0243_1",50.68,"(50,55]","No","F","2","No","N","OldStage=Z;","Proofed"
2021-05-04,"2021","May",May 2021,"LXN","0243","09","LXND2105-09","LXCOLL_20210504_1_0243_1",49.43,"(45,50]","No","F","2","No","N","OldStage=Z;","Proofed"
2021-05-04,"2021","May",May 2021,"LXN","0243","10","LXND2105-10","LXCOLL_20210504_1_0243_1",49.57,"(45,50]","No","M","2","No","N","OldStage=Z;","Proofed"
2021-05-04,"2021","May",May 2021,"LXN","0244","11","LXND2105-11","LXCOLL_20210504_1_0244_1",68.07,"(65,70]","No","M","2","No","N","OldStage=Z;","Proofed"
2021-05-04,"2021","May",May 2021,"LXN","0244","12","LXND2105-12","LXCOLL_20210504_1_0244_1",42.68,"(40,45]","No","F","1","No","N","OldStage=Z;","Proofed"
2021-05-04,"2021","May",May 2021,"LXN","0244","13","LXND2105-13","LXCOLL_20210504_1_0244_1",45.62,"(45,50]","No","F","1","No","N","OldStage=Z;","Proofed"
2021-05-04,"2021","May",May 2021,"LXN","0244","14","LXND2105-14","LXCOLL_20210504_1_0244_1",56.59,"(55,60]","No","F","2","No","N","OldStage=Z;","Proofed"
2021-05-04,"2021","May",May 2021,"LXN","0244","15","LXND2105-15","LXCOLL_20210504_1_0244_1",41.31,"(40,45]","No","M","2","No","N","OldStage=Z;","Proofed"
2021-06-07,"2021","Jun",Jun 2021,"LXN","0242","01","LXND2106-01","LXCOLL_20210607_1_0242_1",60.2,"(60,65]","No","F","2","Yes","N","OldStage=Z;","Proofed"
2021-06-07,"2021","Jun",Jun 2021,"LXN","0242","02","LXND2106-02","LXCOLL_20210607_1_0242_1",57.22,"(55,60]","No","F","2","No","N","OldStage=Z;","Proofed"
2021-06-07,"2021","Jun",Jun 2021,"LXN","0242","03","LXND2106-03","LXCOLL_20210607_1_0242_1",55.84,"(55,60]","No","F","2","No","N","OldStage=Z;","Proofed"
2021-06-07,"2021","Jun",Jun 2021,"LXN","0242","04","LXND2106-04","LXCOLL_20210607_1_0242_1",54,"(50,55]","No","F","2","No","N","OldStage=Z;","Proofed"
2021-06-07,"2021","Jun",Jun 2021,"LXN","0242","05","LXND2106-05","LXCOLL_20210607_1_0242_1",48.09,"(45,50]","No","F","2","No","N","OldStage=Z;","Proofed"
2021-06-07,"2021","Jun",Jun 2021,"LXN","0243","06","LXND2106-06","LXCOLL_20210607_1_0243_1",53.73,"(50,55]","No","F","2","No","N","OldStage=Z;","Proofed"
2021-06-07,"2021","Jun",Jun 2021,"LXN","0243","07","LXND2106-07","LXCOLL_20210607_1_0243_1",63.75,"(60,65]","No","M","2","No","N","OldStage=Z;","Proofed"
2021-06-07,"2021","Jun",Jun 2021,"LXN","0243","08","LXND2106-08","LXCOLL_20210607_1_0243_1",60.97,"(60,65]","No","F","1","No","N","OldStage=Z;","Proofed"
2021-06-07,"2021","Jun",Jun 2021,"LXN","0243","09","LXND2106-09","LXCOLL_20210607_1_0243_1",47.04,"(45,50]","No","Z","4","No","N","OldStage=Z;","Proofed"
2021-06-07,"2021","Jun",Jun 2021,"LXN","0243","10","LXND2106-10","LXCOLL_20210607_1_0243_1",51.16,"(50,55]","No","Z","Z","Buceph","Y","OldStage=Z;","Proofed"
2021-06-07,"2021","Jun",Jun 2021,"LXN","0244","11","LXND2106-11","LXCOLL_20210607_1_0244_1",66.31,"(65,70]","No","F","2","Yes","N","OldStage=Z;","Proofed"
2021-06-07,"2021","Jun",Jun 2021,"LXN","0244","12","LXND2106-12","LXCOLL_20210607_1_0244_1",54.23,"(50,55]","No","F","3","No","N","OldStage=Z;","Proofed"
2021-06-07,"2021","Jun",Jun 2021,"LXN","0244","13","LXND2106-13","LXCOLL_20210607_1_0244_1",57.89,"(55,60]","No","F","2","No","N","OldStage=Z;","Proofed"
2021-06-07,"2021","Jun",Jun 2021,"LXN","0244","14","LXND2106-14","LXCOLL_20210607_1_0244_1",48.02,"(45,50]","No","F","1","Yes","N","OldStage=Z;","Proofed"
2021-06-07,"2021","Jun",Jun 2021,"LXN","0244","15","LXND2106-15","LXCOLL_20210607_1_0244_1",54.05,"(50,55]","No","M","2","No","N","OldStage=Z;","Proofed"
2021-07-12,"2021","Jul",Jul 2021,"LXN","0242","01","LXND2107-01","LXCOLL_20210712_1_0242_1",68.48,"(65,70]","No","F","1","No","N","OldStage=Z;","Proofed"
2021-07-12,"2021","Jul",Jul 2021,"LXN","0242","02","LXND2107-02","LXCOLL_20210712_1_0242_1",51.19,"(50,55]","No","M","2","No","N","OldStage=Z;","Proofed"
2021-07-12,"2021","Jul",Jul 2021,"LXN","0242","03","LXND2107-03","LXCOLL_20210712_1_0242_1",48.77,"(45,50]","No","F","2","No","N","OldStage=Z;","Proofed"
2021-07-12,"2021","Jul",Jul 2021,"LXN","0242","04","LXND2107-04","LXCOLL_20210712_1_0242_1",53.29,"(50,55]","No","F","3","No","N","OldStage=Z;","Proofed"
2021-07-12,"2021","Jul",Jul 2021,"LXN","0242","05","LXND2107-05","LXCOLL_20210712_1_0242_1",68.25,"(65,70]","No","F","3","No","N","OldStage=Z;","Proofed"
2021-07-12,"2021","Jul",Jul 2021,"LXN","0243","06","LXND2107-06","LXCOLL_20210712_1_0243_1",56.74,"(55,60]","No","M","2","No","N","OldStage=Z;","Proofed"
2021-07-12,"2021","Jul",Jul 2021,"LXN","0243","07","LXND2107-07","LXCOLL_20210712_1_0243_1",55.36,"(55,60]","No","F","2","No","N","OldStage=Z;","Proofed"
2021-07-12,"2021","Jul",Jul 2021,"LXN","0243","08","LXND2107-08","LXCOLL_20210712_1_0243_1",51.38,"(50,55]","No","F","2","No","N","OldStage=Z;","Proofed"
2021-07-12,"2021","Jul",Jul 2021,"LXN","0243","09","LXND2107-09","LXCOLL_20210712_1_0243_1",50.4,"(50,55]","No","F","2","No","N","OldStage=Z;","Proofed"
2021-07-12,"2021","Jul",Jul 2021,"LXN","0243","10","LXND2107-10","LXCOLL_20210712_1_0243_1",80.83,"(80,85]","No","F","2","No","N","OldStage=Z;","Proofed"
2021-07-12,"2021","Jul",Jul 2021,"LXN","0244","11","LXND2107-11","LXCOLL_20210712_1_0244_1",49.84,"(45,50]","No","M","2","No","N","OldStage=Z;","Proofed"
2021-07-12,"2021","Jul",Jul 2021,"LXN","0244","12","LXND2107-12","LXCOLL_20210712_1_0244_1",52.02,"(50,55]","No","M","2","No","N","OldStage=Z;","Proofed"
2021-07-12,"2021","Jul",Jul 2021,"LXN","0244","13","LXND2107-13","LXCOLL_20210712_1_0244_1",57.85,"(55,60]","No","F","2","No","N","OldStage=Z;","Proofed"
2021-07-12,"2021","Jul",Jul 2021,"LXN","0244","14","LXND2107-14","LXCOLL_20210712_1_0244_1",47.04,"(45,50]","No","Z","4","No","N","OldStage=Z;","Proofed"
2021-07-12,"2021","Jul",Jul 2021,"LXN","0244","15","LXND2107-15","LXCOLL_20210712_1_0244_1",63.35,"(60,65]","No","F","2","No","N","OldStage=Z;","Proofed"
2021-08-03,"2021","Aug",Aug 2021,"LXN","0242","01","LXND2108-01","LXCOLL_20210803_1_0242_1",51.16,"(50,55]","No","F","2","No","N","OldStage=Z;","Proofed"
2021-08-03,"2021","Aug",Aug 2021,"LXN","0242","02","LXND2108-02","LXCOLL_20210803_1_0242_1",57.73,"(55,60]","No","F","2","No","N","OldStage=Z;","Proofed"
2021-08-03,"2021","Aug",Aug 2021,"LXN","0242","03","LXND2108-03","LXCOLL_20210803_1_0242_1",53.75,"(50,55]","No","F","2","No","N","OldStage=Z;","Proofed"
2021-08-03,"2021","Aug",Aug 2021,"LXN","0242","04","LXND2108-04","LXCOLL_20210803_1_0242_1",59.54,"(55,60]","No","M","2","No","N","OldStage=Z;","Proofed"
2021-08-03,"2021","Aug",Aug 2021,"LXN","0242","05","LXND2108-05","LXCOLL_20210803_1_0242_1",69.15,"(65,70]","No","Z","4","No","N","OldStage=Z;","Proofed"
2021-08-03,"2021","Aug",Aug 2021,"LXN","0243","06","LXND2108-06","LXCOLL_20210803_1_0243_1",64.42,"(60,65]","No","F","2","No","N","OldStage=Z;","Proofed"
2021-08-03,"2021","Aug",Aug 2021,"LXN","0243","07","LXND2108-07","LXCOLL_20210803_1_0243_1",52.01,"(50,55]","No","F","2","No","N","OldStage=Z;","Proofed"
2021-08-03,"2021","Aug",Aug 2021,"LXN","0243","08","LXND2108-08","LXCOLL_20210803_1_0243_1",58.82,"(55,60]","No","F","2","No","N","OldStage=Z;","Proofed"
2021-08-03,"2021","Aug",Aug 2021,"LXN","0243","09","LXND2108-09","LXCOLL_20210803_1_0243_1",72.31,"(70,75]","No","F","2","No","N","OldStage=Z;","Proofed"
2021-08-03,"2021","Aug",Aug 2021,"LXN","0243","10","LXND2108-10","LXCOLL_20210803_1_0243_1",57.35,"(55,60]","No","F","2","No","N","OldStage=Z;","Proofed"
2021-08-03,"2021","Aug",Aug 2021,"LXN","0244","11","LXND2108-11","LXCOLL_20210803_1_0244_1",60.7,"(60,65]","No","F","2","No","N","OldStage=Z;","Proofed"
2021-08-03,"2021","Aug",Aug 2021,"LXN","0244","12","LXND2108-12","LXCOLL_20210803_1_0244_1",54.48,"(50,55]","No","F","2","No","N","OldStage=Z;","Proofed"
2021-08-03,"2021","Aug",Aug 2021,"LXN","0244","13","LXND2108-13","LXCOLL_20210803_1_0244_1",53.16,"(50,55]","No","F","2","No","N","OldStage=Z;","Proofed"
2021-08-03,"2021","Aug",Aug 2021,"LXN","0244","14","LXND2108-14","LXCOLL_20210803_1_0244_1",53.85,"(50,55]","No","F","2","No","N","OldStage=Z;","Proofed"
2021-08-03,"2021","Aug",Aug 2021,"LXN","0244","15","LXND2108-15","LXCOLL_20210803_1_0244_1",52.8,"(50,55]","No","F","2","No","N","OldStage=Z;","Proofed"
2021-09-09,"2021","Sep",Sep 2021,"LXN","0242","01","LXND2109-01","LXCOLL_20210909_1_0242_1",53.5,"(50,55]","No","F","2","No","N","OldStage=Z;","Proofed"
2021-09-09,"2021","Sep",Sep 2021,"LXN","0242","02","LXND2109-02","LXCOLL_20210909_1_0242_1",40.69,"(40,45]","No","F","2","No","N","OldStage=Z;","Proofed"
2021-09-09,"2021","Sep",Sep 2021,"LXN","0242","03","LXND2109-03","LXCOLL_20210909_1_0242_1",41.06,"(40,45]","No","F","2","No","N","OldStage=Z;","Proofed"
2021-09-09,"2021","Sep",Sep 2021,"LXN","0242","04","LXND2109-04","LXCOLL_20210909_1_0242_1",43.81,"(40,45]","No","M","2","No","N","OldStage=Z;","Proofed"
2021-09-09,"2021","Sep",Sep 2021,"LXN","0242","05","LXND2109-05","LXCOLL_20210909_1_0242_1",46.91,"(45,50]","No","M","2","No","N","OldStage=Z;","Proofed"
2021-09-09,"2021","Sep",Sep 2021,"LXN","0243","06","LXND2109-06","LXCOLL_20210909_1_0243_1",57.02,"(55,60]","No","F","2","No","N","OldStage=Z;","Proofed"
2021-09-09,"2021","Sep",Sep 2021,"LXN","0243","07","LXND2109-07","LXCOLL_20210909_1_0243_1",66,"(65,70]","No","F","2","No","N","OldStage=Z;","Proofed"
2021-09-09,"2021","Sep",Sep 2021,"LXN","0243","08","LXND2109-08","LXCOLL_20210909_1_0243_1",59.48,"(55,60]","No","F","2","No","N","OldStage=Z;","Proofed"
2021-09-09,"2021","Sep",Sep 2021,"LXN","0243","09","LXND2109-09","LXCOLL_20210909_1_0243_1",45.45,"(45,50]","No","M","2","No","N","OldStage=Z;","Proofed"
2021-09-09,"2021","Sep",Sep 2021,"LXN","0243","10","LXND2109-10","LXCOLL_20210909_1_0243_1",52.41,"(50,55]","No","F","2","No","N","OldStage=Z;","Proofed"
2021-09-09,"2021","Sep",Sep 2021,"LXN","0244","11","LXND2109-11","LXCOLL_20210909_1_0244_1",52.39,"(50,55]","No","F","2","No","N","OldStage=Z;","Proofed"
2021-09-09,"2021","Sep",Sep 2021,"LXN","0244","12","LXND2109-12","LXCOLL_20210909_1_0244_1",71.1,"(70,75]","No","F","2","No","N","OldStage=Z;","Proofed"
2021-09-09,"2021","Sep",Sep 2021,"LXN","0244","13","LXND2109-13","LXCOLL_20210909_1_0244_1",49.36,"(45,50]","No","F","2","No","N","OldStage=Z;","Proofed"
2021-09-09,"2021","Sep",Sep 2021,"LXN","0244","14","LXND2109-14","LXCOLL_20210909_1_0244_1",51.18,"(50,55]","No","F","2","No","N","OldStage=Z;","Proofed"
2021-09-09,"2021","Sep",Sep 2021,"LXN","0244","15","LXND2109-15","LXCOLL_20210909_1_0244_1",67.7,"(65,70]","No","F","2","No","N","OldStage=Z;","Proofed"
2021-10-05,"2021","Oct",Oct 2021,"LXN","0242","01","LXND2110-01","LXCOLL_20211005_1_0242_1",58.66,"(55,60]","No","F","2","No","N","OldStage=Z;","Proofed"
2021-10-05,"2021","Oct",Oct 2021,"LXN","0242","02","LXND2110-02","LXCOLL_20211005_1_0242_1",57.29,"(55,60]","No","F","2","No","N","OldStage=Z;","Proofed"
2021-10-05,"2021","Oct",Oct 2021,"LXN","0242","03","LXND2110-03","LXCOLL_20211005_1_0242_1",50.26,"(50,55]","No","M","2","No","N","OldStage=Z;","Proofed"
2021-10-05,"2021","Oct",Oct 2021,"LXN","0242","04","LXND2110-04","LXCOLL_20211005_1_0242_1",54.1,"(50,55]","No","F","2","No","N","OldStage=Z;","Proofed"
2021-10-05,"2021","Oct",Oct 2021,"LXN","0242","05","LXND2110-05","LXCOLL_20211005_1_0242_1",42.21,"(40,45]","No","M","2","No","N","OldStage=Z;","Proofed"
2021-10-05,"2021","Oct",Oct 2021,"LXN","0243","06","LXND2110-06","LXCOLL_20211005_1_0243_1",66.98,"(65,70]","No","F","2","No","N","OldStage=Z;","Proofed"
2021-10-05,"2021","Oct",Oct 2021,"LXN","0243","07","LXND2110-07","LXCOLL_20211005_1_0243_1",61.37,"(60,65]","No","M","2","No","N","OldStage=Z;","Proofed"
2021-10-05,"2021","Oct",Oct 2021,"LXN","0243","08","LXND2110-08","LXCOLL_20211005_1_0243_1",51.55,"(50,55]","No","M","2","No","N","OldStage=Z;","Proofed"
2021-10-05,"2021","Oct",Oct 2021,"LXN","0243","09","LXND2110-09","LXCOLL_20211005_1_0243_1",64.77,"(60,65]","No","M","2","No","N","OldStage=Z;","Proofed"
2021-10-05,"2021","Oct",Oct 2021,"LXN","0243","10","LXND2110-10","LXCOLL_20211005_1_0243_1",63.05,"(60,65]","No","F","2","No","N","OldStage=Z;","Proofed"
2021-10-05,"2021","Oct",Oct 2021,"LXN","0244","11","LXND2110-11","LXCOLL_20211005_1_0244_1",47.83,"(45,50]","No","F","2","No","N","OldStage=Z;","Proofed"
2021-10-05,"2021","Oct",Oct 2021,"LXN","0244","12","LXND2110-12","LXCOLL_20211005_1_0244_1",50.4,"(50,55]","No","F","2","No","N","OldStage=Z;","Proofed"
2021-10-05,"2021","Oct",Oct 2021,"LXN","0244","13","LXND2110-13","LXCOLL_20211005_1_0244_1",57.82,"(55,60]","No","F","2","No","N","OldStage=Z;","Proofed"
2021-10-05,"2021","Oct",Oct 2021,"LXN","0244","14","LXND2110-14","LXCOLL_20211005_1_0244_1",57.02,"(55,60]","No","F","2","No","N","OldStage=Z;","Proofed"
2021-10-05,"2021","Oct",Oct 2021,"LXN","0244","15","LXND2110-15","LXCOLL_20211005_1_0244_1",55.25,"(55,60]","No","F","2","No","N","OldStage=Z;","Proofed"
2021-11-03,"2021","Nov",Nov 2021,"LXN","0242","01","LXND2111-01","LXCOLL_20211103_1_0242_1",55.36,"(55,60]","No","F","3","No","N","OldStage=Z;","Proofed"
2021-11-03,"2021","Nov",Nov 2021,"LXN","0242","02","LXND2111-02","LXCOLL_20211103_1_0242_1",62.04,"(60,65]","No","F","3","No","N","OldStage=Z;","Proofed"
2021-11-03,"2021","Nov",Nov 2021,"LXN","0242","03","LXND2111-03","LXCOLL_20211103_1_0242_1",53.66,"(50,55]","No","Z","4","No","N","OldStage=Z;","Proofed"
2021-11-03,"2021","Nov",Nov 2021,"LXN","0242","04","LXND2111-04","LXCOLL_20211103_1_0242_1",51.45,"(50,55]","No","F","2","No","N","OldStage=Z;","Proofed"
2021-11-03,"2021","Nov",Nov 2021,"LXN","0242","05","LXND2111-05","LXCOLL_20211103_1_0242_1",42.62,"(40,45]","No","F","3","No","N","OldStage=Z;","Proofed"
2021-11-03,"2021","Nov",Nov 2021,"LXN","0243","06","LXND2111-06","LXCOLL_20211103_1_0243_1",55.23,"(55,60]","No","F","3","No","N","OldStage=Z;","Proofed"
2021-11-03,"2021","Nov",Nov 2021,"LXN","0243","07","LXND2111-07","LXCOLL_20211103_1_0243_1",64.24,"(60,65]","No","F","2","No","N","OldStage=Z;","Proofed"
2021-11-03,"2021","Nov",Nov 2021,"LXN","0243","08","LXND2111-08","LXCOLL_20211103_1_0243_1",47.91,"(45,50]","No","Z","4","No","Y","OldStage=Z;","Proofed"
2021-11-03,"2021","Nov",Nov 2021,"LXN","0243","09","LXND2111-09","LXCOLL_20211103_1_0243_1",58.49,"(55,60]","No","M","2","No","N","OldStage=Z;","Proofed"
2021-11-03,"2021","Nov",Nov 2021,"LXN","0243","10","LXND2111-10","LXCOLL_20211103_1_0243_1",49.22,"(45,50]","No","M","2","Yes","N","OldStage=Z;","Proofed"
2021-11-03,"2021","Nov",Nov 2021,"LXN","0244","11","LXND2111-11","LXCOLL_20211103_1_0244_1",59.19,"(55,60]","No","F","2","No","N","OldStage=Z;","Proofed"
2021-11-03,"2021","Nov",Nov 2021,"LXN","0244","12","LXND2111-12","LXCOLL_20211103_1_0244_1",57.24,"(55,60]","No","F","2","Yes","N","OldStage=Z;","Proofed"
2021-11-03,"2021","Nov",Nov 2021,"LXN","0244","13","LXND2111-13","LXCOLL_20211103_1_0244_1",66.83,"(65,70]","No","F","2","No","N","OldStage=Z;","Proofed"
2021-11-03,"2021","Nov",Nov 2021,"LXN","0244","14","LXND2111-14","LXCOLL_20211103_1_0244_1",57.8,"(55,60]","No","F","2","No","N","OldStage=Z;","Proofed"
2021-11-03,"2021","Nov",Nov 2021,"LXN","0244","15","LXND2111-15","LXCOLL_20211103_1_0244_1",51.25,"(50,55]","No","F","2","No","N","OldStage=Z;","Proofed"
2021-12-07,"2021","Dec",Dec 2021,"LXN","0242","01","LXND2112-01","LXCOLL_20211207_1_0242_1",43.13,"(40,45]","No","F","3","No","N","OldStage=Z;","Proofed"
2021-12-07,"2021","Dec",Dec 2021,"LXN","0242","02","LXND2112-02","LXCOLL_20211207_1_0242_1",46.94,"(45,50]","No","F","3","No","N","OldStage=Z;","Proofed"
2021-12-07,"2021","Dec",Dec 2021,"LXN","0242","03","LXND2112-03","LXCOLL_20211207_1_0242_1",57.81,"(55,60]","No","Z","4","No","N","OldStage=Z;","Proofed"
2021-12-07,"2021","Dec",Dec 2021,"LXN","0242","04","LXND2112-04","LXCOLL_20211207_1_0242_1",41.82,"(40,45]","No","F","1","No","N","OldStage=Z;","Proofed"
2021-12-07,"2021","Dec",Dec 2021,"LXN","0242","05","LXND2112-05","LXCOLL_20211207_1_0242_1",54.23,"(50,55]","No","Z","4","No","N","OldStage=Z;","Proofed"
2021-12-07,"2021","Dec",Dec 2021,"LXN","0243","06","LXND2112-06","LXCOLL_20211207_1_0243_1",45.49,"(45,50]","No","Z","4","No","N","OldStage=Z;","Proofed"
2021-12-07,"2021","Dec",Dec 2021,"LXN","0243","07","LXND2112-07","LXCOLL_20211207_1_0243_1",50.78,"(50,55]","No","Z","4","No","N","OldStage=Z;","Proofed"
2021-12-07,"2021","Dec",Dec 2021,"LXN","0243","08","LXND2112-08","LXCOLL_20211207_1_0243_1",53.99,"(50,55]","No","Z","Z","No","Y","OldStage=Z;","Proofed"
2021-12-07,"2021","Dec",Dec 2021,"LXN","0243","09","LXND2112-09","LXCOLL_20211207_1_0243_1",62.94,"(60,65]","No","Z","4","No","N","OldStage=Z;","Proofed"
2021-12-07,"2021","Dec",Dec 2021,"LXN","0243","10","LXND2112-10","LXCOLL_20211207_1_0243_1",63.24,"(60,65]","No","Z","4","No","N","OldStage=Z;","Proofed"
2021-12-07,"2021","Dec",Dec 2021,"LXN","0244","11","LXND2112-11","LXCOLL_20211207_1_0244_1",43.43,"(40,45]","No","Z","4","No","N","OldStage=Z;","Proofed"
2021-12-07,"2021","Dec",Dec 2021,"LXN","0244","12","LXND2112-12","LXCOLL_20211207_1_0244_1",52.65,"(50,55]","No","F","3","No","N","OldStage=Z;","Proofed"
2021-12-07,"2021","Dec",Dec 2021,"LXN","0244","13","LXND2112-13","LXCOLL_20211207_1_0244_1",50.22,"(50,55]","No","F","3","No","N","OldStage=Z;","Proofed"
2021-12-07,"2021","Dec",Dec 2021,"LXN","0244","14","LXND2112-14","LXCOLL_20211207_1_0244_1",51.12,"(50,55]","No","Z","4","No","N","OldStage=Z;","Proofed"
2021-12-07,"2021","Dec",Dec 2021,"LXN","0244","15","LXND2112-15","LXCOLL_20211207_1_0244_1",56.65,"(55,60]","No","Z","4","Yes","N","OldStage=Z;","Proofed"
2022-01-11,"2022","Jan",Jan 2022,"LXN","0242","01","LXND2201-01","LXCOLL_20220111_1_0242_1",55.24,"(55,60]","No","Z","4","No","N",NA,"Proofed"
2022-01-11,"2022","Jan",Jan 2022,"LXN","0242","02","LXND2201-02","LXCOLL_20220111_1_0242_1",58.18,"(55,60]","No","Z","4","No","N",NA,"Proofed"
2022-01-11,"2022","Jan",Jan 2022,"LXN","0242","03","LXND2201-03","LXCOLL_20220111_1_0242_1",46.39,"(45,50]","No","F","1","No","N",NA,"Proofed"
2022-01-11,"2022","Jan",Jan 2022,"LXN","0242","04","LXND2201-04","LXCOLL_20220111_1_0242_1",45.82,"(45,50]","No","Z","4","No","N",NA,"Proofed"
2022-01-11,"2022","Jan",Jan 2022,"LXN","0242","05","LXND2201-05","LXCOLL_20220111_1_0242_1",42.38,"(40,45]","No","Z","4","No","N",NA,"Proofed"
2022-01-11,"2022","Jan",Jan 2022,"LXN","0243","06","LXND2201-06","LXCOLL_20220111_1_0243_1",55.13,"(55,60]","No","Z","4","No","N",NA,"Proofed"
2022-01-11,"2022","Jan",Jan 2022,"LXN","0243","07","LXND2201-07","LXCOLL_20220111_1_0243_1",53.36,"(50,55]","No","Z","4","No","N",NA,"Proofed"
2022-01-11,"2022","Jan",Jan 2022,"LXN","0243","08","LXND2201-08","LXCOLL_20220111_1_0243_1",45.98,"(45,50]","No","Z","4","No","N",NA,"Proofed"
2022-01-11,"2022","Jan",Jan 2022,"LXN","0243","09","LXND2201-09","LXCOLL_20220111_1_0243_1",49.77,"(45,50]","No","Z","4","No","N",NA,"Proofed"
2022-01-11,"2022","Jan",Jan 2022,"LXN","0243","10","LXND2201-10","LXCOLL_20220111_1_0243_1",46.47,"(45,50]","No","F","1","No","N",NA,"Proofed"
2022-01-11,"2022","Jan",Jan 2022,"LXN","0244","11","LXND2201-11","LXCOLL_20220111_1_0244_1",45.39,"(45,50]","No","Z","4","No","N",NA,"Proofed"
2022-01-11,"2022","Jan",Jan 2022,"LXN","0244","12","LXND2201-12","LXCOLL_20220111_1_0244_1",55.95,"(55,60]","No","Z","4","No","N",NA,"Proofed"
2022-01-11,"2022","Jan",Jan 2022,"LXN","0244","13","LXND2201-13","LXCOLL_20220111_1_0244_1",52.25,"(50,55]","No","Z","4","No","N",NA,"Proofed"
2022-01-11,"2022","Jan",Jan 2022,"LXN","0244","14","LXND2201-14","LXCOLL_20220111_1_0244_1",52.52,"(50,55]","No","F","1","No","N",NA,"Proofed"
2022-01-11,"2022","Jan",Jan 2022,"LXN","0244","15","LXND2201-15","LXCOLL_20220111_1_0244_1",40.29,"(40,45]","No","F","1","Yes","N",NA,"Proofed"
2022-02-09,"2022","Feb",Feb 2022,"LXN","0242","01","LXND2202-01","LXCOLL_20220209_1_0242_1",57.49,"(55,60]","No","F","1","No","N",NA,"Proofed"
2022-02-09,"2022","Feb",Feb 2022,"LXN","0242","02","LXND2202-02","LXCOLL_20220209_1_0242_1",66.04,"(65,70]","No","F","1","No","N",NA,"Proofed"
2022-02-09,"2022","Feb",Feb 2022,"LXN","0242","03","LXND2202-03","LXCOLL_20220209_1_0242_1",44,"(40,45]","No","Z","4","No","N",NA,"Proofed"
2022-02-09,"2022","Feb",Feb 2022,"LXN","0242","04","LXND2202-04","LXCOLL_20220209_1_0242_1",48.19,"(45,50]","No","Z","4","No","N",NA,"Proofed"
2022-02-09,"2022","Feb",Feb 2022,"LXN","0242","05","LXND2202-05","LXCOLL_20220209_1_0242_1",53.62,"(50,55]","No","Z","4","No","N",NA,"Proofed"
2022-02-09,"2022","Feb",Feb 2022,"LXN","0243","06","LXND2202-06","LXCOLL_20220209_1_0243_1",60.36,"(60,65]","No","Z","4","No","N",NA,"Proofed"
2022-02-09,"2022","Feb",Feb 2022,"LXN","0243","07","LXND2202-07","LXCOLL_20220209_1_0243_1",68.5,"(65,70]","No","Z","4","No","N",NA,"Proofed"
2022-02-09,"2022","Feb",Feb 2022,"LXN","0243","08","LXND2202-08","LXCOLL_20220209_1_0243_1",54.65,"(50,55]","No","F","1","Yes","N",NA,"Proofed"
2022-02-09,"2022","Feb",Feb 2022,"LXN","0243","09","LXND2202-09","LXCOLL_20220209_1_0243_1",53.76,"(50,55]","No","F","1","No","N",NA,"Proofed"
2022-02-09,"2022","Feb",Feb 2022,"LXN","0243","10","LXND2202-10","LXCOLL_20220209_1_0243_1",54.8,"(50,55]","No","M","3","No","N",NA,"Proofed"
2022-02-09,"2022","Feb",Feb 2022,"LXN","0244","11","LXND2202-11","LXCOLL_20220209_1_0244_1",70.15,"(70,75]","No","F","1","No","N",NA,"Proofed"
2022-02-09,"2022","Feb",Feb 2022,"LXN","0244","12","LXND2202-12","LXCOLL_20220209_1_0244_1",54.52,"(50,55]","No","Z","4","Yes","N",NA,"Proofed"
2022-02-09,"2022","Feb",Feb 2022,"LXN","0244","13","LXND2202-13","LXCOLL_20220209_1_0244_1",47.43,"(45,50]","No","Z","4","No","N",NA,"Proofed"
2022-02-09,"2022","Feb",Feb 2022,"LXN","0244","14","LXND2202-14","LXCOLL_20220209_1_0244_1",42.17,"(40,45]","No","F","1","No","N",NA,"Proofed"
2022-02-09,"2022","Feb",Feb 2022,"LXN","0244","15","LXND2202-15","LXCOLL_20220209_1_0244_1",38.76,"(35,40]","No","Z","4","No","N",NA,"Proofed"
2022-03-09,"2022","Mar",Mar 2022,"LXN","0242","01","LXND2203-01","LXCOLL_20220309_1_0242_1",45.75,"(45,50]","No","M",NA,"Yes","N",NA,"Proofed"
2022-03-09,"2022","Mar",Mar 2022,"LXN","0242","02","LXND2203-02","LXCOLL_20220309_1_0242_1",52.46,"(50,55]","No","Z",NA,"No","Y",NA,"Proofed"
2022-03-09,"2022","Mar",Mar 2022,"LXN","0242","03","LXND2203-03","LXCOLL_20220309_1_0242_1",48.47,"(45,50]","No","Z","4","No","N",NA,"Proofed"
2022-03-09,"2022","Mar",Mar 2022,"LXN","0242","04","LXND2203-04","LXCOLL_20220309_1_0242_1",42.27,"(40,45]","No","F","1","No","N",NA,"Proofed"
2022-03-09,"2022","Mar",Mar 2022,"LXN","0242","05","LXND2203-05","LXCOLL_20220309_1_0242_1",48.72,"(45,50]","No","M","2","No","N",NA,"Proofed"
2022-03-09,"2022","Mar",Mar 2022,"LXN","0243","06","LXND2203-06","LXCOLL_20220309_1_0243_1",50.83,"(50,55]","No","Z","4","No","N",NA,"Proofed"
2022-03-09,"2022","Mar",Mar 2022,"LXN","0243","07","LXND2203-07","LXCOLL_20220309_1_0243_1",55.23,"(55,60]","No","F","1","No","N",NA,"Proofed"
2022-03-09,"2022","Mar",Mar 2022,"LXN","0243","08","LXND2203-08","LXCOLL_20220309_1_0243_1",55.83,"(55,60]","No","Z",NA,"No","Y",NA,"Proofed"
2022-03-09,"2022","Mar",Mar 2022,"LXN","0243","09","LXND2203-09","LXCOLL_20220309_1_0243_1",49.02,"(45,50]","No","Z",NA,"No","Y",NA,"Proofed"
2022-03-09,"2022","Mar",Mar 2022,"LXN","0243","10","LXND2203-10","LXCOLL_20220309_1_0243_1",55.7,"(55,60]","No","Z",NA,"No","Y",NA,"Proofed"
2022-03-09,"2022","Mar",Mar 2022,"LXN","0244","11","LXND2203-11","LXCOLL_20220309_1_0244_1",53.32,"(50,55]","No","F","2","No","N",NA,"Proofed"
2022-03-09,"2022","Mar",Mar 2022,"LXN","0244","12","LXND2203-12","LXCOLL_20220309_1_0244_1",67.44,"(65,70]","No","Z","4","No","N",NA,"Proofed"
2022-03-09,"2022","Mar",Mar 2022,"LXN","0244","13","LXND2203-13","LXCOLL_20220309_1_0244_1",50.66,"(50,55]","No","M","2","No","N",NA,"Proofed"
2022-03-09,"2022","Mar",Mar 2022,"LXN","0244","14","LXND2203-14","LXCOLL_20220309_1_0244_1",53.91,"(50,55]","No","F","2","No","N",NA,"Proofed"
2022-03-09,"2022","Mar",Mar 2022,"LXN","0244","15","LXND2203-15","LXCOLL_20220309_1_0244_1",62.06,"(60,65]","No","Z",NA,"No","Y",NA,"Proofed"
2022-04-05,"2022","Apr",Apr 2022,"LXN","0242","01","LXND2204-01","LXCOLL_20220405_1_0242_1",55.81,"(55,60]","No","F","3","Yes","N",NA,"Proofed"
2022-04-05,"2022","Apr",Apr 2022,"LXN","0242","02","LXND2204-02","LXCOLL_20220405_1_0242_1",44.43,"(40,45]","No","Z","Z","Buceph","Y",NA,"Proofed"
2022-04-05,"2022","Apr",Apr 2022,"LXN","0242","03","LXND2204-03","LXCOLL_20220405_1_0242_1",43.89,"(40,45]","No","F","2","No","N",NA,"Proofed"
2022-04-05,"2022","Apr",Apr 2022,"LXN","0242","04","LXND2204-04","LXCOLL_20220405_1_0242_1",63.26,"(60,65]","No","Z","4","Yes","N",NA,"Proofed"
2022-04-05,"2022","Apr",Apr 2022,"LXN","0242","05","LXND2204-05","LXCOLL_20220405_1_0242_1",47.63,"(45,50]","No","M","2","No","N",NA,"Proofed"
2022-04-05,"2022","Apr",Apr 2022,"LXN","0243","06","LXND2204-06","LXCOLL_20220405_1_0243_1",46.06,"(45,50]","No","M","2","No","N",NA,"Proofed"
2022-04-05,"2022","Apr",Apr 2022,"LXN","0243","07","LXND2204-07","LXCOLL_20220405_1_0243_1",60.45,"(60,65]","No","F","2","No","N",NA,"Proofed"
2022-04-05,"2022","Apr",Apr 2022,"LXN","0243","08","LXND2204-08","LXCOLL_20220405_1_0243_1",56.18,"(55,60]","No","F","2","No","N",NA,"Proofed"
2022-04-05,"2022","Apr",Apr 2022,"LXN","0243","09","LXND2204-09","LXCOLL_20220405_1_0243_1",61.8,"(60,65]","No","F","1","Yes","N",NA,"Proofed"
2022-04-05,"2022","Apr",Apr 2022,"LXN","0243","10","LXND2204-10","LXCOLL_20220405_1_0243_1",56.18,"(55,60]","No","M","1","No","N",NA,"Proofed"
2022-04-05,"2022","Apr",Apr 2022,"LXN","0244","11","LXND2204-11","LXCOLL_20220405_1_0244_1",60.47,"(60,65]","No","F","2","No","N",NA,"Proofed"
2022-04-05,"2022","Apr",Apr 2022,"LXN","0244","12","LXND2204-12","LXCOLL_20220405_1_0244_1",60.11,"(60,65]","No","F","2","No","N",NA,"Proofed"
2022-04-05,"2022","Apr",Apr 2022,"LXN","0244","13","LXND2204-13","LXCOLL_20220405_1_0244_1",60.41,"(60,65]","No","M","2","No","N",NA,"Proofed"
2022-04-05,"2022","Apr",Apr 2022,"LXN","0244","14","LXND2204-14","LXCOLL_20220405_1_0244_1",79.46,"(75,80]","No","F","3","Yes","N",NA,"Proofed"
2022-04-05,"2022","Apr",Apr 2022,"LXN","0244","15","LXND2204-15","LXCOLL_20220405_1_0244_1",42.95,"(40,45]","No","M","2","Yes","N",NA,"Proofed"
2022-05-03,"2022","May",May 2022,"LXN","0242","01","LXND2205-01","LXCOLL_20220503_1_0242_1",53.06,"(50,55]","No","M","2","No","N",NA,"Proofed"
2022-05-03,"2022","May",May 2022,"LXN","0242","02","LXND2205-02","LXCOLL_20220503_1_0242_1",51.1,"(50,55]","No","F","2","No","N",NA,"Proofed"
2022-05-03,"2022","May",May 2022,"LXN","0242","03","LXND2205-03","LXCOLL_20220503_1_0242_1",47.49,"(45,50]","No","F","2","No","N",NA,"Proofed"
2022-05-03,"2022","May",May 2022,"LXN","0242","04","LXND2205-04","LXCOLL_20220503_1_0242_1",57.21,"(55,60]","No","F","2","No","N",NA,"Proofed"
2022-05-03,"2022","May",May 2022,"LXN","0242","05","LXND2205-05","LXCOLL_20220503_1_0242_1",43.5,"(40,45]","No","F","2","Yes","N",NA,"Proofed"
2022-05-03,"2022","May",May 2022,"LXN","0243","06","LXND2205-06","LXCOLL_20220503_1_0243_1",54.53,"(50,55]","No","F","3","No","N",NA,"Proofed"
2022-05-03,"2022","May",May 2022,"LXN","0243","07","LXND2205-07","LXCOLL_20220503_1_0243_1",78.31,"(75,80]","No","F","2","No","N",NA,"Proofed"
2022-05-03,"2022","May",May 2022,"LXN","0243","08","LXND2205-08","LXCOLL_20220503_1_0243_1",63.81,"(60,65]","No","Z","4","Yes","N",NA,"Proofed"
2022-05-03,"2022","May",May 2022,"LXN","0243","09","LXND2205-09","LXCOLL_20220503_1_0243_1",56.3,"(55,60]","No","M","2","No","N",NA,"Proofed"
2022-05-03,"2022","May",May 2022,"LXN","0243","10","LXND2205-10","LXCOLL_20220503_1_0243_1",56.24,"(55,60]","No","Z","4","No","N",NA,"Proofed"
2022-05-03,"2022","May",May 2022,"LXN","0244","11","LXND2205-11","LXCOLL_20220503_1_0244_1",49.65,"(45,50]","No","F","2","No","N",NA,"Proofed"
2022-05-03,"2022","May",May 2022,"LXN","0244","12","LXND2205-12","LXCOLL_20220503_1_0244_1",56.07,"(55,60]","No","Z","4","Yes","N",NA,"Proofed"
2022-05-03,"2022","May",May 2022,"LXN","0244","13","LXND2205-13","LXCOLL_20220503_1_0244_1",52.16,"(50,55]","No","Z","4","No","N",NA,"Proofed"
2022-05-03,"2022","May",May 2022,"LXN","0244","14","LXND2205-14","LXCOLL_20220503_1_0244_1",57.69,"(55,60]","No","Z","4","Yes","N",NA,"Proofed"
2022-05-03,"2022","May",May 2022,"LXN","0244","15","LXND2205-15","LXCOLL_20220503_1_0244_1",52.19,"(50,55]","No","F","2","No","N",NA,"Proofed"
2022-06-08,"2022","Jun",Jun 2022,"LXN","0242","01","LXND2206-01","LXCOLL_20220608_1_0242_1",48.66,"(45,50]","No","M","2","No","N",NA,"Proofed"
2022-06-08,"2022","Jun",Jun 2022,"LXN","0242","02","LXND2206-02","LXCOLL_20220608_1_0242_1",44.5,"(40,45]","No","Z","4","No","N",NA,"Proofed"
2022-06-08,"2022","Jun",Jun 2022,"LXN","0242","03","LXND2206-03","LXCOLL_20220608_1_0242_1",47.81,"(45,50]","No","F","2","No","N",NA,"Proofed"
2022-06-08,"2022","Jun",Jun 2022,"LXN","0242","04","LXND2206-04","LXCOLL_20220608_1_0242_1",50.25,"(50,55]","No","M","2","No","N",NA,"Proofed"
2022-06-08,"2022","Jun",Jun 2022,"LXN","0242","05","LXND2206-05","LXCOLL_20220608_1_0242_1",49.85,"(45,50]","No","F","2","No","N",NA,"Proofed"
2022-06-08,"2022","Jun",Jun 2022,"LXN","0243","06","LXND2206-06","LXCOLL_20220608_1_0243_1",68.26,"(65,70]","No","F","2","No","N",NA,"Proofed"
2022-06-08,"2022","Jun",Jun 2022,"LXN","0243","07","LXND2206-07","LXCOLL_20220608_1_0243_1",52.14,"(50,55]","No","M","2","No","N",NA,"Proofed"
2022-06-08,"2022","Jun",Jun 2022,"LXN","0243","08","LXND2206-08","LXCOLL_20220608_1_0243_1",50.88,"(50,55]","No","M","2","No","N",NA,"Proofed"
2022-06-08,"2022","Jun",Jun 2022,"LXN","0243","09","LXND2206-09","LXCOLL_20220608_1_0243_1",56.13,"(55,60]","No","F","2","No","N",NA,"Proofed"
2022-06-08,"2022","Jun",Jun 2022,"LXN","0243","10","LXND2206-10","LXCOLL_20220608_1_0243_1",48.03,"(45,50]","No","F","2","No","N",NA,"Proofed"
2022-06-08,"2022","Jun",Jun 2022,"LXN","0244","11","LXND2206-11","LXCOLL_20220608_1_0244_1",61.55,"(60,65]","No","F","2","No","N",NA,"Proofed"
2022-06-08,"2022","Jun",Jun 2022,"LXN","0244","12","LXND2206-12","LXCOLL_20220608_1_0244_1",42.89,"(40,45]","No","F","2","No","N",NA,"Proofed"
2022-06-08,"2022","Jun",Jun 2022,"LXN","0244","13","LXND2206-13","LXCOLL_20220608_1_0244_1",38.41,"(35,40]","No","F","2","No","N",NA,"Proofed"
2022-06-08,"2022","Jun",Jun 2022,"LXN","0244","14","LXND2206-14","LXCOLL_20220608_1_0244_1",45.84,"(45,50]","No","M","2","No","N",NA,"Proofed"
2022-06-08,"2022","Jun",Jun 2022,"LXN","0244","15","LXND2206-15","LXCOLL_20220608_1_0244_1",35.59,"(35,40]","No","M","2","No","N",NA,"Proofed"
2022-07-05,"2022","Jul",Jul 2022,"LXN","0242","01","LXND2207-01","LXCOLL_20220705_1_0242_1",49.78,"(45,50]","No","F","2","No","N",NA,"Proofed"
2022-07-05,"2022","Jul",Jul 2022,"LXN","0242","02","LXND2207-02","LXCOLL_20220705_1_0242_1",48.7,"(45,50]","No","M","2","No","N",NA,"Proofed"
2022-07-05,"2022","Jul",Jul 2022,"LXN","0242","03","LXND2207-03","LXCOLL_20220705_1_0242_1",52.16,"(50,55]","No","F","2","No","N",NA,"Proofed"
2022-07-05,"2022","Jul",Jul 2022,"LXN","0242","04","LXND2207-04","LXCOLL_20220705_1_0242_1",42.75,"(40,45]","No","F","2","No","N",NA,"Proofed"
2022-07-05,"2022","Jul",Jul 2022,"LXN","0242","05","LXND2207-05","LXCOLL_20220705_1_0242_1",49.77,"(45,50]","No","F","2","No","N",NA,"Proofed"
2022-07-05,"2022","Jul",Jul 2022,"LXN","0243","06","LXND2207-06","LXCOLL_20220705_1_0243_1",67.27,"(65,70]","No","F","2","Yes","N",NA,"Proofed"
2022-07-05,"2022","Jul",Jul 2022,"LXN","0243","07","LXND2207-07","LXCOLL_20220705_1_0243_1",59.72,"(55,60]","No","F","2","No","N",NA,"Proofed"
2022-07-05,"2022","Jul",Jul 2022,"LXN","0243","08","LXND2207-08","LXCOLL_20220705_1_0243_1",62.49,"(60,65]","No","F","2","No","N",NA,"Proofed"
2022-07-05,"2022","Jul",Jul 2022,"LXN","0243","09","LXND2207-09","LXCOLL_20220705_1_0243_1",49.38,"(45,50]","No","M","2","No","N",NA,"Proofed"
2022-07-05,"2022","Jul",Jul 2022,"LXN","0243","10","LXND2207-10","LXCOLL_20220705_1_0243_1",46.26,"(45,50]","No","M","2","No","N",NA,"Proofed"
2022-07-05,"2022","Jul",Jul 2022,"LXN","0244","11","LXND2207-11","LXCOLL_20220705_1_0244_1",59.96,"(55,60]","No","F","2","No","N",NA,"Proofed"
2022-07-05,"2022","Jul",Jul 2022,"LXN","0244","12","LXND2207-12","LXCOLL_20220705_1_0244_1",54.43,"(50,55]","No","F","2","No","N",NA,"Proofed"
2022-07-05,"2022","Jul",Jul 2022,"LXN","0244","13","LXND2207-13","LXCOLL_20220705_1_0244_1",49.59,"(45,50]","No","F","2","No","N",NA,"Proofed"
2022-07-05,"2022","Jul",Jul 2022,"LXN","0244","14","LXND2207-14","LXCOLL_20220705_1_0244_1",52.5,"(50,55]","No","F","2","No","N",NA,"Proofed"
2022-07-05,"2022","Jul",Jul 2022,"LXN","0244","15","LXND2207-15","LXCOLL_20220705_1_0244_1",46.7,"(45,50]","No","F","2","No","N",NA,"Proofed"
2022-08-02,"2022","Aug",Aug 2022,"LXN","0242","01","LXND2208-01","LXCOLL_20220802_1_0242_1",56.77,"(55,60]","No","M","2","No","N",NA,"Proofed"
2022-08-02,"2022","Aug",Aug 2022,"LXN","0242","02","LXND2208-02","LXCOLL_20220802_1_0242_1",55.35,"(55,60]","No","F","2","No","N",NA,"Proofed"
2022-08-02,"2022","Aug",Aug 2022,"LXN","0242","03","LXND2208-03","LXCOLL_20220802_1_0242_1",49.22,"(45,50]","No","F","2","No","N",NA,"Proofed"
2022-08-02,"2022","Aug",Aug 2022,"LXN","0242","04","LXND2208-04","LXCOLL_20220802_1_0242_1",48.57,"(45,50]","No","F","2","No","N",NA,"Proofed"
2022-08-02,"2022","Aug",Aug 2022,"LXN","0242","05","LXND2208-05","LXCOLL_20220802_1_0242_1",50.89,"(50,55]","No","F","2","No","N",NA,"Proofed"
2022-08-02,"2022","Aug",Aug 2022,"LXN","0243","06","LXND2208-06","LXCOLL_20220802_1_0243_1",61.27,"(60,65]","No","F","2","No","N",NA,"Proofed"
2022-08-02,"2022","Aug",Aug 2022,"LXN","0243","07","LXND2208-07","LXCOLL_20220802_1_0243_1",65.33,"(65,70]","No","F","2","No","N",NA,"Proofed"
2022-08-02,"2022","Aug",Aug 2022,"LXN","0243","08","LXND2208-08","LXCOLL_20220802_1_0243_1",77.45,"(75,80]","No","F","2","No","N",NA,"Proofed"
2022-08-02,"2022","Aug",Aug 2022,"LXN","0243","09","LXND2208-09","LXCOLL_20220802_1_0243_1",51.19,"(50,55]","No","F","2","No","N",NA,"Proofed"
2022-08-02,"2022","Aug",Aug 2022,"LXN","0243","10","LXND2208-10","LXCOLL_20220802_1_0243_1",58.03,"(55,60]","No","F","2","Yes","N",NA,"Proofed"
2022-08-02,"2022","Aug",Aug 2022,"LXN","0244","11","LXND2208-11","LXCOLL_20220802_1_0244_1",44.69,"(40,45]","No","Z","4","No","N",NA,"Proofed"
2022-08-02,"2022","Aug",Aug 2022,"LXN","0244","12","LXND2208-12","LXCOLL_20220802_1_0244_1",44.41,"(40,45]","No","M","2","No","N",NA,"Proofed"
2022-08-02,"2022","Aug",Aug 2022,"LXN","0244","13","LXND2208-13","LXCOLL_20220802_1_0244_1",56.71,"(55,60]","No","F","2","No","N",NA,"Proofed"
2022-08-02,"2022","Aug",Aug 2022,"LXN","0244","14","LXND2208-14","LXCOLL_20220802_1_0244_1",57.06,"(55,60]","No","F","2","No","N",NA,"Proofed"
2022-08-02,"2022","Aug",Aug 2022,"LXN","0244","15","LXND2208-15","LXCOLL_20220802_1_0244_1",47.51,"(45,50]","No","F","2","No","N",NA,"Proofed"
2022-09-07,"2022","Sep",Sep 2022,"LXN","0242","01","LXND2209-01","LXCOLL_20220907_1_0242_1",41.69,"(40,45]","No","F","2","No","N",NA,"Proofed"
2022-09-07,"2022","Sep",Sep 2022,"LXN","0242","02","LXND2209-02","LXCOLL_20220907_1_0242_1",65.9,"(65,70]","No","F","2","No","N",NA,"Proofed"
2022-09-07,"2022","Sep",Sep 2022,"LXN","0242","03","LXND2209-03","LXCOLL_20220907_1_0242_1",62.03,"(60,65]","No","F","2","No","N",NA,"Proofed"
2022-09-07,"2022","Sep",Sep 2022,"LXN","0242","04","LXND2209-04","LXCOLL_20220907_1_0242_1",31.37,"(30,35]","No","M","2","No","N",NA,"Proofed"
2022-09-07,"2022","Sep",Sep 2022,"LXN","0242","05","LXND2209-05","LXCOLL_20220907_1_0242_1",56.53,"(55,60]","No","F","2","Yes","N",NA,"Proofed"
2022-09-07,"2022","Sep",Sep 2022,"LXN","0243","06","LXND2209-06","LXCOLL_20220907_1_0243_1",55.58,"(55,60]","No","F","2","No","N",NA,"Proofed"
2022-09-07,"2022","Sep",Sep 2022,"LXN","0243","07","LXND2209-07","LXCOLL_20220907_1_0243_1",40.65,"(40,45]","No","F","2","No","N",NA,"Proofed"
2022-09-07,"2022","Sep",Sep 2022,"LXN","0243","08","LXND2209-08","LXCOLL_20220907_1_0243_1",32.44,"(30,35]","No","F","2","No","N",NA,"Proofed"
2022-09-07,"2022","Sep",Sep 2022,"LXN","0243","09","LXND2209-09","LXCOLL_20220907_1_0243_1",50.84,"(50,55]","No","M","3","No","N",NA,"Proofed"
2022-09-07,"2022","Sep",Sep 2022,"LXN","0243","10","LXND2209-10","LXCOLL_20220907_1_0243_1",51.08,"(50,55]","No","F","2","No","N",NA,"Proofed"
2022-09-07,"2022","Sep",Sep 2022,"LXN","0244","11","LXND2209-11","LXCOLL_20220907_1_0244_1",44.69,"(40,45]","No","F","2","No","N",NA,"Proofed"
2022-09-07,"2022","Sep",Sep 2022,"LXN","0244","12","LXND2209-12","LXCOLL_20220907_1_0244_1",40.48,"(40,45]","No","F","2","No","N",NA,"Proofed"
2022-09-07,"2022","Sep",Sep 2022,"LXN","0244","13","LXND2209-13","LXCOLL_20220907_1_0244_1",59.02,"(55,60]","No","F","2","No","N",NA,"Proofed"
2022-09-07,"2022","Sep",Sep 2022,"LXN","0244","14","LXND2209-14","LXCOLL_20220907_1_0244_1",55.46,"(55,60]","No","F","2","No","N",NA,"Proofed"
2022-09-07,"2022","Sep",Sep 2022,"LXN","0244","15","LXND2209-15","LXCOLL_20220907_1_0244_1",54.24,"(50,55]","No","F","2","No","N",NA,"Proofed"
2022-10-10,"2022","Oct",Oct 2022,"LXN","0242","01","LXND2210-01","LXCOLL_20221010_1_0242_1",50.16,"(50,55]","No","F","3","No","N",NA,"Proofed"
2022-10-10,"2022","Oct",Oct 2022,"LXN","0242","02","LXND2210-02","LXCOLL_20221010_1_0242_1",48.7,"(45,50]","No","M","2","No","N",NA,"Proofed"
2022-10-10,"2022","Oct",Oct 2022,"LXN","0242","03","LXND2210-03","LXCOLL_20221010_1_0242_1",54.91,"(50,55]","No","F","3","No","N",NA,"Proofed"
2022-10-10,"2022","Oct",Oct 2022,"LXN","0242","04","LXND2210-04","LXCOLL_20221010_1_0242_1",48.25,"(45,50]","No","F",NA,"Yes","N",NA,"Proofed"
2022-10-10,"2022","Oct",Oct 2022,"LXN","0242","05","LXND2210-05","LXCOLL_20221010_1_0242_1",49.31,"(45,50]","No","F","2","No","N",NA,"Proofed"
2022-10-10,"2022","Oct",Oct 2022,"LXN","0243","06","LXND2210-06","LXCOLL_20221010_1_0243_1",61.44,"(60,65]","No","F","2","No","N",NA,"Proofed"
2022-10-10,"2022","Oct",Oct 2022,"LXN","0243","07","LXND2210-07","LXCOLL_20221010_1_0243_1",55.01,"(55,60]","No","F","2","No","N",NA,"Proofed"
2022-10-10,"2022","Oct",Oct 2022,"LXN","0243","08","LXND2210-08","LXCOLL_20221010_1_0243_1",61.19,"(60,65]","No","F","3","No","N",NA,"Proofed"
2022-10-10,"2022","Oct",Oct 2022,"LXN","0243","09","LXND2210-09","LXCOLL_20221010_1_0243_1",49.35,"(45,50]","No","M","2","Yes","N",NA,"Proofed"
2022-10-10,"2022","Oct",Oct 2022,"LXN","0243","10","LXND2210-10","LXCOLL_20221010_1_0243_1",54.37,"(50,55]","No","F","2","Yes","N",NA,"Proofed"
2022-10-10,"2022","Oct",Oct 2022,"LXN","0244","11","LXND2210-11","LXCOLL_20221010_1_0244_1",54.2,"(50,55]","No","F","2","No","N",NA,"Proofed"
2022-10-10,"2022","Oct",Oct 2022,"LXN","0244","12","LXND2210-12","LXCOLL_20221010_1_0244_1",58.63,"(55,60]","No","F","3","No","N",NA,"Proofed"
2022-10-10,"2022","Oct",Oct 2022,"LXN","0244","13","LXND2210-13","LXCOLL_20221010_1_0244_1",44.6,"(40,45]","No","F","3","No","N",NA,"Proofed"
2022-10-10,"2022","Oct",Oct 2022,"LXN","0244","14","LXND2210-14","LXCOLL_20221010_1_0244_1",72.58,"(70,75]","No","F","3","No","N",NA,"Proofed"
2022-10-10,"2022","Oct",Oct 2022,"LXN","0244","15","LXND2210-15","LXCOLL_20221010_1_0244_1",59.14,"(55,60]","No","Z","4","No","N",NA,"Proofed"
2022-11-14,"2022","Nov",Nov 2022,"LXN","0242","01","LXND2211-01","LXCOLL_20221114_1_0242_1",43.01,"(40,45]","No","M","2","No","N",NA,"Proofed"
2022-11-14,"2022","Nov",Nov 2022,"LXN","0242","02","LXND2211-02","LXCOLL_20221114_1_0242_1",52.97,"(50,55]","No","F","2","No","N",NA,"Proofed"
2022-11-14,"2022","Nov",Nov 2022,"LXN","0242","03","LXND2211-03","LXCOLL_20221114_1_0242_1",50.52,"(50,55]","No","M","2","No","N",NA,"Proofed"
2022-11-14,"2022","Nov",Nov 2022,"LXN","0242","04","LXND2211-04","LXCOLL_20221114_1_0242_1",57.91,"(55,60]","No","F","3","Yes","N",NA,"Proofed"
2022-11-14,"2022","Nov",Nov 2022,"LXN","0242","05","LXND2211-05","LXCOLL_20221114_1_0242_1",60.39,"(60,65]","No","Z","4","Yes","N",NA,"Proofed"
2022-11-14,"2022","Nov",Nov 2022,"LXN","0243","06","LXND2211-06","LXCOLL_20221114_1_0243_1",51.99,"(50,55]","No","Z","4","Yes","Y",NA,"Proofed"
2022-11-14,"2022","Nov",Nov 2022,"LXN","0243","07","LXND2211-07","LXCOLL_20221114_1_0243_1",52.57,"(50,55]","No","F","2","No","N",NA,"Proofed"
2022-11-14,"2022","Nov",Nov 2022,"LXN","0243","08","LXND2211-08","LXCOLL_20221114_1_0243_1",46.48,"(45,50]","No","F","3","No","N",NA,"Proofed"
2022-11-14,"2022","Nov",Nov 2022,"LXN","0243","09","LXND2211-09","LXCOLL_20221114_1_0243_1",43.49,"(40,45]","No","Z","4","Yes","N",NA,"Proofed"
2022-11-14,"2022","Nov",Nov 2022,"LXN","0243","10","LXND2211-10","LXCOLL_20221114_1_0243_1",58.81,"(55,60]","No","Z","4","No","N",NA,"Proofed"
2022-11-14,"2022","Nov",Nov 2022,"LXN","0244","11","LXND2211-11","LXCOLL_20221114_1_0244_1",56.09,"(55,60]","No","Z","4","No","N",NA,"Proofed"
2022-11-14,"2022","Nov",Nov 2022,"LXN","0244","12","LXND2211-12","LXCOLL_20221114_1_0244_1",41.32,"(40,45]","No","Z","4","No","N",NA,"Proofed"
2022-11-14,"2022","Nov",Nov 2022,"LXN","0244","13","LXND2211-13","LXCOLL_20221114_1_0244_1",46.26,"(45,50]","No","Z",NA,"No","Y",NA,"Proofed"
2022-11-14,"2022","Nov",Nov 2022,"LXN","0244","14","LXND2211-14","LXCOLL_20221114_1_0244_1",41.42,"(40,45]","No","Z","4","No","Y",NA,"Proofed"
2022-11-14,"2022","Nov",Nov 2022,"LXN","0244","15","LXND2211-15","LXCOLL_20221114_1_0244_1",59.26,"(55,60]","No","F","3","No","N",NA,"Proofed"
2022-12-06,"2022","Dec",Dec 2022,"LXN","0242","01","LXND2212-01","LXCOLL_20221206_1_0242_1",48.57,"(45,50]","No","F","3","No","N",NA,"Proofed"
2022-12-06,"2022","Dec",Dec 2022,"LXN","0242","02","LXND2212-02","LXCOLL_20221206_1_0242_1",50.13,"(50,55]","No","Z","4","No","N",NA,"Proofed"
2022-12-06,"2022","Dec",Dec 2022,"LXN","0242","03","LXND2212-03","LXCOLL_20221206_1_0242_1",44.69,"(40,45]","No","Z","4","No","N",NA,"Proofed"
2022-12-06,"2022","Dec",Dec 2022,"LXN","0242","04","LXND2212-04","LXCOLL_20221206_1_0242_1",34.63,"(30,35]","No","F","1","No","N",NA,"Proofed"
2022-12-06,"2022","Dec",Dec 2022,"LXN","0242","05","LXND2212-05","LXCOLL_20221206_1_0242_1",57.18,"(55,60]","No","Z",NA,"No","Y",NA,"Proofed"
2022-12-06,"2022","Dec",Dec 2022,"LXN","0243","06","LXND2212-06","LXCOLL_20221206_1_0243_1",59.36,"(55,60]","No","F","2","No","N",NA,"Proofed"
2022-12-06,"2022","Dec",Dec 2022,"LXN","0243","07","LXND2212-07","LXCOLL_20221206_1_0243_1",55.05,"(55,60]","No","F","1","Yes","N",NA,"Proofed"
2022-12-06,"2022","Dec",Dec 2022,"LXN","0243","08","LXND2212-08","LXCOLL_20221206_1_0243_1",88.45,"(85,90]","No","Z","4","Yes","N",NA,"Proofed"
2022-12-06,"2022","Dec",Dec 2022,"LXN","0243","09","LXND2212-09","LXCOLL_20221206_1_0243_1",55.15,"(55,60]","No","F","3","No","N",NA,"Proofed"
2022-12-06,"2022","Dec",Dec 2022,"LXN","0243","10","LXND2212-10","LXCOLL_20221206_1_0243_1",63.15,"(60,65]","No","Z","4","No","N",NA,"Proofed"
2022-12-06,"2022","Dec",Dec 2022,"LXN","0244","11","LXND2212-11","LXCOLL_20221206_1_0244_1",46.11,"(45,50]","No","Z","4","No","N",NA,"Proofed"
2022-12-06,"2022","Dec",Dec 2022,"LXN","0244","12","LXND2212-12","LXCOLL_20221206_1_0244_1",50.24,"(50,55]","No","Z","4","No","N",NA,"Proofed"
2022-12-06,"2022","Dec",Dec 2022,"LXN","0244","13","LXND2212-13","LXCOLL_20221206_1_0244_1",38.59,"(35,40]","No","M","3","Yes","N",NA,"Proofed"
2022-12-06,"2022","Dec",Dec 2022,"LXN","0244","14","LXND2212-14","LXCOLL_20221206_1_0244_1",46.37,"(45,50]","No","Z","4","No","N",NA,"Proofed"
2022-12-06,"2022","Dec",Dec 2022,"LXN","0244","15","LXND2212-15","LXCOLL_20221206_1_0244_1",54.84,"(50,55]","No","Z","4","Yes","N",NA,"Proofed"
2023-01-04,"2023","Jan",Jan 2023,"LXN","0242","01","LXND2301-01","LXCOLL_20230104_1_0242_1",45.42,"(45,50]","No","Z","4","No","N",NA,"Completed"
2023-01-04,"2023","Jan",Jan 2023,"LXN","0242","02","LXND2301-02","LXCOLL_20230104_1_0242_1",33,"(30,35]","No","Z","Z","No","Y",NA,"Completed"
2023-01-04,"2023","Jan",Jan 2023,"LXN","0242","03","LXND2301-03","LXCOLL_20230104_1_0242_1",51.46,"(50,55]","No","Z","4","No","N",NA,"Completed"
2023-01-04,"2023","Jan",Jan 2023,"LXN","0242","04","LXND2301-04","LXCOLL_20230104_1_0242_1",41.19,"(40,45]","No","Z","4","No","N",NA,"Completed"
2023-01-04,"2023","Jan",Jan 2023,"LXN","0242","05","LXND2301-05","LXCOLL_20230104_1_0242_1",45.66,"(45,50]","No","Z","4","No","N",NA,"Completed"
2023-01-04,"2023","Jan",Jan 2023,"LXN","0243","06","LXND2301-06","LXCOLL_20230104_1_0243_1",54.02,"(50,55]","No","F","3","No","N",NA,"Completed"
2023-01-04,"2023","Jan",Jan 2023,"LXN","0243","07","LXND2301-07","LXCOLL_20230104_1_0243_1",40.69,"(40,45]","No","Z","4","No","N",NA,"Completed"
2023-01-04,"2023","Jan",Jan 2023,"LXN","0243","08","LXND2301-08","LXCOLL_20230104_1_0243_1",49.02,"(45,50]","No","Z","4","No","N",NA,"Completed"
2023-01-04,"2023","Jan",Jan 2023,"LXN","0243","09","LXND2301-09","LXCOLL_20230104_1_0243_1",55.49,"(55,60]","No","Z","4","No","N",NA,"Completed"
2023-01-04,"2023","Jan",Jan 2023,"LXN","0243","10","LXND2301-10","LXCOLL_20230104_1_0243_1",51.94,"(50,55]","No","Z","4","No","N",NA,"Completed"
2023-01-04,"2023","Jan",Jan 2023,"LXN","0244","11","LXND2301-11","LXCOLL_20230104_1_0244_1",69.74,"(65,70]","No","M","3","No","N",NA,"Completed"
2023-01-04,"2023","Jan",Jan 2023,"LXN","0244","12","LXND2301-12","LXCOLL_20230104_1_0244_1",58.27,"(55,60]","No","Z","4","No","N",NA,"Completed"
2023-01-04,"2023","Jan",Jan 2023,"LXN","0244","13","LXND2301-13","LXCOLL_20230104_1_0244_1",43.37,"(40,45]","No","Z","4","No","N",NA,"Completed"
2023-01-04,"2023","Jan",Jan 2023,"LXN","0244","14","LXND2301-14","LXCOLL_20230104_1_0244_1",57.42,"(55,60]","No","Z","4","No","N",NA,"Completed"
2023-01-04,"2023","Jan",Jan 2023,"LXN","0244","15","LXND2301-15","LXCOLL_20230104_1_0244_1",55.02,"(55,60]","No","F","3","No","N",NA,"Completed"
2023-02-07,"2023","Feb",Feb 2023,"LXN","0242","01","LXND2302-01","LXCOLL_20230207_1_0242_1",42.2,"(40,45]","No","Z","Z","No","Y",NA,"Completed"
2023-02-07,"2023","Feb",Feb 2023,"LXN","0242","02","LXND2302-02","LXCOLL_20230207_1_0242_1",37.34,"(35,40]","No","M","1","No","N",NA,"Completed"
2023-02-07,"2023","Feb",Feb 2023,"LXN","0242","03","LXND2302-03","LXCOLL_20230207_1_0242_1",40.95,"(40,45]","No","Z","Z","No","Y",NA,"Completed"
2023-02-07,"2023","Feb",Feb 2023,"LXN","0242","04","LXND2302-04","LXCOLL_20230207_1_0242_1",44.39,"(40,45]","No","Z","Z","No","Y",NA,"Completed"
2023-02-07,"2023","Feb",Feb 2023,"LXN","0242","05","LXND2302-05","LXCOLL_20230207_1_0242_1",61.28,"(60,65]","No","Z","Z","Yes","Y",NA,"Completed"
2023-02-07,"2023","Feb",Feb 2023,"LXN","0243","06","LXND2302-06","LXCOLL_20230207_1_0243_1",67.41,"(65,70]","No","Z","Z","No","Y",NA,"Completed"
2023-02-07,"2023","Feb",Feb 2023,"LXN","0243","07","LXND2302-07","LXCOLL_20230207_1_0243_1",59.07,"(55,60]","No","Z","Z","No","Y",NA,"Completed"
2023-02-07,"2023","Feb",Feb 2023,"LXN","0243","08","LXND2302-08","LXCOLL_20230207_1_0243_1",32.15,"(30,35]","No","Z","Z","No","Y",NA,"Completed"
2023-02-07,"2023","Feb",Feb 2023,"LXN","0243","09","LXND2302-09","LXCOLL_20230207_1_0243_1",33.9,"(30,35]","No","M","2","No","N",NA,"Completed"
2023-02-07,"2023","Feb",Feb 2023,"LXN","0243","10","LXND2302-10","LXCOLL_20230207_1_0243_1",56.72,"(55,60]","No","Z","Z","No","Y",NA,"Completed"
2023-02-07,"2023","Feb",Feb 2023,"LXN","0244","11","LXND2302-11","LXCOLL_20230207_1_0244_1",39.39,"(35,40]","No","F","2","No","N",NA,"Completed"
2023-02-07,"2023","Feb",Feb 2023,"LXN","0244","12","LXND2302-12","LXCOLL_20230207_1_0244_1",56.05,"(55,60]","No","Z","4","Yes","N",NA,"Completed"
2023-02-07,"2023","Feb",Feb 2023,"LXN","0244","13","LXND2302-13","LXCOLL_20230207_1_0244_1",59.88,"(55,60]","No","Z","Z","No","Y",NA,"Completed"
2023-02-07,"2023","Feb",Feb 2023,"LXN","0244","14","LXND2302-14","LXCOLL_20230207_1_0244_1",44.93,"(40,45]","No","Z","4","No","N",NA,"Completed"
2023-02-07,"2023","Feb",Feb 2023,"LXN","0244","15","LXND2302-15","LXCOLL_20230207_1_0244_1",43.62,"(40,45]","No","Z","4","No","N",NA,"Completed"
2023-03-08,"2023","Mar",Mar 2023,"LXN","0242","01","LXND2303-01","LXCOLL_20230308_1_0242_1",42.39,"(40,45]","No","F","1","Yes","N",NA,"Completed"
2023-03-08,"2023","Mar",Mar 2023,"LXN","0242","02","LXND2303-02","LXCOLL_20230308_1_0242_1",58.22,"(55,60]","No","F","2","Yes","N",NA,"Completed"
2023-03-08,"2023","Mar",Mar 2023,"LXN","0242","03","LXND2303-03","LXCOLL_20230308_1_0242_1",67.61,"(65,70]","No","Z","4","No","N",NA,"Completed"
2023-03-08,"2023","Mar",Mar 2023,"LXN","0242","04","LXND2303-04","LXCOLL_20230308_1_0242_1",42.06,"(40,45]","No","F","2","No","N",NA,"Completed"
2023-03-08,"2023","Mar",Mar 2023,"LXN","0242","05","LXND2303-05","LXCOLL_20230308_1_0242_1",39.31,"(35,40]","No","F","2","Yes","N",NA,"Completed"
2023-03-08,"2023","Mar",Mar 2023,"LXN","0243","06","LXND2303-06","LXCOLL_20230308_1_0243_1",58.71,"(55,60]","No","Z","4","No","N",NA,"Completed"
2023-03-08,"2023","Mar",Mar 2023,"LXN","0243","07","LXND2303-07","LXCOLL_20230308_1_0243_1",42.13,"(40,45]","No","F","2","No","N",NA,"Completed"
2023-03-08,"2023","Mar",Mar 2023,"LXN","0243","08","LXND2303-08","LXCOLL_20230308_1_0243_1",54.81,"(50,55]","No","F","2","No","N",NA,"Completed"
2023-03-08,"2023","Mar",Mar 2023,"LXN","0243","09","LXND2303-09","LXCOLL_20230308_1_0243_1",71.16,"(70,75]","No","F","1","Yes","N",NA,"Completed"
2023-03-08,"2023","Mar",Mar 2023,"LXN","0243","10","LXND2303-10","LXCOLL_20230308_1_0243_1",58.01,"(55,60]","No","F","2","No","N",NA,"Completed"
2023-03-08,"2023","Mar",Mar 2023,"LXN","0244","11","LXND2303-11","LXCOLL_20230308_1_0244_1",63.9,"(60,65]","No","Z","4","No","N",NA,"Completed"
2023-03-08,"2023","Mar",Mar 2023,"LXN","0244","12","LXND2303-12","LXCOLL_20230308_1_0244_1",48.11,"(45,50]","No","M","2","No","N",NA,"Completed"
2023-03-08,"2023","Mar",Mar 2023,"LXN","0244","13","LXND2303-13","LXCOLL_20230308_1_0244_1",44.82,"(40,45]","No","M","2","Yes","N",NA,"Completed"
2023-03-08,"2023","Mar",Mar 2023,"LXN","0244","14","LXND2303-14","LXCOLL_20230308_1_0244_1",46.34,"(45,50]","No","M","2","No","N",NA,"Completed"
2023-03-08,"2023","Mar",Mar 2023,"LXN","0244","15","LXND2303-15","LXCOLL_20230308_1_0244_1",54.44,"(50,55]","No","M","2","No","N",NA,"Completed"
2023-04-04,"2023","Apr",Apr 2023,"LXN","0242","01","LXND2304-01","LXCOLL_20230404_1_0242_1",59.08,"(55,60]","No","F","2","No","N",NA,"Completed"
2023-04-04,"2023","Apr",Apr 2023,"LXN","0242","02","LXND2304-02","LXCOLL_20230404_1_0242_1",54.68,"(50,55]","No","F","2","No","N",NA,"Completed"
2023-04-04,"2023","Apr",Apr 2023,"LXN","0242","03","LXND2304-03","LXCOLL_20230404_1_0242_1",43.67,"(40,45]","No","M","2","No","N",NA,"Completed"
2023-04-04,"2023","Apr",Apr 2023,"LXN","0242","04","LXND2304-04","LXCOLL_20230404_1_0242_1",44.6,"(40,45]","No","Z","Z","Buceph","Y",NA,"Completed"
2023-04-04,"2023","Apr",Apr 2023,"LXN","0242","05","LXND2304-05","LXCOLL_20230404_1_0242_1",41.35,"(40,45]","No","F","2","Yes","N",NA,"Completed"
2023-04-04,"2023","Apr",Apr 2023,"LXN","0243","06","LXND2304-06","LXCOLL_20230404_1_0243_1",51.5,"(50,55]","No","F","2","No","N",NA,"Completed"
2023-04-04,"2023","Apr",Apr 2023,"LXN","0243","07","LXND2304-07","LXCOLL_20230404_1_0243_1",44.64,"(40,45]","No","F","2","No","N",NA,"Completed"
2023-04-04,"2023","Apr",Apr 2023,"LXN","0243","08","LXND2304-08","LXCOLL_20230404_1_0243_1",55.2,"(55,60]","No","F","2","Yes","N",NA,"Completed"
2023-04-04,"2023","Apr",Apr 2023,"LXN","0243","09","LXND2304-09","LXCOLL_20230404_1_0243_1",33.58,"(30,35]","No","M","2","No","N",NA,"Completed"
2023-04-04,"2023","Apr",Apr 2023,"LXN","0243","10","LXND2304-10","LXCOLL_20230404_1_0243_1",64.72,"(60,65]","No","F","2","Yes","N",NA,"Completed"
2023-04-04,"2023","Apr",Apr 2023,"LXN","0244","11","LXND2304-11","LXCOLL_20230404_1_0244_1",65.72,"(65,70]","No","F","2","No","N",NA,"Completed"
2023-04-04,"2023","Apr",Apr 2023,"LXN","0244","12","LXND2304-12","LXCOLL_20230404_1_0244_1",41.54,"(40,45]","No","F","2","No","N",NA,"Completed"
2023-04-04,"2023","Apr",Apr 2023,"LXN","0244","13","LXND2304-13","LXCOLL_20230404_1_0244_1",49.46,"(45,50]","No","F","2","No","N",NA,"Completed"
2023-04-04,"2023","Apr",Apr 2023,"LXN","0244","14","LXND2304-14","LXCOLL_20230404_1_0244_1",35.78,"(35,40]","No","M","2","No","N",NA,"Completed"
2023-04-04,"2023","Apr",Apr 2023,"LXN","0244","15","LXND2304-15","LXCOLL_20230404_1_0244_1",43.81,"(40,45]","No","M","2","No","N",NA,"Completed"
2023-07-05,"2023","Jul",Jul 2023,"LXN","0242","01","LXND2307-01","LXCOLL_20230705_1_0242_1",55.99,"(55,60]","No","F","2","No","N",NA,"Completed"
2023-07-05,"2023","Jul",Jul 2023,"LXN","0242","02","LXND2307-02","LXCOLL_20230705_1_0242_1",67.72,"(65,70]","No","F","2","No","N",NA,"Completed"
2023-07-05,"2023","Jul",Jul 2023,"LXN","0242","03","LXND2307-03","LXCOLL_20230705_1_0242_1",64.32,"(60,65]","No","F","2","No","N",NA,"Completed"
2023-07-05,"2023","Jul",Jul 2023,"LXN","0242","04","LXND2307-04","LXCOLL_20230705_1_0242_1",54.4,"(50,55]","No","M","2","No","N",NA,"Completed"
2023-07-05,"2023","Jul",Jul 2023,"LXN","0242","05","LXND2307-05","LXCOLL_20230705_1_0242_1",51.19,"(50,55]","No","F","2","No","N",NA,"Completed"
2023-07-05,"2023","Jul",Jul 2023,"LXN","0243","06","LXND2307-06","LXCOLL_20230705_1_0243_1",83.79,"(80,85]","No","F","2","No","N",NA,"Completed"
2023-07-05,"2023","Jul",Jul 2023,"LXN","0243","07","LXND2307-07","LXCOLL_20230705_1_0243_1",67.37,"(65,70]","No","F","2","No","N",NA,"Completed"
2023-07-05,"2023","Jul",Jul 2023,"LXN","0243","08","LXND2307-08","LXCOLL_20230705_1_0243_1",63.18,"(60,65]","No","F","2","Yes","N",NA,"Completed"
2023-07-05,"2023","Jul",Jul 2023,"LXN","0243","09","LXND2307-09","LXCOLL_20230705_1_0243_1",67.13,"(65,70]","No","F","2","No","N",NA,"Completed"
2023-07-05,"2023","Jul",Jul 2023,"LXN","0243","10","LXND2307-10","LXCOLL_20230705_1_0243_1",60.64,"(60,65]","No","F","2","No","N",NA,"Completed"
2023-07-05,"2023","Jul",Jul 2023,"LXN","0244","11","LXND2307-11","LXCOLL_20230705_1_0244_1",76.74,"(75,80]","No","F","2","No","N",NA,"Completed"
2023-07-05,"2023","Jul",Jul 2023,"LXN","0244","12","LXND2307-12","LXCOLL_20230705_1_0244_1",64.11,"(60,65]","No","F","2","No","N",NA,"Completed"
2023-07-05,"2023","Jul",Jul 2023,"LXN","0244","13","LXND2307-13","LXCOLL_20230705_1_0244_1",67.82,"(65,70]","No","F","2","No","N",NA,"Completed"
2023-07-05,"2023","Jul",Jul 2023,"LXN","0244","14","LXND2307-14","LXCOLL_20230705_1_0244_1",57.14,"(55,60]","No","F","2","No","N",NA,"Completed"
2023-07-05,"2023","Jul",Jul 2023,"LXN","0244","15","LXND2307-15","LXCOLL_20230705_1_0244_1",71.54,"(70,75]","No","M","2","No","N",NA,"Completed"
2023-08-01,"2023","Aug",Aug 2023,"LXN","0242","01","LXND2308-01","LXCOLL_20230801_1_0242_1",46.24,"(45,50]","No","F","2","Yes","N",NA,"Completed"
2023-08-01,"2023","Aug",Aug 2023,"LXN","0242","02","LXND2308-02","LXCOLL_20230801_1_0242_1",56.33,"(55,60]","No","F","2","No","N",NA,"Completed"
2023-08-01,"2023","Aug",Aug 2023,"LXN","0242","03","LXND2308-03","LXCOLL_20230801_1_0242_1",61.99,"(60,65]","No","F","2","Yes","N",NA,"Completed"
2023-08-01,"2023","Aug",Aug 2023,"LXN","0242","04","LXND2308-04","LXCOLL_20230801_1_0242_1",49.16,"(45,50]","No","M","2","No","N",NA,"Completed"
2023-08-01,"2023","Aug",Aug 2023,"LXN","0242","05","LXND2308-05","LXCOLL_20230801_1_0242_1",44.73,"(40,45]","No","F","2","Yes","N",NA,"Completed"
2023-08-01,"2023","Aug",Aug 2023,"LXN","0243","06","LXND2308-06","LXCOLL_20230801_1_0243_1",63.74,"(60,65]","No","F","2","Yes","N",NA,"Completed"
2023-08-01,"2023","Aug",Aug 2023,"LXN","0243","07","LXND2308-07","LXCOLL_20230801_1_0243_1",45.34,"(45,50]","No","F","2","No","N",NA,"Completed"
2023-08-01,"2023","Aug",Aug 2023,"LXN","0243","08","LXND2308-08","LXCOLL_20230801_1_0243_1",49.85,"(45,50]","No","M","2","No","N",NA,"Completed"
2023-08-01,"2023","Aug",Aug 2023,"LXN","0243","09","LXND2308-09","LXCOLL_20230801_1_0243_1",52.8,"(50,55]","No","M","2","No","N",NA,"Completed"
2023-08-01,"2023","Aug",Aug 2023,"LXN","0243","10","LXND2308-10","LXCOLL_20230801_1_0243_1",46.52,"(45,50]","No","F","2","No","N",NA,"Completed"
2023-08-01,"2023","Aug",Aug 2023,"LXN","0244","11","LXND2308-11","LXCOLL_20230801_1_0244_1",50.21,"(50,55]","No","M","3","No","N",NA,"Completed"
2023-08-01,"2023","Aug",Aug 2023,"LXN","0244","12","LXND2308-12","LXCOLL_20230801_1_0244_1",43.73,"(40,45]","No","F","2","No","N",NA,"Completed"
2023-08-01,"2023","Aug",Aug 2023,"LXN","0244","13","LXND2308-13","LXCOLL_20230801_1_0244_1",38.42,"(35,40]","No","M","2","No","N",NA,"Completed"
2023-08-01,"2023","Aug",Aug 2023,"LXN","0244","14","LXND2308-14","LXCOLL_20230801_1_0244_1",35.31,"(35,40]","No","F","Z","No","N",NA,"Completed"
2023-08-01,"2023","Aug",Aug 2023,"LXN","0244","15","LXND2308-15","LXCOLL_20230801_1_0244_1",40.12,"(40,45]","No","M","2","No","N",NA,"Completed"
2023-09-06,"2023","Sep",Sep 2023,"LXN","0242","02","LXND2309-02","LXCOLL_20230906_1_0242_1",55.25,"(55,60]","No","F","2","Yes","N",NA,"Completed"
2023-09-06,"2023","Sep",Sep 2023,"LXN","0242","03","LXND2309-03","LXCOLL_20230906_1_0242_1",49.43,"(45,50]","No","F","2","No","N",NA,"Completed"
2023-09-06,"2023","Sep",Sep 2023,"LXN","0242","04","LXND2309-04","LXCOLL_20230906_1_0242_1",47.83,"(45,50]","No","M","2","No","N",NA,"Completed"
2023-09-06,"2023","Sep",Sep 2023,"LXN","0242","05","LXND2309-05","LXCOLL_20230906_1_0242_1",51.43,"(50,55]","No","F","2","No","N",NA,"Completed"
2023-09-06,"2023","Sep",Sep 2023,"LXN","0243","06","LXND2309-06","LXCOLL_20230906_1_0243_1",58.83,"(55,60]","No","F","2","No","N",NA,"Completed"
2023-09-06,"2023","Sep",Sep 2023,"LXN","0243","07","LXND2309-07","LXCOLL_20230906_1_0243_1",43.69,"(40,45]","No","F","2","No","N",NA,"Completed"
2023-09-06,"2023","Sep",Sep 2023,"LXN","0243","08","LXND2309-08","LXCOLL_20230906_1_0243_1",55.61,"(55,60]","No","F","2","No","N",NA,"Completed"
2023-09-06,"2023","Sep",Sep 2023,"LXN","0243","09","LXND2309-09","LXCOLL_20230906_1_0243_1",46.33,"(45,50]","No","F","2","No","N",NA,"Completed"
2023-09-06,"2023","Sep",Sep 2023,"LXN","0243","10","LXND2309-10","LXCOLL_20230906_1_0243_1",62.64,"(60,65]","No","F","2","No","N",NA,"Completed"
2023-09-06,"2023","Sep",Sep 2023,"LXN","0244","11","LXND2309-11","LXCOLL_20230906_1_0244_1",44.81,"(40,45]","No","F","2","No","N",NA,"Completed"
2023-09-06,"2023","Sep",Sep 2023,"LXN","0244","12","LXND2309-12","LXCOLL_20230906_1_0244_1",43.08,"(40,45]","No","F","2","No","N",NA,"Completed"
2023-09-06,"2023","Sep",Sep 2023,"LXN","0244","13","LXND2309-13","LXCOLL_20230906_1_0244_1",40.48,"(40,45]","No","F","2","No","N",NA,"Completed"
2023-09-06,"2023","Sep",Sep 2023,"LXN","0244","14","LXND2309-14","LXCOLL_20230906_1_0244_1",45.1,"(45,50]","No","F","2","No","N",NA,"Completed"
2023-09-06,"2023","Sep",Sep 2023,"LXN","0244","15","LXND2309-15","LXCOLL_20230906_1_0244_1",43.72,"(40,45]","No","F","2","No","N",NA,"Completed"
2023-11-07,"2023","Nov",Nov 2023,"LXN","0242","01","LXND2311-01","LXCOLL_20231107_1_0242_1",43.48,"(40,45]","No","M","2","No","N",NA,"Completed"
2023-11-07,"2023","Nov",Nov 2023,"LXN","0242","02","LXND2311-02","LXCOLL_20231107_1_0242_1",43.37,"(40,45]","No","F","2","No","N",NA,"Completed"
2023-11-07,"2023","Nov",Nov 2023,"LXN","0242","03","LXND2311-03","LXCOLL_20231107_1_0242_1",46.61,"(45,50]","No","Z","4","Yes","N",NA,"Completed"
2023-11-07,"2023","Nov",Nov 2023,"LXN","0242","04","LXND2311-04","LXCOLL_20231107_1_0242_1",41.05,"(40,45]","No","F","2","No","N",NA,"Completed"
2023-11-07,"2023","Nov",Nov 2023,"LXN","0242","05","LXND2311-05","LXCOLL_20231107_1_0242_1",36.9,"(35,40]","No","M","2","No","N",NA,"Completed"
2023-11-07,"2023","Nov",Nov 2023,"LXN","0243","06","LXND2311-06","LXCOLL_20231107_1_0243_1",57.75,"(55,60]","No","F","2","Yes","N",NA,"Completed"
2023-11-07,"2023","Nov",Nov 2023,"LXN","0243","07","LXND2311-07","LXCOLL_20231107_1_0243_1",47.51,"(45,50]","No","F","2","No","N",NA,"Completed"
2023-11-07,"2023","Nov",Nov 2023,"LXN","0243","08","LXND2311-08","LXCOLL_20231107_1_0243_1",65.02,"(65,70]","No","F","2","No","N",NA,"Completed"
2023-11-07,"2023","Nov",Nov 2023,"LXN","0243","09","LXND2311-09","LXCOLL_20231107_1_0243_1",59.03,"(55,60]","No","F","2","No","N",NA,"Completed"
2023-11-07,"2023","Nov",Nov 2023,"LXN","0243","10","LXND2311-10","LXCOLL_20231107_1_0243_1",59.43,"(55,60]","No","Z","4","No","N",NA,"Completed"
2023-11-07,"2023","Nov",Nov 2023,"LXN","0244","11","LXND2311-11","LXCOLL_20231107_1_0244_1",41.16,"(40,45]","No","F","3","No","N",NA,"Completed"
2023-11-07,"2023","Nov",Nov 2023,"LXN","0244","12","LXND2311-12","LXCOLL_20231107_1_0244_1",49.95,"(45,50]","No","Z","4","No","N",NA,"Completed"
2023-11-07,"2023","Nov",Nov 2023,"LXN","0244","13","LXND2311-13","LXCOLL_20231107_1_0244_1",53.35,"(50,55]","No","F","2","No","N",NA,"Completed"
2023-11-07,"2023","Nov",Nov 2023,"LXN","0244","14","LXND2311-14","LXCOLL_20231107_1_0244_1",55.61,"(55,60]","No","F","2","No","N",NA,"Completed"
2023-11-07,"2023","Nov",Nov 2023,"LXN","0244","15","LXND2311-15","LXCOLL_20231107_1_0244_1",33.3,"(30,35]","No","M","2","No","N",NA,"Completed"
2023-12-05,"2023","Dec",Dec 2023,"LXN","0242","01","LXND2312-01","LXCOLL_20231205_1_0242_1",40.59,"(40,45]","No","F","2","No","N",NA,"Completed"
2023-12-05,"2023","Dec",Dec 2023,"LXN","0242","02","LXND2312-02","LXCOLL_20231205_1_0242_1",41.16,"(40,45]","No","Z","4","No","N",NA,"Completed"
2023-12-05,"2023","Dec",Dec 2023,"LXN","0242","03","LXND2312-03","LXCOLL_20231205_1_0242_1",55.68,"(55,60]","No","M","1","No","N",NA,"Completed"
2023-12-05,"2023","Dec",Dec 2023,"LXN","0242","04","LXND2312-04","LXCOLL_20231205_1_0242_1",31.9,"(30,35]","No","Z","4","No","N",NA,"Completed"
2023-12-05,"2023","Dec",Dec 2023,"LXN","0242","05","LXND2312-05","LXCOLL_20231205_1_0242_1",41.08,"(40,45]","No","Z","4","Yes","N",NA,"Completed"
2023-12-05,"2023","Dec",Dec 2023,"LXN","0243","06","LXND2312-06","LXCOLL_20231205_1_0243_1",51.45,"(50,55]","No","Z","Z","Buceph","Y",NA,"Completed"
2023-12-05,"2023","Dec",Dec 2023,"LXN","0243","07","LXND2312-07","LXCOLL_20231205_1_0243_1",44.83,"(40,45]","No","F","2","No","N",NA,"Completed"
2023-12-05,"2023","Dec",Dec 2023,"LXN","0243","08","LXND2312-08","LXCOLL_20231205_1_0243_1",58.89,"(55,60]","No","F","1","No","N",NA,"Completed"
2023-12-05,"2023","Dec",Dec 2023,"LXN","0243","09","LXND2312-09","LXCOLL_20231205_1_0243_1",55.01,"(55,60]","No","F","3","Yes","N",NA,"Completed"
2023-12-05,"2023","Dec",Dec 2023,"LXN","0243","10","LXND2312-10","LXCOLL_20231205_1_0243_1",57.36,"(55,60]","No","F","2","No","N",NA,"Completed"
2023-12-05,"2023","Dec",Dec 2023,"LXN","0244","11","LXND2312-11","LXCOLL_20231205_1_0244_1",33.17,"(30,35]","No","Z","4","No","N",NA,"Completed"
2023-12-05,"2023","Dec",Dec 2023,"LXN","0244","12","LXND2312-12","LXCOLL_20231205_1_0244_1",42.36,"(40,45]","No","Z","4","No","N",NA,"Completed"
2023-12-05,"2023","Dec",Dec 2023,"LXN","0244","13","LXND2312-13","LXCOLL_20231205_1_0244_1",32.31,"(30,35]","No","Z","4","No","N",NA,"Completed"
2023-12-05,"2023","Dec",Dec 2023,"LXN","0244","14","LXND2312-14","LXCOLL_20231205_1_0244_1",40.64,"(40,45]","No","Z","4","No","N",NA,"Completed"
2023-12-05,"2023","Dec",Dec 2023,"LXN","0244","15","LXND2312-15","LXCOLL_20231205_1_0244_1",31.92,"(30,35]","No","Z","4","No","N",NA,"Completed"
2024-01-03,"2024","Jan",Jan 2024,"LXN","0242","01","LXND2401-01","LXCOLL_20240103_1_0242_1",34.26,"(30,35]","No","M","2","No","N",NA,"Completed"
2024-01-03,"2024","Jan",Jan 2024,"LXN","0242","02","LXND2401-02","LXCOLL_20240103_1_0242_1",54.13,"(50,55]","No","Z","4","No","N",NA,"Completed"
2024-01-03,"2024","Jan",Jan 2024,"LXN","0242","03","LXND2401-03","LXCOLL_20240103_1_0242_1",52.49,"(50,55]","No","Z","4","No","N",NA,"Completed"
2024-01-03,"2024","Jan",Jan 2024,"LXN","0242","04","LXND2401-04","LXCOLL_20240103_1_0242_1",41.87,"(40,45]","No","F","2","No","N",NA,"Completed"
2024-01-03,"2024","Jan",Jan 2024,"LXN","0242","05","LXND2401-05","LXCOLL_20240103_1_0242_1",46.92,"(45,50]","No","F","3","No","N",NA,"Completed"
2024-01-03,"2024","Jan",Jan 2024,"LXN","0243","06","LXND2401-06","LXCOLL_20240103_1_0243_1",60.47,"(60,65]","No","F","1","No","N",NA,"Completed"
2024-01-03,"2024","Jan",Jan 2024,"LXN","0243","07","LXND2401-07","LXCOLL_20240103_1_0243_1",56.8,"(55,60]","No","Z","4","No","N",NA,"Completed"
2024-01-03,"2024","Jan",Jan 2024,"LXN","0243","08","LXND2401-08","LXCOLL_20240103_1_0243_1",45.12,"(45,50]","No","Z","4","Yes","Y",NA,"Completed"
2024-01-03,"2024","Jan",Jan 2024,"LXN","0243","09","LXND2401-09","LXCOLL_20240103_1_0243_1",69.46,"(65,70]","No","F","2","No","N",NA,"Completed"
2024-01-03,"2024","Jan",Jan 2024,"LXN","0243","10","LXND2401-10","LXCOLL_20240103_1_0243_1",48.44,"(45,50]","No","F","1","Yes","N",NA,"Completed"
2024-01-03,"2024","Jan",Jan 2024,"LXN","0244","11","LXND2401-11","LXCOLL_20240103_1_0244_1",69,"(65,70]","No","Z","4","No","N",NA,"Completed"
2024-01-03,"2024","Jan",Jan 2024,"LXN","0244","12","LXND2401-12","LXCOLL_20240103_1_0244_1",65.58,"(65,70]","No","Z","Z","Buceph","Y",NA,"Completed"
2024-01-03,"2024","Jan",Jan 2024,"LXN","0244","13","LXND2401-13","LXCOLL_20240103_1_0244_1",43.33,"(40,45]","No","Z","Z","No","Y",NA,"Completed"
2024-01-03,"2024","Jan",Jan 2024,"LXN","0244","14","LXND2401-14","LXCOLL_20240103_1_0244_1",45.49,"(45,50]","No","Z","Z","No","Y",NA,"Completed"
2024-01-03,"2024","Jan",Jan 2024,"LXN","0244","15","LXND2401-15","LXCOLL_20240103_1_0244_1",36.68,"(35,40]","No","Z","4","No","N",NA,"Completed"
2024-02-12,"2024","Feb",Feb 2024,"LXN","0242","01","LXND2402-01","LXCOLL_20240212_1_0242_1",58.32,"(55,60]","No","Z","4","No","N",NA,"Completed"
2024-02-12,"2024","Feb",Feb 2024,"LXN","0242","02","LXND2402-02","LXCOLL_20240212_1_0242_1",44.05,"(40,45]","No","F","2","No","N",NA,"Completed"
2024-02-12,"2024","Feb",Feb 2024,"LXN","0242","03","LXND2402-03","LXCOLL_20240212_1_0242_1",60.04,"(60,65]","No","F","2","No","N",NA,"Completed"
2024-02-12,"2024","Feb",Feb 2024,"LXN","0242","04","LXND2402-04","LXCOLL_20240212_1_0242_1",43.08,"(40,45]","No","M","3","No","N",NA,"Completed"
2024-02-12,"2024","Feb",Feb 2024,"LXN","0242","05","LXND2402-05","LXCOLL_20240212_1_0242_1",41.53,"(40,45]","No","Z","4","No","N",NA,"Completed"
2024-02-12,"2024","Feb",Feb 2024,"LXN","0243","06","LXND2402-06","LXCOLL_20240212_1_0243_1",64.8,"(60,65]","No","F","3","No","N",NA,"Completed"
2024-02-12,"2024","Feb",Feb 2024,"LXN","0243","07","LXND2402-07","LXCOLL_20240212_1_0243_1",47.59,"(45,50]","No","M","2","No","N",NA,"Completed"
2024-02-12,"2024","Feb",Feb 2024,"LXN","0243","08","LXND2402-08","LXCOLL_20240212_1_0243_1",59.87,"(55,60]","No","F","1","No","N",NA,"Completed"
2024-02-12,"2024","Feb",Feb 2024,"LXN","0243","09","LXND2402-09","LXCOLL_20240212_1_0243_1",44.54,"(40,45]","No","F","2","No","N",NA,"Completed"
2024-02-12,"2024","Feb",Feb 2024,"LXN","0243","10","LXND2402-10","LXCOLL_20240212_1_0243_1",50.87,"(50,55]","No","M","2","No","N",NA,"Completed"
2024-02-12,"2024","Feb",Feb 2024,"LXN","0244","11","LXND2402-11","LXCOLL_20240212_1_0244_1",47.73,"(45,50]","No","F","2","No","N",NA,"Completed"
2024-02-12,"2024","Feb",Feb 2024,"LXN","0244","12","LXND2402-12","LXCOLL_20240212_1_0244_1",56.53,"(55,60]","No","M","1","No","N",NA,"Completed"
2024-02-12,"2024","Feb",Feb 2024,"LXN","0244","13","LXND2402-13","LXCOLL_20240212_1_0244_1",49.52,"(45,50]","No","F","2","No","N",NA,"Completed"
2024-02-12,"2024","Feb",Feb 2024,"LXN","0244","14","LXND2402-14","LXCOLL_20240212_1_0244_1",49.18,"(45,50]","No","M","2","No","N",NA,"Completed"
2024-02-12,"2024","Feb",Feb 2024,"LXN","0244","15","LXND2402-15","LXCOLL_20240212_1_0244_1",50.59,"(50,55]","No","F","1","No","N",NA,"Completed"
2024-03-06,"2024","Mar",Mar 2024,"LXN","0242","01","LXND2403-01","LXCOLL_20240306_1_0242_1",57.75,"(55,60]","No","F","2","No","N",NA,"Completed"
2024-03-06,"2024","Mar",Mar 2024,"LXN","0242","02","LXND2403-02","LXCOLL_20240306_1_0242_1",25.58,"(25,30]","No","M","2","No","N",NA,"Completed"
2024-03-06,"2024","Mar",Mar 2024,"LXN","0242","03","LXND2403-03","LXCOLL_20240306_1_0242_1",62.48,"(60,65]","No","Z","4","No","N",NA,"Completed"
2024-03-06,"2024","Mar",Mar 2024,"LXN","0242","04","LXND2403-04","LXCOLL_20240306_1_0242_1",65.33,"(65,70]","No","Z","4","Yes","N",NA,"Completed"
2024-03-06,"2024","Mar",Mar 2024,"LXN","0242","05","LXND2403-05","LXCOLL_20240306_1_0242_1",57.39,"(55,60]","No","F","2","No","N",NA,"Completed"
2024-03-06,"2024","Mar",Mar 2024,"LXN","0243","06","LXND2403-06","LXCOLL_20240306_1_0243_1",52.03,"(50,55]","No","F","2","No","N",NA,"Completed"
2024-03-06,"2024","Mar",Mar 2024,"LXN","0243","07","LXND2403-07","LXCOLL_20240306_1_0243_1",49.47,"(45,50]","No","M","2","No","N",NA,"Completed"
2024-03-06,"2024","Mar",Mar 2024,"LXN","0243","08","LXND2403-08","LXCOLL_20240306_1_0243_1",41.77,"(40,45]","No","F","2","No","N",NA,"Completed"
2024-03-06,"2024","Mar",Mar 2024,"LXN","0243","09","LXND2403-09","LXCOLL_20240306_1_0243_1",44.67,"(40,45]","No","F","2","No","N",NA,"Completed"
2024-03-06,"2024","Mar",Mar 2024,"LXN","0243","10","LXND2403-10","LXCOLL_20240306_1_0243_1",44.48,"(40,45]","No","F","2","No","N",NA,"Completed"
2024-03-06,"2024","Mar",Mar 2024,"LXN","0244","11","LXND2403-11","LXCOLL_20240306_1_0244_1",56.49,"(55,60]","No","F","2","No","N",NA,"Completed"
2024-03-06,"2024","Mar",Mar 2024,"LXN","0244","12","LXND2403-12","LXCOLL_20240306_1_0244_1",46.01,"(45,50]","No","F","2","No","N",NA,"Completed"
2024-03-06,"2024","Mar",Mar 2024,"LXN","0244","13","LXND2403-13","LXCOLL_20240306_1_0244_1",45.04,"(45,50]","No","M","2","No","N",NA,"Completed"
2024-03-06,"2024","Mar",Mar 2024,"LXN","0244","14","LXND2403-14","LXCOLL_20240306_1_0244_1",47.95,"(45,50]","No","F","2","No","N",NA,"Completed"
2024-03-06,"2024","Mar",Mar 2024,"LXN","0244","15","LXND2403-15","LXCOLL_20240306_1_0244_1",45.95,"(45,50]","No","F","2","No","N",NA,"Completed"
2024-04-09,"2024","Apr",Apr 2024,"LXN","0242","01","LXND2404-01","LXCOLL_20240409_1_0242_1",59.77,"(55,60]","No","F","2","No","N",NA,"Completed"
2024-04-09,"2024","Apr",Apr 2024,"LXN","0242","02","LXND2404-02","LXCOLL_20240409_1_0242_1",48.13,"(45,50]","No","M","2","No","N",NA,"Completed"
2024-04-09,"2024","Apr",Apr 2024,"LXN","0242","03","LXND2404-03","LXCOLL_20240409_1_0242_1",35.73,"(35,40]","No","M","2","No","N",NA,"Completed"
2024-04-09,"2024","Apr",Apr 2024,"LXN","0242","04","LXND2404-04","LXCOLL_20240409_1_0242_1",36.56,"(35,40]","No","F","2","No","N",NA,"Completed"
2024-04-09,"2024","Apr",Apr 2024,"LXN","0242","05","LXND2404-05","LXCOLL_20240409_1_0242_1",39.58,"(35,40]","No","Z","4","Yes","N",NA,"Completed"
2024-04-09,"2024","Apr",Apr 2024,"LXN","0243","06","LXND2404-06","LXCOLL_20240409_1_0243_1",66.65,"(65,70]","No","M","2","No","N",NA,"Completed"
2024-04-09,"2024","Apr",Apr 2024,"LXN","0243","07","LXND2404-07","LXCOLL_20240409_1_0243_1",67.42,"(65,70]","No","M","2","No","N",NA,"Completed"
2024-04-09,"2024","Apr",Apr 2024,"LXN","0243","08","LXND2404-08","LXCOLL_20240409_1_0243_1",53.72,"(50,55]","No","M","2","No","N",NA,"Completed"
2024-04-09,"2024","Apr",Apr 2024,"LXN","0243","09","LXND2404-09","LXCOLL_20240409_1_0243_1",75.36,"(75,80]","No","F","3","No","N",NA,"Completed"
2024-04-09,"2024","Apr",Apr 2024,"LXN","0243","10","LXND2404-10","LXCOLL_20240409_1_0243_1",54.87,"(50,55]","No","F","2","No","N",NA,"Completed"
2024-04-09,"2024","Apr",Apr 2024,"LXN","0244","11","LXND2404-11","LXCOLL_20240409_1_0244_1",54.05,"(50,55]","No","M","2","No","N",NA,"Completed"
2024-04-09,"2024","Apr",Apr 2024,"LXN","0244","12","LXND2404-12","LXCOLL_20240409_1_0244_1",48.67,"(45,50]","No","F","2","No","N",NA,"Completed"
2024-04-09,"2024","Apr",Apr 2024,"LXN","0244","13","LXND2404-13","LXCOLL_20240409_1_0244_1",40.61,"(40,45]","No","F","3","No","N",NA,"Completed"
2024-04-09,"2024","Apr",Apr 2024,"LXN","0244","14","LXND2404-14","LXCOLL_20240409_1_0244_1",50.66,"(50,55]","No","F","2","No","N",NA,"Completed"
2024-04-09,"2024","Apr",Apr 2024,"LXN","0244","15","LXND2404-15","LXCOLL_20240409_1_0244_1",40.16,"(40,45]","No","M","2","No","N",NA,"Completed"
2024-05-06,"2024","May",May 2024,"LXN","0242","01","LXND2405-01","LXCOLL_20240506_1_0242_1",66.6,"(65,70]","No","F","2","Yes","N",NA,"Completed"
2024-05-06,"2024","May",May 2024,"LXN","0242","02","LXND2405-02","LXCOLL_20240506_1_0242_1",69.07,"(65,70]","No","F","2","No","N",NA,"Completed"
2024-05-06,"2024","May",May 2024,"LXN","0242","03","LXND2405-03","LXCOLL_20240506_1_0242_1",59.71,"(55,60]","No","M","2","Yes","N",NA,"Completed"
2024-05-06,"2024","May",May 2024,"LXN","0242","04","LXND2405-04","LXCOLL_20240506_1_0242_1",38.62,"(35,40]","No","M","2","Yes","N",NA,"Completed"
2024-05-06,"2024","May",May 2024,"LXN","0242","05","LXND2405-05","LXCOLL_20240506_1_0242_1",33.44,"(30,35]","No","M","2","No","N",NA,"Completed"
2024-05-06,"2024","May",May 2024,"LXN","0243","06","LXND2405-06","LXCOLL_20240506_1_0243_1",44.37,"(40,45]","No","F","2","No","N",NA,"Completed"
2024-05-06,"2024","May",May 2024,"LXN","0243","07","LXND2405-07","LXCOLL_20240506_1_0243_1",47.51,"(45,50]","No","F","2","No","N",NA,"Completed"
2024-05-06,"2024","May",May 2024,"LXN","0243","08","LXND2405-08","LXCOLL_20240506_1_0243_1",42.9,"(40,45]","No","M","2","No","N",NA,"Completed"
2024-05-06,"2024","May",May 2024,"LXN","0243","09","LXND2405-09","LXCOLL_20240506_1_0243_1",63.69,"(60,65]","No","Z","4","Yes","N",NA,"Completed"
2024-05-06,"2024","May",May 2024,"LXN","0243","10","LXND2405-10","LXCOLL_20240506_1_0243_1",49.96,"(45,50]","No","Z","4","Yes","N",NA,"Completed"
2024-05-06,"2024","May",May 2024,"LXN","0244","11","LXND2405-11","LXCOLL_20240506_1_0244_1",53.12,"(50,55]","No","M","2","No","N",NA,"Completed"
2024-05-06,"2024","May",May 2024,"LXN","0244","12","LXND2405-12","LXCOLL_20240506_1_0244_1",50.64,"(50,55]","No","F","2","No","N",NA,"Completed"
2024-05-06,"2024","May",May 2024,"LXN","0244","13","LXND2405-13","LXCOLL_20240506_1_0244_1",48.4,"(45,50]","No","F","2","No","N",NA,"Completed"
2024-05-06,"2024","May",May 2024,"LXN","0244","14","LXND2405-14","LXCOLL_20240506_1_0244_1",36.88,"(35,40]","No","F","2","No","N",NA,"Completed"
2024-05-06,"2024","May",May 2024,"LXN","0244","15","LXND2405-15","LXCOLL_20240506_1_0244_1",50.56,"(50,55]","No","M","2","No","N",NA,"Completed"
2024-06-03,"2024","Jun",Jun 2024,"LXN","0242","01","LXND2406-01","LXCOLL_20240603_1_0242_1",43.56,"(40,45]","No","F","2","No","N",NA,"Completed"
2024-06-03,"2024","Jun",Jun 2024,"LXN","0242","02","LXND2406-02","LXCOLL_20240603_1_0242_1",32.17,"(30,35]","No","M","2","No","N",NA,"Completed"
2024-06-03,"2024","Jun",Jun 2024,"LXN","0242","03","LXND2406-03","LXCOLL_20240603_1_0242_1",36.57,"(35,40]","No","F","2","No","N",NA,"Completed"
2024-06-03,"2024","Jun",Jun 2024,"LXN","0242","04","LXND2406-04","LXCOLL_20240603_1_0242_1",43.82,"(40,45]","No","M","2","Yes","N",NA,"Completed"
2024-06-03,"2024","Jun",Jun 2024,"LXN","0242","05","LXND2406-05","LXCOLL_20240603_1_0242_1",52.81,"(50,55]","No","F","2","No","N",NA,"Completed"
2024-06-03,"2024","Jun",Jun 2024,"LXN","0243","06","LXND2406-06","LXCOLL_20240603_1_0243_1",53.39,"(50,55]","No","M","2","Yes","N",NA,"Completed"
2024-06-03,"2024","Jun",Jun 2024,"LXN","0243","07","LXND2406-07","LXCOLL_20240603_1_0243_1",51.36,"(50,55]","No","F","2","No","N",NA,"Completed"
2024-06-03,"2024","Jun",Jun 2024,"LXN","0243","08","LXND2406-08","LXCOLL_20240603_1_0243_1",49.6,"(45,50]","No","M","3","No","N",NA,"Completed"
2024-06-03,"2024","Jun",Jun 2024,"LXN","0243","09","LXND2406-09","LXCOLL_20240603_1_0243_1",54.95,"(50,55]","No","F","2","No","N",NA,"Completed"
2024-06-03,"2024","Jun",Jun 2024,"LXN","0243","10","LXND2406-10","LXCOLL_20240603_1_0243_1",56.46,"(55,60]","No","F","2","Yes","N",NA,"Completed"
2024-06-03,"2024","Jun",Jun 2024,"LXN","0244","11","LXND2406-11","LXCOLL_20240603_1_0244_1",58.34,"(55,60]","No","F","2","No","N",NA,"Completed"
2024-06-03,"2024","Jun",Jun 2024,"LXN","0244","12","LXND2406-12","LXCOLL_20240603_1_0244_1",46.4,"(45,50]","No","M","2","No","N",NA,"Completed"
2024-06-03,"2024","Jun",Jun 2024,"LXN","0244","13","LXND2406-13","LXCOLL_20240603_1_0244_1",52.94,"(50,55]","No","F","2","Yes","N",NA,"Completed"
2024-06-03,"2024","Jun",Jun 2024,"LXN","0244","14","LXND2406-14","LXCOLL_20240603_1_0244_1",45.4,"(45,50]","No","F","2","No","N",NA,"Completed"
2024-06-03,"2024","Jun",Jun 2024,"LXN","0244","15","LXND2406-15","LXCOLL_20240603_1_0244_1",39.02,"(35,40]","No","F","2","No","N",NA,"Completed"
2024-07-09,"2024","Jul",Jul 2024,"LXN","0242","01","LXND2407-01","LXCOLL_20240709_1_0242_1",54.3,"(50,55]","No","M","2","No","N",NA,"Completed"
2024-07-09,"2024","Jul",Jul 2024,"LXN","0242","02","LXND2407-02","LXCOLL_20240709_1_0242_1",55.01,"(55,60]","No","F","2","No","N",NA,"Completed"
2024-07-09,"2024","Jul",Jul 2024,"LXN","0242","03","LXND2407-03","LXCOLL_20240709_1_0242_1",47.13,"(45,50]","No","F","2","No","N",NA,"Completed"
2024-07-09,"2024","Jul",Jul 2024,"LXN","0242","04","LXND2407-04","LXCOLL_20240709_1_0242_1",46.65,"(45,50]","No","F","2","No","N",NA,"Completed"
2024-07-09,"2024","Jul",Jul 2024,"LXN","0242","05","LXND2407-05","LXCOLL_20240709_1_0242_1",51.05,"(50,55]","No","F","2","No","N",NA,"Completed"
2024-07-09,"2024","Jul",Jul 2024,"LXN","0243","06","LXND2407-06","LXCOLL_20240709_1_0243_1",39.5,"(35,40]","No","M","2","No","N",NA,"Completed"
2024-07-09,"2024","Jul",Jul 2024,"LXN","0243","07","LXND2407-07","LXCOLL_20240709_1_0243_1",42.72,"(40,45]","No","F","2","Yes","N",NA,"Completed"
2024-07-09,"2024","Jul",Jul 2024,"LXN","0243","08","LXND2407-08","LXCOLL_20240709_1_0243_1",40.12,"(40,45]","No","M","2","No","N",NA,"Completed"
2024-07-09,"2024","Jul",Jul 2024,"LXN","0243","09","LXND2407-09","LXCOLL_20240709_1_0243_1",56.3,"(55,60]","No","F","2","Yes","N",NA,"Completed"
2024-07-09,"2024","Jul",Jul 2024,"LXN","0243","10","LXND2407-10","LXCOLL_20240709_1_0243_1",48.4,"(45,50]","No","F","2","Yes","N",NA,"Completed"
2024-07-09,"2024","Jul",Jul 2024,"LXN","0244","11","LXND2407-11","LXCOLL_20240709_1_0244_1",44.15,"(40,45]","No","M","2","No","N",NA,"Completed"
2024-07-09,"2024","Jul",Jul 2024,"LXN","0244","12","LXND2407-12","LXCOLL_20240709_1_0244_1",38.97,"(35,40]","No","F","2","No","N",NA,"Completed"
2024-07-09,"2024","Jul",Jul 2024,"LXN","0244","13","LXND2407-13","LXCOLL_20240709_1_0244_1",51.32,"(50,55]","No","F","2","No","N",NA,"Completed"
2024-07-09,"2024","Jul",Jul 2024,"LXN","0244","14","LXND2407-14","LXCOLL_20240709_1_0244_1",38.69,"(35,40]","No","M","2","No","N",NA,"Completed"
2024-07-09,"2024","Jul",Jul 2024,"LXN","0244","15","LXND2407-15","LXCOLL_20240709_1_0244_1",47.26,"(45,50]","No","F","2","Yes","N",NA,"Completed"
2024-08-06,"2024","Aug",Aug 2024,"LXN","0242","01","LXND2408-01","LXCOLL_20240806_1_0242_1",45.08,"(45,50]","No","F","2","No","N",NA,"Completed"
2024-08-06,"2024","Aug",Aug 2024,"LXN","0242","02","LXND2408-02","LXCOLL_20240806_1_0242_1",50.56,"(50,55]","No","F","2","Yes","N",NA,"Completed"
2024-08-06,"2024","Aug",Aug 2024,"LXN","0242","03","LXND2408-03","LXCOLL_20240806_1_0242_1",51.43,"(50,55]","No","M","2","No","N",NA,"Completed"
2024-08-06,"2024","Aug",Aug 2024,"LXN","0242","04","LXND2408-04","LXCOLL_20240806_1_0242_1",42.02,"(40,45]","No","F","2","Yes","N",NA,"Completed"
2024-08-06,"2024","Aug",Aug 2024,"LXN","0242","05","LXND2408-05","LXCOLL_20240806_1_0242_1",35.53,"(35,40]","No","M","2","No","N",NA,"Completed"
2024-08-06,"2024","Aug",Aug 2024,"LXN","0243","06","LXND2408-06","LXCOLL_20240806_1_0243_1",58.48,"(55,60]","No","M","2","No","N",NA,"Completed"
2024-08-06,"2024","Aug",Aug 2024,"LXN","0243","07","LXND2408-07","LXCOLL_20240806_1_0243_1",53.8,"(50,55]","No","F","2","No","N",NA,"Completed"
2024-08-06,"2024","Aug",Aug 2024,"LXN","0243","08","LXND2408-08","LXCOLL_20240806_1_0243_1",44.84,"(40,45]","No","M","2","No","N",NA,"Completed"
2024-08-06,"2024","Aug",Aug 2024,"LXN","0243","09","LXND2408-09","LXCOLL_20240806_1_0243_1",53.86,"(50,55]","No","F","2","Yes","N",NA,"Completed"
2024-08-06,"2024","Aug",Aug 2024,"LXN","0243","10","LXND2408-10","LXCOLL_20240806_1_0243_1",43.51,"(40,45]","No","M","2","No","N",NA,"Completed"
2024-08-06,"2024","Aug",Aug 2024,"LXN","0244","11","LXND2408-11","LXCOLL_20240806_1_0244_1",66.28,"(65,70]","No","Z","4","Yes","N",NA,"Completed"
2024-08-06,"2024","Aug",Aug 2024,"LXN","0244","12","LXND2408-12","LXCOLL_20240806_1_0244_1",37.54,"(35,40]","No","Z","Z","Buceph","Y",NA,"Completed"
2024-08-06,"2024","Aug",Aug 2024,"LXN","0244","13","LXND2408-13","LXCOLL_20240806_1_0244_1",36.71,"(35,40]","No","M","2","No","N",NA,"Completed"
2024-08-06,"2024","Aug",Aug 2024,"LXN","0244","14","LXND2408-14","LXCOLL_20240806_1_0244_1",44.38,"(40,45]","No","F","2","No","N",NA,"Completed"
2024-08-06,"2024","Aug",Aug 2024,"LXN","0244","15","LXND2408-15","LXCOLL_20240806_1_0244_1",33.25,"(30,35]","No","F","2","Yes","N",NA,"Completed"
2024-09-04,"2024","Sep",Sep 2024,"LXN","0242","01","LXND2409-01","LXCOLL_20240904_1_0242_1",56.59,"(55,60]","No","M","2","No","N",NA,"Completed"
2024-09-04,"2024","Sep",Sep 2024,"LXN","0242","02","LXND2409-02","LXCOLL_20240904_1_0242_1",49.83,"(45,50]","No","F","2","No","N",NA,"Completed"
2024-09-04,"2024","Sep",Sep 2024,"LXN","0242","03","LXND2409-03","LXCOLL_20240904_1_0242_1",35,"(30,35]","No","M","2","No","N",NA,"Completed"
2024-09-04,"2024","Sep",Sep 2024,"LXN","0242","04","LXND2409-04","LXCOLL_20240904_1_0242_1",37.5,"(35,40]","No","M","2","No","N",NA,"Completed"
2024-09-04,"2024","Sep",Sep 2024,"LXN","0242","05","LXND2409-05","LXCOLL_20240904_1_0242_1",37.34,"(35,40]","No","F","2","No","N",NA,"Completed"
2024-09-04,"2024","Sep",Sep 2024,"LXN","0243","06","LXND2409-06","LXCOLL_20240904_1_0243_1",71.21,"(70,75]","No","F","2","No","N",NA,"Completed"
2024-09-04,"2024","Sep",Sep 2024,"LXN","0243","07","LXND2409-07","LXCOLL_20240904_1_0243_1",53.56,"(50,55]","No","F","2","Yes","N",NA,"Completed"
2024-09-04,"2024","Sep",Sep 2024,"LXN","0243","08","LXND2409-08","LXCOLL_20240904_1_0243_1",71.6,"(70,75]","No","F","2","No","N",NA,"Completed"
2024-09-04,"2024","Sep",Sep 2024,"LXN","0243","09","LXND2409-09","LXCOLL_20240904_1_0243_1",58.29,"(55,60]","No","F","2","No","N",NA,"Completed"
2024-09-04,"2024","Sep",Sep 2024,"LXN","0243","10","LXND2409-10","LXCOLL_20240904_1_0243_1",48.09,"(45,50]","No","F","2","No","N",NA,"Completed"
2024-09-04,"2024","Sep",Sep 2024,"LXN","0244","11","LXND2409-11","LXCOLL_20240904_1_0244_1",50.47,"(50,55]","No","F","2","No","N",NA,"Completed"
2024-09-04,"2024","Sep",Sep 2024,"LXN","0244","12","LXND2409-12","LXCOLL_20240904_1_0244_1",53.47,"(50,55]","No","M","2","No","N",NA,"Completed"
2024-09-04,"2024","Sep",Sep 2024,"LXN","0244","13","LXND2409-13","LXCOLL_20240904_1_0244_1",53.94,"(50,55]","No","F","2","No","N",NA,"Completed"
2024-09-04,"2024","Sep",Sep 2024,"LXN","0244","14","LXND2409-14","LXCOLL_20240904_1_0244_1",56.72,"(55,60]","No","F","2","No","N",NA,"Completed"
2024-09-04,"2024","Sep",Sep 2024,"LXN","0244","15","LXND2409-15","LXCOLL_20240904_1_0244_1",39.91,"(35,40]","No","F","2","No","N",NA,"Completed"
2024-10-02,"2024","Oct",Oct 2024,"LXN","0242","01","LXND2410-01","LXCOLL_20241002_1_0242_1",65.1,"(65,70]","No","F","3","No","N",NA,"Completed"
2024-10-02,"2024","Oct",Oct 2024,"LXN","0242","02","LXND2410-02","LXCOLL_20241002_1_0242_1",46.46,"(45,50]","No","M","2","Yes","N",NA,"Completed"
2024-10-02,"2024","Oct",Oct 2024,"LXN","0242","03","LXND2410-03","LXCOLL_20241002_1_0242_1",45.23,"(45,50]","No","M","2","No","N",NA,"Completed"
2024-10-02,"2024","Oct",Oct 2024,"LXN","0242","04","LXND2410-04","LXCOLL_20241002_1_0242_1",74.11,"(70,75]","No","F","2","No","N",NA,"Completed"
2024-10-02,"2024","Oct",Oct 2024,"LXN","0242","05","LXND2410-05","LXCOLL_20241002_1_0242_1",43.4,"(40,45]","No","F","2","No","N",NA,"Completed"
2024-10-02,"2024","Oct",Oct 2024,"LXN","0243","06","LXND2410-06","LXCOLL_20241002_1_0243_1",52.93,"(50,55]","No","F","2","No","N",NA,"Completed"
2024-10-02,"2024","Oct",Oct 2024,"LXN","0243","07","LXND2410-07","LXCOLL_20241002_1_0243_1",58.39,"(55,60]","No","F","2","No","N",NA,"Completed"
2024-10-02,"2024","Oct",Oct 2024,"LXN","0243","08","LXND2410-08","LXCOLL_20241002_1_0243_1",55.7,"(55,60]","No","M","2","No","N",NA,"Completed"
2024-10-02,"2024","Oct",Oct 2024,"LXN","0243","09","LXND2410-09","LXCOLL_20241002_1_0243_1",57.77,"(55,60]","No","F","2","No","N",NA,"Completed"
2024-10-02,"2024","Oct",Oct 2024,"LXN","0243","10","LXND2410-10","LXCOLL_20241002_1_0243_1",62.11,"(60,65]","No","F","2","No","N",NA,"Completed"
2024-10-02,"2024","Oct",Oct 2024,"LXN","0244","11","LXND2410-11","LXCOLL_20241002_1_0244_1",48.7,"(45,50]","No","F","2","No","N",NA,"Completed"
2024-10-02,"2024","Oct",Oct 2024,"LXN","0244","12","LXND2410-12","LXCOLL_20241002_1_0244_1",36.3,"(35,40]","No","M","2","No","N",NA,"Completed"
2024-10-02,"2024","Oct",Oct 2024,"LXN","0244","13","LXND2410-13","LXCOLL_20241002_1_0244_1",39.11,"(35,40]","No","F","3","No","N",NA,"Completed"
2024-10-02,"2024","Oct",Oct 2024,"LXN","0244","14","LXND2410-14","LXCOLL_20241002_1_0244_1",40.94,"(40,45]","No","M","2","No","N",NA,"Completed"
2024-10-02,"2024","Oct",Oct 2024,"LXN","0244","15","LXND2410-15","LXCOLL_20241002_1_0244_1",45.15,"(45,50]","No","F","2","No","N",NA,"Completed"
2024-11-05,"2024","Nov",Nov 2024,"LXN","0242","01","LXND2411-01","LXCOLL_20241105_1_0242_1",46.15,"(45,50]","No","F","1","No","N",NA,"Completed"
2024-11-05,"2024","Nov",Nov 2024,"LXN","0242","02","LXND2411-02","LXCOLL_20241105_1_0242_1",44.99,"(40,45]","No","F","3","No","N",NA,"Completed"
2024-11-05,"2024","Nov",Nov 2024,"LXN","0242","03","LXND2411-03","LXCOLL_20241105_1_0242_1",59.03,"(55,60]","No","F","2","No","N",NA,"Completed"
2024-11-05,"2024","Nov",Nov 2024,"LXN","0242","04","LXND2411-04","LXCOLL_20241105_1_0242_1",50.96,"(50,55]","No","F","2","No","N",NA,"Completed"
2024-11-05,"2024","Nov",Nov 2024,"LXN","0242","05","LXND2411-05","LXCOLL_20241105_1_0242_1",37.11,"(35,40]","No","M","2","No","N",NA,"Completed"
2024-11-05,"2024","Nov",Nov 2024,"LXN","0243","06","LXND2411-06","LXCOLL_20241105_1_0243_1",58.94,"(55,60]","No","F","Z","No","N",NA,"Completed"
2024-11-05,"2024","Nov",Nov 2024,"LXN","0243","07","LXND2411-07","LXCOLL_20241105_1_0243_1",53.04,"(50,55]","No","F","3","No","N",NA,"Completed"
2024-11-05,"2024","Nov",Nov 2024,"LXN","0243","08","LXND2411-08","LXCOLL_20241105_1_0243_1",39.99,"(35,40]","No","F","3","No","N",NA,"Completed"
2024-11-05,"2024","Nov",Nov 2024,"LXN","0243","09","LXND2411-09","LXCOLL_20241105_1_0243_1",56.32,"(55,60]","No","F","3","No","N",NA,"Completed"
2024-11-05,"2024","Nov",Nov 2024,"LXN","0243","10","LXND2411-10","LXCOLL_20241105_1_0243_1",48.99,"(45,50]","No","F","3","No","N",NA,"Completed"
2024-11-05,"2024","Nov",Nov 2024,"LXN","0244","11","LXND2411-11","LXCOLL_20241105_1_0244_1",34.32,"(30,35]","No","F","2","No","N",NA,"Completed"
2024-11-05,"2024","Nov",Nov 2024,"LXN","0244","12","LXND2411-12","LXCOLL_20241105_1_0244_1",52.8,"(50,55]","No","F","1","No","N",NA,"Completed"
2024-11-05,"2024","Nov",Nov 2024,"LXN","0244","13","LXND2411-13","LXCOLL_20241105_1_0244_1",42.19,"(40,45]","No","F","3","No","N",NA,"Completed"
2024-11-05,"2024","Nov",Nov 2024,"LXN","0244","14","LXND2411-14","LXCOLL_20241105_1_0244_1",47.59,"(45,50]","No","F","3","No","N",NA,"Completed"
2024-11-05,"2024","Nov",Nov 2024,"LXN","0244","15","LXND2411-15","LXCOLL_20241105_1_0244_1",42.53,"(40,45]","No","F","2","No","N",NA,"Completed"
2024-12-04,"2024","Dec",Dec 2024,"LXN","0242","01","LXND2412-01","LXCOLL_20241204_1_0242_1",56.23,"(55,60]","No","Z","4","No","N",NA,"Completed"
2024-12-04,"2024","Dec",Dec 2024,"LXN","0242","02","LXND2412-02","LXCOLL_20241204_1_0242_1",41.22,"(40,45]","No","M","2","No","N",NA,"Completed"
2024-12-04,"2024","Dec",Dec 2024,"LXN","0242","03","LXND2412-03","LXCOLL_20241204_1_0242_1",43.01,"(40,45]","No","Z","4","No","N",NA,"Completed"
2024-12-04,"2024","Dec",Dec 2024,"LXN","0242","04","LXND2412-04","LXCOLL_20241204_1_0242_1",46.44,"(45,50]","No","Z","4","No","N",NA,"Completed"
2024-12-04,"2024","Dec",Dec 2024,"LXN","0242","05","LXND2412-05","LXCOLL_20241204_1_0242_1",49.25,"(45,50]","No","Z","4","Yes","N",NA,"Completed"
2024-12-04,"2024","Dec",Dec 2024,"LXN","0243","06","LXND2412-06","LXCOLL_20241204_1_0243_1",69.07,"(65,70]","No","Z","4","No","N",NA,"Completed"
2024-12-04,"2024","Dec",Dec 2024,"LXN","0243","07","LXND2412-07","LXCOLL_20241204_1_0243_1",59.46,"(55,60]","No","F","3","No","N",NA,"Completed"
2024-12-04,"2024","Dec",Dec 2024,"LXN","0243","08","LXND2412-08","LXCOLL_20241204_1_0243_1",53.8,"(50,55]","No","M","2","No","N",NA,"Completed"
2024-12-04,"2024","Dec",Dec 2024,"LXN","0243","09","LXND2412-09","LXCOLL_20241204_1_0243_1",48.7,"(45,50]","No","F","2","No","N",NA,"Completed"
2024-12-04,"2024","Dec",Dec 2024,"LXN","0243","10","LXND2412-10","LXCOLL_20241204_1_0243_1",46.33,"(45,50]","No","F","3","No","N",NA,"Completed"
2024-12-04,"2024","Dec",Dec 2024,"LXN","0244","11","LXND2412-11","LXCOLL_20241204_1_0244_1",40.88,"(40,45]","No","Z","4","No","N",NA,"Completed"
2024-12-04,"2024","Dec",Dec 2024,"LXN","0244","12","LXND2412-12","LXCOLL_20241204_1_0244_1",41.86,"(40,45]","No","M","2","No","N",NA,"Completed"
2024-12-04,"2024","Dec",Dec 2024,"LXN","0244","13","LXND2412-13","LXCOLL_20241204_1_0244_1",45.18,"(45,50]","No","Z","4","No","N",NA,"Completed"
2024-12-04,"2024","Dec",Dec 2024,"LXN","0244","14","LXND2412-14","LXCOLL_20241204_1_0244_1",39.8,"(35,40]","No","Z","4","No","N",NA,"Completed"
2024-12-04,"2024","Dec",Dec 2024,"LXN","0244","15","LXND2412-15","LXCOLL_20241204_1_0244_1",38.29,"(35,40]","No","Z","4","No","N",NA,"Completed"
2025-01-06,"2025","Jan",Jan 2025,"LXN","0242","01","LXND2501-01","LXCOLL_20250106_1_0242_1",76.45,"(75,80]","No","F","1","No","N",NA,"Completed"
2025-01-06,"2025","Jan",Jan 2025,"LXN","0242","02","LXND2501-02","LXCOLL_20250106_1_0242_1",42.65,"(40,45]","No","F","1","No","N",NA,"Completed"
2025-01-06,"2025","Jan",Jan 2025,"LXN","0242","03","LXND2501-03","LXCOLL_20250106_1_0242_1",57.88,"(55,60]","No","F","1","No","N","VGH","Completed"
2025-01-06,"2025","Jan",Jan 2025,"LXN","0242","04","LXND2501-04","LXCOLL_20250106_1_0242_1",44.14,"(40,45]","No","F","1","No","N",NA,"Completed"
2025-01-06,"2025","Jan",Jan 2025,"LXN","0242","05","LXND2501-05","LXCOLL_20250106_1_0242_1",41.27,"(40,45]","No","F","1","No","N",NA,"Completed"
2025-01-06,"2025","Jan",Jan 2025,"LXN","0243","06","LXND2501-06","LXCOLL_20250106_1_0243_1",58.81,"(55,60]","No","Z","4","No","N",NA,"Completed"
2025-01-06,"2025","Jan",Jan 2025,"LXN","0243","07","LXND2501-07","LXCOLL_20250106_1_0243_1",54.61,"(50,55]","No","Z","4","No","N",NA,"Completed"
2025-01-06,"2025","Jan",Jan 2025,"LXN","0243","08","LXND2501-08","LXCOLL_20250106_1_0243_1",64.66,"(60,65]","No","Z","4","No","N",NA,"Completed"
2025-01-06,"2025","Jan",Jan 2025,"LXN","0243","09","LXND2501-09","LXCOLL_20250106_1_0243_1",63.6,"(60,65]","No","Z","Z","Buceph","Y",NA,"Completed"
2025-01-06,"2025","Jan",Jan 2025,"LXN","0243","10","LXND2501-10","LXCOLL_20250106_1_0243_1",58.41,"(55,60]","No","Z","4","No","N",NA,"Completed"
2025-01-06,"2025","Jan",Jan 2025,"LXN","0244","11","LXND2501-11","LXCOLL_20250106_1_0244_1",50.48,"(50,55]","No","F","1","No","N",NA,"Completed"
2025-01-06,"2025","Jan",Jan 2025,"LXN","0244","12","LXND2501-12","LXCOLL_20250106_1_0244_1",40.33,"(40,45]","No","Z","4","No","N",NA,"Completed"
2025-01-06,"2025","Jan",Jan 2025,"LXN","0244","13","LXND2501-13","LXCOLL_20250106_1_0244_1",44.56,"(40,45]","No","Z","4","No","N",NA,"Completed"
2025-01-06,"2025","Jan",Jan 2025,"LXN","0244","14","LXND2501-14","LXCOLL_20250106_1_0244_1",40.36,"(40,45]","No","Z","4","No","Y","only gill tissue","Completed"
2025-01-06,"2025","Jan",Jan 2025,"LXN","0244","15","LXND2501-15","LXCOLL_20250106_1_0244_1",35.65,"(35,40]","No","F","1","Yes","N",NA,"Completed"
2025-02-11,"2025","Feb",Feb 2025,"LXN","0242","01","LXND2502-01","LXCOLL_20250211_1_0242_1",62.72,"(60,65]","No","F","1","No","N",NA,"Completed"
2025-02-11,"2025","Feb",Feb 2025,"LXN","0242","02","LXND2502-02","LXCOLL_20250211_1_0242_1",60.08,"(60,65]","No","M","2","Yes","N",NA,"Completed"
2025-02-11,"2025","Feb",Feb 2025,"LXN","0242","03","LXND2502-03","LXCOLL_20250211_1_0242_1",56.52,"(55,60]","No","F","2","No","N",NA,"Completed"
2025-02-11,"2025","Feb",Feb 2025,"LXN","0242","04","LXND2502-04","LXCOLL_20250211_1_0242_1",60.07,"(60,65]","No","F","2","No","N",NA,"Completed"
2025-02-11,"2025","Feb",Feb 2025,"LXN","0242","05","LXND2502-05","LXCOLL_20250211_1_0242_1",49.76,"(45,50]","No","M","2","No","N",NA,"Completed"
2025-02-11,"2025","Feb",Feb 2025,"LXN","0243","06","LXND2502-06","LXCOLL_20250211_1_0243_1",47.88,"(45,50]","No","Z","4","Yes","N",NA,"Completed"
2025-02-11,"2025","Feb",Feb 2025,"LXN","0243","07","LXND2502-07","LXCOLL_20250211_1_0243_1",55.99,"(55,60]","No","M","2","Yes","N",NA,"Completed"
2025-02-11,"2025","Feb",Feb 2025,"LXN","0243","08","LXND2502-08","LXCOLL_20250211_1_0243_1",53.55,"(50,55]","No","F","1","Yes","N",NA,"Completed"
2025-02-11,"2025","Feb",Feb 2025,"LXN","0243","09","LXND2502-09","LXCOLL_20250211_1_0243_1",51.45,"(50,55]","No","F","2","No","N",NA,"Completed"
2025-02-11,"2025","Feb",Feb 2025,"LXN","0243","10","LXND2502-10","LXCOLL_20250211_1_0243_1",51.32,"(50,55]","No","Z","4","Yes","N",NA,"Completed"
2025-02-11,"2025","Feb",Feb 2025,"LXN","0244","11","LXND2502-11","LXCOLL_20250211_1_0244_1",55.56,"(55,60]","No","F","1","No","N",NA,"Completed"
2025-02-11,"2025","Feb",Feb 2025,"LXN","0244","12","LXND2502-12","LXCOLL_20250211_1_0244_1",63.6,"(60,65]","No","F","1","No","N",NA,"Completed"
2025-02-11,"2025","Feb",Feb 2025,"LXN","0244","13","LXND2502-13","LXCOLL_20250211_1_0244_1",43,"(40,45]","No","F","1","No","N",NA,"Completed"
2025-02-11,"2025","Feb",Feb 2025,"LXN","0244","14","LXND2502-14","LXCOLL_20250211_1_0244_1",63.7,"(60,65]","No","F","2","Yes","N",NA,"Completed"
2025-02-11,"2025","Feb",Feb 2025,"LXN","0244","15","LXND2502-15","LXCOLL_20250211_1_0244_1",41.39,"(40,45]","No","Z","4","No","N",NA,"Completed"
2025-03-18,"2025","Mar",Mar 2025,"LXN","0242","01","LXND2503-01","LXCOLL_20250318_1_0242_1",57.89,"(55,60]","No","F","2","No","N",NA,"Completed"
2025-03-18,"2025","Mar",Mar 2025,"LXN","0242","02","LXND2503-02","LXCOLL_20250318_1_0242_1",38.27,"(35,40]","No","M","2","No","N",NA,"Completed"
2025-03-18,"2025","Mar",Mar 2025,"LXN","0242","03","LXND2503-03","LXCOLL_20250318_1_0242_1",57.09,"(55,60]","No","M","2","No","N",NA,"Completed"
2025-03-18,"2025","Mar",Mar 2025,"LXN","0242","04","LXND2503-04","LXCOLL_20250318_1_0242_1",42.6,"(40,45]","No","Z","4","Yes","N",NA,"Completed"
2025-03-18,"2025","Mar",Mar 2025,"LXN","0242","05","LXND2503-05","LXCOLL_20250318_1_0242_1",49.73,"(45,50]","No","M","2","No","N",NA,"Completed"
2025-03-18,"2025","Mar",Mar 2025,"LXN","0243","06","LXND2503-06","LXCOLL_20250318_1_0243_1",56.38,"(55,60]","No","F","2","Yes","N",NA,"Completed"
2025-03-18,"2025","Mar",Mar 2025,"LXN","0243","07","LXND2503-07","LXCOLL_20250318_1_0243_1",48.98,"(45,50]","No","M","2","No","N",NA,"Completed"
2025-03-18,"2025","Mar",Mar 2025,"LXN","0243","08","LXND2503-08","LXCOLL_20250318_1_0243_1",53.64,"(50,55]","No","F","2","No","N",NA,"Completed"
2025-03-18,"2025","Mar",Mar 2025,"LXN","0243","09","LXND2503-09","LXCOLL_20250318_1_0243_1",49.69,"(45,50]","No","F","2","Yes","N",NA,"Completed"
2025-03-18,"2025","Mar",Mar 2025,"LXN","0243","10","LXND2503-10","LXCOLL_20250318_1_0243_1",45.58,"(45,50]","No","M","2","Yes","N",NA,"Completed"
2025-03-18,"2025","Mar",Mar 2025,"LXN","0244","11","LXND2503-11","LXCOLL_20250318_1_0244_1",60.83,"(60,65]","No","F","1","No","N",NA,"Completed"
2025-03-18,"2025","Mar",Mar 2025,"LXN","0244","12","LXND2503-12","LXCOLL_20250318_1_0244_1",54.02,"(50,55]","No","F","1","Yes","N",NA,"Completed"
2025-03-18,"2025","Mar",Mar 2025,"LXN","0244","13","LXND2503-13","LXCOLL_20250318_1_0244_1",76.06,"(75,80]","No","F","2","Yes","N",NA,"Completed"
2025-03-18,"2025","Mar",Mar 2025,"LXN","0244","14","LXND2503-14","LXCOLL_20250318_1_0244_1",48.35,"(45,50]","No","M","2","Yes","N",NA,"Completed"
2025-03-18,"2025","Mar",Mar 2025,"LXN","0244","15","LXND2503-15","LXCOLL_20250318_1_0244_1",58.5,"(55,60]","No","F","2","No","N",NA,"Completed"
2025-03-18,"2025","Mar",Mar 2025,"LXN","0242","16","LXND2503-16","LXCOLL_20250318_1_0242_1",31.49,"(30,35]","No","Z","4","Yes","N","1=second spawn","Completed"
2025-03-18,"2025","Mar",Mar 2025,"LXN","0242","17","LXND2503-17","LXCOLL_20250318_1_0242_1",25.12,"(25,30]","No","M","2","No","N",NA,"Completed"
2025-03-18,"2025","Mar",Mar 2025,"LXN","0242","18","LXND2503-18","LXCOLL_20250318_1_0242_1",13.9,"(10,15]","No","Z","4","No","N","1=second spawn","Completed"
2025-03-18,"2025","Mar",Mar 2025,"LXN","0242","19","LXND2503-19","LXCOLL_20250318_1_0242_1",35.02,"(35,40]","No","M","3","No","N",NA,"Completed"
2025-03-18,"2025","Mar",Mar 2025,"LXN","0242","20","LXND2503-20","LXCOLL_20250318_1_0242_1",20,"(15,20]","No","Z","Z","No","Y",NA,"Completed"
2025-03-18,"2025","Mar",Mar 2025,"LXN","0242","21","LXND2503-21","LXCOLL_20250318_1_0242_1",20.51,"(20,25]","No","M","2","No","N",NA,"Completed"
2025-03-18,"2025","Mar",Mar 2025,"LXN","0242","22","LXND2503-22","LXCOLL_20250318_1_0242_1",16.19,"(15,20]","No","Z","Z","No","Y",NA,"Completed"
2025-03-18,"2025","Mar",Mar 2025,"LXN","0242","23","LXND2503-23","LXCOLL_20250318_1_0242_1",36.73,"(35,40]","No","F","2","No","N",NA,"Completed"
2025-03-18,"2025","Mar",Mar 2025,"LXN","0242","24","LXND2503-24","LXCOLL_20250318_1_0242_1",17.22,"(15,20]","No","Z","Z","No","Y",NA,"Completed"
2025-03-18,"2025","Mar",Mar 2025,"LXN","0242","25","LXND2503-25","LXCOLL_20250318_1_0242_1",39.89,"(35,40]","No","F","2","No","N",NA,"Completed"
2025-03-18,"2025","Mar",Mar 2025,"LXN","0242","26","LXND2503-26","LXCOLL_20250318_1_0242_1",29.94,"(25,30]","No","F","1","No","N",NA,"Completed"
2025-03-18,"2025","Mar",Mar 2025,"LXN","0242","27","LXND2503-27","LXCOLL_20250318_1_0242_1",23.86,"(20,25]","No","M","2","Yes","N",NA,"Completed"
2025-03-18,"2025","Mar",Mar 2025,"LXN","0242","28","LXND2503-28","LXCOLL_20250318_1_0242_1",31.72,"(30,35]","No","M","2","No","N",NA,"Completed"
2025-03-18,"2025","Mar",Mar 2025,"LXN","0243","29","LXND2503-29","LXCOLL_20250318_1_0243_1",43.09,"(40,45]","No","F","2","Yes","N",NA,"Completed"
2025-03-18,"2025","Mar",Mar 2025,"LXN","0243","30","LXND2503-30","LXCOLL_20250318_1_0243_1",22.59,"(20,25]","No","F","2","No","N",NA,"Completed"
2025-03-18,"2025","Mar",Mar 2025,"LXN","0243","31","LXND2503-31","LXCOLL_20250318_1_0243_1",32.99,"(30,35]","No","M","1","Yes","N",NA,"Completed"
2025-03-18,"2025","Mar",Mar 2025,"LXN","0243","32","LXND2503-32","LXCOLL_20250318_1_0243_1",36.91,"(35,40]","No","F","2","No","N",NA,"Completed"
2025-03-18,"2025","Mar",Mar 2025,"LXN","0243","33","LXND2503-33","LXCOLL_20250318_1_0243_1",19.11,"(15,20]","No","Z","4","No","N","1=second spawn","Completed"
2025-03-18,"2025","Mar",Mar 2025,"LXN","0243","34","LXND2503-34","LXCOLL_20250318_1_0243_1",22.58,"(20,25]","No","M","2","No","N",NA,"Completed"
2025-03-18,"2025","Mar",Mar 2025,"LXN","0243","35","LXND2503-35","LXCOLL_20250318_1_0243_1",22.82,"(20,25]","No","F","2","No","N",NA,"Completed"
2025-03-18,"2025","Mar",Mar 2025,"LXN","0243","36","LXND2503-36","LXCOLL_20250318_1_0243_1",32.89,"(30,35]","No","F","1","No","N",NA,"Completed"
2025-03-18,"2025","Mar",Mar 2025,"LXN","0243","37","LXND2503-37","LXCOLL_20250318_1_0243_1",20.8,"(20,25]","No","M","2","No","N",NA,"Completed"
2025-03-18,"2025","Mar",Mar 2025,"LXN","0243","38","LXND2503-38","LXCOLL_20250318_1_0243_1",29.39,"(25,30]","No","M","2","No","N",NA,"Completed"
2025-03-18,"2025","Mar",Mar 2025,"LXN","0243","39","LXND2503-39","LXCOLL_20250318_1_0243_1",29.21,"(25,30]","No","F","Z","Yes","N",NA,"Completed"
2025-03-18,"2025","Mar",Mar 2025,"LXN","0244","40","LXND2503-40","LXCOLL_20250318_1_0244_1",24.47,"(20,25]","No","M","2","No","N",NA,"Completed"
2025-03-18,"2025","Mar",Mar 2025,"LXN","0244","41","LXND2503-41","LXCOLL_20250318_1_0244_1",23.44,"(20,25]","No","M","2","No","N",NA,"Completed"
2025-03-18,"2025","Mar",Mar 2025,"LXN","0244","42","LXND2503-42","LXCOLL_20250318_1_0244_1",33.82,"(30,35]","No","M","2","No","N",NA,"Completed"
2025-03-18,"2025","Mar",Mar 2025,"LXN","0244","43","LXND2503-43","LXCOLL_20250318_1_0244_1",20.36,"(20,25]","No","Z","Z","No","Y",NA,"Completed"
2025-03-18,"2025","Mar",Mar 2025,"LXN","0244","44","LXND2503-44","LXCOLL_20250318_1_0244_1",11.47,"(10,15]","No","Z","Z","No","Y",NA,"Completed"
2025-03-18,"2025","Mar",Mar 2025,"LXN","0244","45","LXND2503-45","LXCOLL_20250318_1_0244_1",38.19,"(35,40]","No","M","2","No","N",NA,"Completed"
2025-03-18,"2025","Mar",Mar 2025,"LXN","0244","46","LXND2503-46","LXCOLL_20250318_1_0244_1",28.01,"(25,30]","No","M","2","No","N",NA,"Completed"
2025-03-18,"2025","Mar",Mar 2025,"LXN","0244","47","LXND2503-47","LXCOLL_20250318_1_0244_1",26.75,"(25,30]","No","M","2","No","N",NA,"Completed"
2025-03-18,"2025","Mar",Mar 2025,"LXN","0244","48","LXND2503-48","LXCOLL_20250318_1_0244_1",26.85,"(25,30]","No","M","2","Yes","N",NA,"Completed"
2025-03-18,"2025","Mar",Mar 2025,"LXN","0244","49","LXND2503-49","LXCOLL_20250318_1_0244_1",20.61,"(20,25]","No","Z","4","No","N","1=second spawn","Completed"
2025-03-18,"2025","Mar",Mar 2025,"LXN","0244","50","LXND2503-50","LXCOLL_20250318_1_0244_1",54.39,"(50,55]","No","F","2","Yes","N",NA,"Completed"
2025-03-18,"2025","Mar",Mar 2025,"LXN","0244","51","LXND2503-51","LXCOLL_20250318_1_0244_1",32.8,"(30,35]","No","M","2","No","N",NA,"Completed"
2025-03-18,"2025","Mar",Mar 2025,"LXN","0244","52","LXND2503-52","LXCOLL_20250318_1_0244_1",20.65,"(20,25]","No","M","2","No","N",NA,"Completed"
2025-03-18,"2025","Mar",Mar 2025,"LXN","0244","53","LXND2503-53","LXCOLL_20250318_1_0244_1",31.04,"(30,35]","No","M","2","No","N",NA,"Completed"
2025-03-18,"2025","Mar",Mar 2025,"LXN","0244","54","LXND2503-54","LXCOLL_20250318_1_0244_1",40.21,"(40,45]","No","M","2","No","N",NA,"Completed"
2025-03-18,"2025","Mar",Mar 2025,"LXN","0244","55","LXND2503-55","LXCOLL_20250318_1_0244_1",32.78,"(30,35]","No","M","2","No","N",NA,"Completed"
2025-04-08,"2025","Apr",Apr 2025,"LXN","0242","01","LXND2504-01","LXCOLL_20250408_1_0242_1",62.09,"(60,65]","No","F","2","No","N",NA,"Completed"
2025-04-08,"2025","Apr",Apr 2025,"LXN","0242","03","LXND2504-03","LXCOLL_20250408_1_0242_1",41.6,"(40,45]","No","Z","4","Yes","N",NA,"Completed"
2025-04-08,"2025","Apr",Apr 2025,"LXN","0242","04","LXND2504-04","LXCOLL_20250408_1_0242_1",47.92,"(45,50]","No","F","2","No","N",NA,"Completed"
2025-04-08,"2025","Apr",Apr 2025,"LXN","0242","05","LXND2504-05","LXCOLL_20250408_1_0242_1",55.1,"(55,60]","No","F","2","No","N",NA,"Completed"
2025-04-08,"2025","Apr",Apr 2025,"LXN","0243","06","LXND2504-06","LXCOLL_20250408_1_0243_1",58.34,"(55,60]","No","F","1","No","N",NA,"Completed"
2025-04-08,"2025","Apr",Apr 2025,"LXN","0243","07","LXND2504-07","LXCOLL_20250408_1_0243_1",44.48,"(40,45]","No","F","2","No","N",NA,"Completed"
2025-04-08,"2025","Apr",Apr 2025,"LXN","0243","08","LXND2504-08","LXCOLL_20250408_1_0243_1",60.11,"(60,65]","No","F","2","No","N",NA,"Completed"
2025-04-08,"2025","Apr",Apr 2025,"LXN","0243","09","LXND2504-09","LXCOLL_20250408_1_0243_1",55.7,"(55,60]","No","M","2","No","N",NA,"Completed"
2025-04-08,"2025","Apr",Apr 2025,"LXN","0243","10","LXND2504-10","LXCOLL_20250408_1_0243_1",60.61,"(60,65]","No","F","2","No","N",NA,"Completed"
2025-04-08,"2025","Apr",Apr 2025,"LXN","0244","11","LXND2504-11","LXCOLL_20250408_1_0244_1",59.12,"(55,60]","No","M","2","No","N",NA,"Completed"
2025-04-08,"2025","Apr",Apr 2025,"LXN","0244","12","LXND2504-12","LXCOLL_20250408_1_0244_1",45.82,"(45,50]","No","M","2","No","N",NA,"Completed"
2025-04-08,"2025","Apr",Apr 2025,"LXN","0244","14","LXND2504-14","LXCOLL_20250408_1_0244_1",47.86,"(45,50]","No","M","2","No","N",NA,"Completed"
2025-04-08,"2025","Apr",Apr 2025,"LXN","0244","15","LXND2504-15","LXCOLL_20250408_1_0244_1",38.95,"(35,40]","No","M","2","No","N",NA,"Completed"
2025-04-08,"2025","Apr",Apr 2025,"LXN","0242","16","LXND2504-16","LXCOLL_20250408_1_0242_1",32.9,"(30,35]","No","M","2","No","N",NA,"Completed"
2025-04-08,"2025","Apr",Apr 2025,"LXN","0242","17","LXND2504-17","LXCOLL_20250408_1_0242_1",37.72,"(35,40]","No","F","1","No","N",NA,"Completed"
2025-04-08,"2025","Apr",Apr 2025,"LXN","0242","18","LXND2504-18","LXCOLL_20250408_1_0242_1",30.93,"(30,35]","No","M","2","No","N",NA,"Completed"
2025-04-08,"2025","Apr",Apr 2025,"LXN","0242","19","LXND2504-19","LXCOLL_20250408_1_0242_1",22.69,"(20,25]","No","M","2","No","N",NA,"Completed"
2025-04-08,"2025","Apr",Apr 2025,"LXN","0242","20","LXND2504-20","LXCOLL_20250408_1_0242_1",26.79,"(25,30]","No","M","2","No","N",NA,"Completed"
2025-04-08,"2025","Apr",Apr 2025,"LXN","0242","21","LXND2504-21","LXCOLL_20250408_1_0242_1",26.22,"(25,30]","No","M","2","Yes","N",NA,"Completed"
2025-04-08,"2025","Apr",Apr 2025,"LXN","0242","22","LXND2504-22","LXCOLL_20250408_1_0242_1",23.26,"(20,25]","No","M","2","No","N",NA,"Completed"
2025-04-08,"2025","Apr",Apr 2025,"LXN","0242","23","LXND2504-23","LXCOLL_20250408_1_0242_1",26.55,"(25,30]","No","M","2","No","N",NA,"Completed"
2025-04-08,"2025","Apr",Apr 2025,"LXN","0242","24","LXND2504-24","LXCOLL_20250408_1_0242_1",24.95,"(20,25]","No","M","2","No","N",NA,"Completed"
2025-04-08,"2025","Apr",Apr 2025,"LXN","0242","25","LXND2504-25","LXCOLL_20250408_1_0242_1",14.44,"(10,15]","No","Z","4","No","N","0=immature","Completed"
2025-04-08,"2025","Apr",Apr 2025,"LXN","0242","26","LXND2504-26","LXCOLL_20250408_1_0242_1",19.05,"(15,20]","No","M","0","No","N","0=first spawn","Completed"
2025-04-08,"2025","Apr",Apr 2025,"LXN","0243","27","LXND2504-27","LXCOLL_20250408_1_0243_1",32.65,"(30,35]","No","M","2","No","N",NA,"Completed"
2025-04-08,"2025","Apr",Apr 2025,"LXN","0243","28","LXND2504-28","LXCOLL_20250408_1_0243_1",30.42,"(30,35]","No","F","2","No","N",NA,"Completed"
2025-04-08,"2025","Apr",Apr 2025,"LXN","0243","29","LXND2504-29","LXCOLL_20250408_1_0243_1",21.89,"(20,25]","No","M","2","No","N",NA,"Completed"
2025-04-08,"2025","Apr",Apr 2025,"LXN","0243","30","LXND2504-30","LXCOLL_20250408_1_0243_1",30.18,"(30,35]","No","M","2","No","N",NA,"Completed"
2025-04-08,"2025","Apr",Apr 2025,"LXN","0243","31","LXND2504-31","LXCOLL_20250408_1_0243_1",31.99,"(30,35]","No","M","2","No","N",NA,"Completed"
2025-04-08,"2025","Apr",Apr 2025,"LXN","0243","32","LXND2504-32","LXCOLL_20250408_1_0243_1",32.43,"(30,35]","No","M","2","Yes","N",NA,"Completed"
2025-04-08,"2025","Apr",Apr 2025,"LXN","0243","33","LXND2504-33","LXCOLL_20250408_1_0243_1",27.09,"(25,30]","No","M","2","No","N",NA,"Completed"
2025-04-08,"2025","Apr",Apr 2025,"LXN","0243","34","LXND2504-34","LXCOLL_20250408_1_0243_1",33.82,"(30,35]","No","M","2","No","N",NA,"Completed"
2025-04-08,"2025","Apr",Apr 2025,"LXN","0243","35","LXND2504-35","LXCOLL_20250408_1_0243_1",35.49,"(35,40]","No","M","2","No","N",NA,"Completed"
2025-04-08,"2025","Apr",Apr 2025,"LXN","0243","36","LXND2504-36","LXCOLL_20250408_1_0243_1",25.89,"(25,30]","No","M","2","No","N",NA,"Completed"
2025-04-08,"2025","Apr",Apr 2025,"LXN","0243","37","LXND2504-37","LXCOLL_20250408_1_0243_1",27.12,"(25,30]","No","M","2","No","N",NA,"Completed"
2025-04-08,"2025","Apr",Apr 2025,"LXN","0243","38","LXND2504-38","LXCOLL_20250408_1_0243_1",39.02,"(35,40]","No","M","2","No","N",NA,"Completed"
2025-04-08,"2025","Apr",Apr 2025,"LXN","0243","39","LXND2504-39","LXCOLL_20250408_1_0243_1",22.16,"(20,25]","No","M","2","No","N",NA,"Completed"
2025-04-08,"2025","Apr",Apr 2025,"LXN","0244","40","LXND2504-40","LXCOLL_20250408_1_0244_1",29.41,"(25,30]","No","M","2","No","N",NA,"Completed"
2025-04-08,"2025","Apr",Apr 2025,"LXN","0244","41","LXND2504-41","LXCOLL_20250408_1_0244_1",19.86,"(15,20]","No","Z","4","Yes","N","1=mature","Completed"
2025-04-08,"2025","Apr",Apr 2025,"LXN","0244","42","LXND2504-42","LXCOLL_20250408_1_0244_1",25.42,"(25,30]","No","M","2","No","N",NA,"Completed"
2025-04-08,"2025","Apr",Apr 2025,"LXN","0244","43","LXND2504-43","LXCOLL_20250408_1_0244_1",26.89,"(25,30]","No","M","2","No","N",NA,"Completed"
2025-04-08,"2025","Apr",Apr 2025,"LXN","0244","44","LXND2504-44","LXCOLL_20250408_1_0244_1",29.54,"(25,30]","No","M","2","No","N",NA,"Completed"
2025-04-08,"2025","Apr",Apr 2025,"LXN","0244","45","LXND2504-45","LXCOLL_20250408_1_0244_1",37.48,"(35,40]","No","M","2","Yes","N",NA,"Completed"
2025-04-08,"2025","Apr",Apr 2025,"LXN","0244","46","LXND2504-46","LXCOLL_20250408_1_0244_1",30.25,"(30,35]","No","M","2","No","N",NA,"Completed"
2025-04-08,"2025","Apr",Apr 2025,"LXN","0244","47","LXND2504-47","LXCOLL_20250408_1_0244_1",19.48,"(15,20]","No","M","2","No","N",NA,"Completed"
2025-04-08,"2025","Apr",Apr 2025,"LXN","0244","48","LXND2504-48","LXCOLL_20250408_1_0244_1",27.26,"(25,30]","No","M","2","No","N",NA,"Completed"
2025-04-08,"2025","Apr",Apr 2025,"LXN","0244","49","LXND2504-49","LXCOLL_20250408_1_0244_1",22.56,"(20,25]","No","M","2","No","N",NA,"Completed"
2025-04-08,"2025","Apr",Apr 2025,"LXN","0244","50","LXND2504-50","LXCOLL_20250408_1_0244_1",16.63,"(15,20]","No","F","1","No","N",NA,"Completed"
2025-05-06,"2025","May",May 2025,"LXN","0242","02","LXND2505-02","LXCOLL_20250506_1_0242_1",48.93,"(45,50]","No","F","2","No","N",NA,"Completed"
2025-05-06,"2025","May",May 2025,"LXN","0242","03","LXND2505-03","LXCOLL_20250506_1_0242_1",57.4,"(55,60]","No","M","2","No","N",NA,"Completed"
2025-05-06,"2025","May",May 2025,"LXN","0242","04","LXND2505-04","LXCOLL_20250506_1_0242_1",51.43,"(50,55]","No","F","2","No","N",NA,"Completed"
2025-05-06,"2025","May",May 2025,"LXN","0242","05","LXND2505-05","LXCOLL_20250506_1_0242_1",60.95,"(60,65]","No","M","2","No","N",NA,"Completed"
2025-05-06,"2025","May",May 2025,"LXN","0243","06","LXND2505-06","LXCOLL_20250506_1_0243_1",61.95,"(60,65]","No","F","2","No","N",NA,"Completed"
2025-05-06,"2025","May",May 2025,"LXN","0243","07","LXND2505-07","LXCOLL_20250506_1_0243_1",47.14,"(45,50]","No","F","2","Yes","N",NA,"Completed"
2025-05-06,"2025","May",May 2025,"LXN","0243","08","LXND2505-08","LXCOLL_20250506_1_0243_1",54.46,"(50,55]","No","M","2","No","N",NA,"Completed"
2025-05-06,"2025","May",May 2025,"LXN","0243","09","LXND2505-09","LXCOLL_20250506_1_0243_1",68.84,"(65,70]","No","M","2","No","N",NA,"Completed"
2025-05-06,"2025","May",May 2025,"LXN","0243","10","LXND2505-10","LXCOLL_20250506_1_0243_1",55.49,"(55,60]","No","F","2","Yes","N",NA,"Completed"
2025-05-06,"2025","May",May 2025,"LXN","0244","11","LXND2505-11","LXCOLL_20250506_1_0244_1",63.2,"(60,65]","No","M","2","No","N",NA,"Completed"
2025-05-06,"2025","May",May 2025,"LXN","0244","12","LXND2505-12","LXCOLL_20250506_1_0244_1",53.94,"(50,55]","No","F","2","No","N",NA,"Completed"
2025-05-06,"2025","May",May 2025,"LXN","0244","13","LXND2505-13","LXCOLL_20250506_1_0244_1",46.61,"(45,50]","No","F","2","No","N",NA,"Completed"
2025-05-06,"2025","May",May 2025,"LXN","0244","14","LXND2505-14","LXCOLL_20250506_1_0244_1",43.84,"(40,45]","No","F","2","No","N",NA,"Completed"
2025-05-06,"2025","May",May 2025,"LXN","0244","15","LXND2505-15","LXCOLL_20250506_1_0244_1",62.71,"(60,65]","No","F","2","No","N",NA,"Completed"
2025-05-06,"2025","May",May 2025,"LXN","0242","16","LXND2505-16","LXCOLL_20250506_1_0242_1",41.41,"(40,45]","No","M","2","No","N",NA,"Completed"
2025-05-06,"2025","May",May 2025,"LXN","0242","17","LXND2505-17","LXCOLL_20250506_1_0242_1",36.41,"(35,40]","No","F","2","No","N",NA,"Completed"
2025-05-06,"2025","May",May 2025,"LXN","0242","18","LXND2505-18","LXCOLL_20250506_1_0242_1",32.68,"(30,35]","No","M","3","No","N",NA,"Completed"
2025-05-06,"2025","May",May 2025,"LXN","0242","19","LXND2505-19","LXCOLL_20250506_1_0242_1",29.76,"(25,30]","No","M","2","No","N",NA,"Completed"
2025-05-06,"2025","May",May 2025,"LXN","0242","20","LXND2505-20","LXCOLL_20250506_1_0242_1",24.19,"(20,25]","No","M","2","No","N",NA,"Completed"
2025-05-06,"2025","May",May 2025,"LXN","0242","21","LXND2505-21","LXCOLL_20250506_1_0242_1",26.55,"(25,30]","No","M","2","Yes","N",NA,"Completed"
2025-05-06,"2025","May",May 2025,"LXN","0242","22","LXND2505-22","LXCOLL_20250506_1_0242_1",29.11,"(25,30]","No","M","2","No","N",NA,"Completed"
2025-05-06,"2025","May",May 2025,"LXN","0242","23","LXND2505-23","LXCOLL_20250506_1_0242_1",27.89,"(25,30]","No","M","2","Yes","N",NA,"Completed"
2025-05-06,"2025","May",May 2025,"LXN","0242","24","LXND2505-24","LXCOLL_20250506_1_0242_1",26.38,"(25,30]","No","M","2","No","N",NA,"Completed"
2025-05-06,"2025","May",May 2025,"LXN","0242","25","LXND2505-25","LXCOLL_20250506_1_0242_1",18.94,"(15,20]","No","M","2","No","N",NA,"Completed"
2025-05-06,"2025","May",May 2025,"LXN","0242","26","LXND2505-26","LXCOLL_20250506_1_0242_1",19.5,"(15,20]","No","M","2","No","N",NA,"Completed"
2025-05-06,"2025","May",May 2025,"LXN","0242","27","LXND2505-27","LXCOLL_20250506_1_0242_1",18.02,"(15,20]","No","M","1","No","N",NA,"Completed"
2025-05-06,"2025","May",May 2025,"LXN","0243","28","LXND2505-28","LXCOLL_20250506_1_0243_1",42.02,"(40,45]","No","F","2","No","N",NA,"Completed"
2025-05-06,"2025","May",May 2025,"LXN","0243","29","LXND2505-29","LXCOLL_20250506_1_0243_1",37.18,"(35,40]","No","M","2","Yes","N",NA,"Completed"
2025-05-06,"2025","May",May 2025,"LXN","0243","30","LXND2505-30","LXCOLL_20250506_1_0243_1",37.16,"(35,40]","No","M","2","No","N",NA,"Completed"
2025-05-06,"2025","May",May 2025,"LXN","0243","31","LXND2505-31","LXCOLL_20250506_1_0243_1",33.1,"(30,35]","No","F","2","No","N",NA,"Completed"
2025-05-06,"2025","May",May 2025,"LXN","0243","32","LXND2505-32","LXCOLL_20250506_1_0243_1",32.12,"(30,35]","No","M","2","No","N",NA,"Completed"
2025-05-06,"2025","May",May 2025,"LXN","0243","33","LXND2505-33","LXCOLL_20250506_1_0243_1",25.28,"(25,30]","No","M","2","No","N",NA,"Completed"
2025-05-06,"2025","May",May 2025,"LXN","0243","34","LXND2505-34","LXCOLL_20250506_1_0243_1",29.01,"(25,30]","No","M","2","No","N",NA,"Completed"
2025-05-06,"2025","May",May 2025,"LXN","0243","35","LXND2505-35","LXCOLL_20250506_1_0243_1",22.84,"(20,25]","No","Z","4","No","N",NA,"Completed"
2025-05-06,"2025","May",May 2025,"LXN","0243","36","LXND2505-36","LXCOLL_20250506_1_0243_1",18.94,"(15,20]","No","M","1","No","N",NA,"Completed"
2025-05-06,"2025","May",May 2025,"LXN","0243","37","LXND2505-37","LXCOLL_20250506_1_0243_1",19.38,"(15,20]","No","M","2","No","N",NA,"Completed"
2025-05-06,"2025","May",May 2025,"LXN","0243","38","LXND2505-38","LXCOLL_20250506_1_0243_1",18.47,"(15,20]","No","M","2","No","N",NA,"Completed"
2025-05-06,"2025","May",May 2025,"LXN","0243","39","LXND2505-39","LXCOLL_20250506_1_0243_1",9.97,"(5,10]","No","Z","4","No","N",NA,"Completed"
2025-05-06,"2025","May",May 2025,"LXN","0243","40","LXND2505-40","LXCOLL_20250506_1_0243_1",11.57,"(10,15]","No","Z","4","No","N",NA,"Completed"
2025-05-06,"2025","May",May 2025,"LXN","0244","41","LXND2505-41","LXCOLL_20250506_1_0244_1",40.49,"(40,45]","No","F","2","No","N",NA,"Completed"
2025-05-06,"2025","May",May 2025,"LXN","0244","42","LXND2505-42","LXCOLL_20250506_1_0244_1",36.7,"(35,40]","No","M","2","Yes","N",NA,"Completed"
2025-05-06,"2025","May",May 2025,"LXN","0244","43","LXND2505-43","LXCOLL_20250506_1_0244_1",33,"(30,35]","No","M","2","No","N",NA,"Completed"
2025-05-06,"2025","May",May 2025,"LXN","0244","44","LXND2505-44","LXCOLL_20250506_1_0244_1",32.19,"(30,35]","No","M","2","No","N",NA,"Completed"
2025-05-06,"2025","May",May 2025,"LXN","0244","45","LXND2505-45","LXCOLL_20250506_1_0244_1",25.59,"(25,30]","No","M","2","No","N",NA,"Completed"
2025-05-06,"2025","May",May 2025,"LXN","0244","46","LXND2505-46","LXCOLL_20250506_1_0244_1",29.69,"(25,30]","No","M","2","No","N",NA,"Completed"
2025-05-06,"2025","May",May 2025,"LXN","0244","47","LXND2505-47","LXCOLL_20250506_1_0244_1",28.54,"(25,30]","No","M","2","No","N",NA,"Completed"
2025-05-06,"2025","May",May 2025,"LXN","0244","48","LXND2505-48","LXCOLL_20250506_1_0244_1",24.66,"(20,25]","No","M","2","Yes","N",NA,"Completed"
2025-05-06,"2025","May",May 2025,"LXN","0244","49","LXND2505-49","LXCOLL_20250506_1_0244_1",24.51,"(20,25]","No","M","2","No","N",NA,"Completed"
2025-05-06,"2025","May",May 2025,"LXN","0244","50","LXND2505-50","LXCOLL_20250506_1_0244_1",25.76,"(25,30]","No","M","2","No","N",NA,"Completed"
2025-05-06,"2025","May",May 2025,"LXN","0244","51","LXND2505-51","LXCOLL_20250506_1_0244_1",19.29,"(15,20]","No","M","2","No","N",NA,"Completed"
2025-05-06,"2025","May",May 2025,"LXN","0244","52","LXND2505-52","LXCOLL_20250506_1_0244_1",20.13,"(20,25]","No","M","2","No","N",NA,"Completed"
2025-05-06,"2025","May",May 2025,"LXN","0244","53","LXND2505-53","LXCOLL_20250506_1_0244_1",12.41,"(10,15]","No","M","2","Yes","N",NA,"Completed"
2025-06-10,"2025","Jun",Jun 2025,"LXN","0242","01","LXND2506-01","LXCOLL_20250610_1_0242_1",85,"(80,85]","No","F","2","Yes","N",NA,"Completed"
2025-06-10,"2025","Jun",Jun 2025,"LXN","0242","02","LXND2506-02","LXCOLL_20250610_1_0242_1",69.09,"(65,70]","No","F","2","No","N",NA,"Completed"
2025-06-10,"2025","Jun",Jun 2025,"LXN","0242","03","LXND2506-03","LXCOLL_20250610_1_0242_1",51.25,"(50,55]","No","F","2","No","N",NA,"Completed"
2025-06-10,"2025","Jun",Jun 2025,"LXN","0242","04","LXND2506-04","LXCOLL_20250610_1_0242_1",67.07,"(65,70]","No","F","2","No","N",NA,"Completed"
2025-06-10,"2025","Jun",Jun 2025,"LXN","0242","05","LXND2506-05","LXCOLL_20250610_1_0242_1",59.73,"(55,60]","No","M","2","No","N",NA,"Completed"
2025-06-10,"2025","Jun",Jun 2025,"LXN","0243","06","LXND2506-06","LXCOLL_20250610_1_0243_1",66.96,"(65,70]","No","F","2","No","N",NA,"Completed"
2025-06-10,"2025","Jun",Jun 2025,"LXN","0243","07","LXND2506-07","LXCOLL_20250610_1_0243_1",78.2,"(75,80]","No","M","2","Yes","N",NA,"Completed"
2025-06-10,"2025","Jun",Jun 2025,"LXN","0243","08","LXND2506-08","LXCOLL_20250610_1_0243_1",81.28,"(80,85]","No","F","2","No","N",NA,"Completed"
2025-06-10,"2025","Jun",Jun 2025,"LXN","0243","09","LXND2506-09","LXCOLL_20250610_1_0243_1",42.7,"(40,45]","No","F","2","Yes","N",NA,"Completed"
2025-06-10,"2025","Jun",Jun 2025,"LXN","0243","10","LXND2506-10","LXCOLL_20250610_1_0243_1",64.91,"(60,65]","No","M","2","Yes","N",NA,"Completed"
2025-06-10,"2025","Jun",Jun 2025,"LXN","0244","11","LXND2506-11","LXCOLL_20250610_1_0244_1",54.17,"(50,55]","No","F","2","Yes","N",NA,"Completed"
2025-06-10,"2025","Jun",Jun 2025,"LXN","0244","12","LXND2506-12","LXCOLL_20250610_1_0244_1",67.37,"(65,70]","No","F","2","Yes","N",NA,"Completed"
2025-06-10,"2025","Jun",Jun 2025,"LXN","0244","13","LXND2506-13","LXCOLL_20250610_1_0244_1",67.13,"(65,70]","No","Z","4","No","N",NA,"Completed"
2025-06-10,"2025","Jun",Jun 2025,"LXN","0244","14","LXND2506-14","LXCOLL_20250610_1_0244_1",55.44,"(55,60]","No","F","2","No","N",NA,"Completed"
2025-06-10,"2025","Jun",Jun 2025,"LXN","0244","15","LXND2506-15","LXCOLL_20250610_1_0244_1",64.78,"(60,65]","No","M","2","No","N",NA,"Completed"
2025-06-10,"2025","Jun",Jun 2025,"LXN","0242","16","LXND2506-16","LXCOLL_20250610_1_0242_1",39.93,"(35,40]","No","M","2","No","N",NA,"Completed"
2025-06-10,"2025","Jun",Jun 2025,"LXN","0242","17","LXND2506-17","LXCOLL_20250610_1_0242_1",37.04,"(35,40]","No","M","2","No","N",NA,"Completed"
2025-06-10,"2025","Jun",Jun 2025,"LXN","0242","18","LXND2506-18","LXCOLL_20250610_1_0242_1",33.77,"(30,35]","No","M","2","No","N",NA,"Completed"
2025-06-10,"2025","Jun",Jun 2025,"LXN","0242","19","LXND2506-19","LXCOLL_20250610_1_0242_1",29.91,"(25,30]","No","M","2","No","N",NA,"Completed"
2025-06-10,"2025","Jun",Jun 2025,"LXN","0242","20","LXND2506-20","LXCOLL_20250610_1_0242_1",28.65,"(25,30]","No","M","2","No","N",NA,"Completed"
2025-06-10,"2025","Jun",Jun 2025,"LXN","0242","21","LXND2506-21","LXCOLL_20250610_1_0242_1",23.08,"(20,25]","No","M","2","No","N",NA,"Completed"
2025-06-10,"2025","Jun",Jun 2025,"LXN","0242","22","LXND2506-22","LXCOLL_20250610_1_0242_1",26.19,"(25,30]","No","F","2","No","N",NA,"Completed"
2025-06-10,"2025","Jun",Jun 2025,"LXN","0242","23","LXND2506-23","LXCOLL_20250610_1_0242_1",24,"(20,25]","No","M","2","No","N",NA,"Completed"
2025-06-10,"2025","Jun",Jun 2025,"LXN","0242","24","LXND2506-24","LXCOLL_20250610_1_0242_1",20.98,"(20,25]","No","M","2","No","N",NA,"Completed"
2025-06-10,"2025","Jun",Jun 2025,"LXN","0242","25","LXND2506-25","LXCOLL_20250610_1_0242_1",20.51,"(20,25]","No","M","2","No","N",NA,"Completed"
2025-06-10,"2025","Jun",Jun 2025,"LXN","0242","26","LXND2506-26","LXCOLL_20250610_1_0242_1",16.98,"(15,20]","No","M","2","No","N",NA,"Completed"
2025-06-10,"2025","Jun",Jun 2025,"LXN","0243","27","LXND2506-27","LXCOLL_20250610_1_0243_1",36.37,"(35,40]","No","M","2","No","N",NA,"Completed"
2025-06-10,"2025","Jun",Jun 2025,"LXN","0243","28","LXND2506-28","LXCOLL_20250610_1_0243_1",35.46,"(35,40]","No","M","2","No","N",NA,"Completed"
2025-06-10,"2025","Jun",Jun 2025,"LXN","0243","29","LXND2506-29","LXCOLL_20250610_1_0243_1",33.86,"(30,35]","No","F","2","No","N",NA,"Completed"
2025-06-10,"2025","Jun",Jun 2025,"LXN","0243","30","LXND2506-30","LXCOLL_20250610_1_0243_1",34.02,"(30,35]","No","M","2","No","N",NA,"Completed"
2025-06-10,"2025","Jun",Jun 2025,"LXN","0243","31","LXND2506-31","LXCOLL_20250610_1_0243_1",27.56,"(25,30]","No","F","2","No","N",NA,"Completed"
2025-06-10,"2025","Jun",Jun 2025,"LXN","0243","32","LXND2506-32","LXCOLL_20250610_1_0243_1",30.18,"(30,35]","No","M","2","No","N",NA,"Completed"
2025-06-10,"2025","Jun",Jun 2025,"LXN","0243","33","LXND2506-33","LXCOLL_20250610_1_0243_1",32.76,"(30,35]","No","M","2","No","N",NA,"Completed"
2025-06-10,"2025","Jun",Jun 2025,"LXN","0243","34","LXND2506-34","LXCOLL_20250610_1_0243_1",26,"(25,30]","No","M","2","Yes","N",NA,"Completed"
2025-06-10,"2025","Jun",Jun 2025,"LXN","0243","35","LXND2506-35","LXCOLL_20250610_1_0243_1",25.83,"(25,30]","No","M","2","No","N",NA,"Completed"
2025-06-10,"2025","Jun",Jun 2025,"LXN","0243","36","LXND2506-36","LXCOLL_20250610_1_0243_1",18.34,"(15,20]","No","M","2","No","N",NA,"Completed"
2025-06-10,"2025","Jun",Jun 2025,"LXN","0243","37","LXND2506-37","LXCOLL_20250610_1_0243_1",14.11,"(10,15]","No","M","2","No","N",NA,"Completed"
2025-06-10,"2025","Jun",Jun 2025,"LXN","0243","38","LXND2506-38","LXCOLL_20250610_1_0243_1",10.91,"(10,15]","No","Z","4","No","N","1=mature","Completed"
2025-06-10,"2025","Jun",Jun 2025,"LXN","0244","39","LXND2506-39","LXCOLL_20250610_1_0244_1",33.3,"(30,35]","No","M","2","No","N",NA,"Completed"
2025-06-10,"2025","Jun",Jun 2025,"LXN","0244","40","LXND2506-40","LXCOLL_20250610_1_0244_1",34.18,"(30,35]","No","F","2","No","N",NA,"Completed"
2025-06-10,"2025","Jun",Jun 2025,"LXN","0244","41","LXND2506-41","LXCOLL_20250610_1_0244_1",27.09,"(25,30]","No","M","2","No","N",NA,"Completed"
2025-06-10,"2025","Jun",Jun 2025,"LXN","0244","42","LXND2506-42","LXCOLL_20250610_1_0244_1",28.55,"(25,30]","No","F","2","No","N",NA,"Completed"
2025-06-10,"2025","Jun",Jun 2025,"LXN","0244","43","LXND2506-43","LXCOLL_20250610_1_0244_1",29.24,"(25,30]","No","F","2","Yes","N",NA,"Completed"
2025-06-10,"2025","Jun",Jun 2025,"LXN","0244","44","LXND2506-44","LXCOLL_20250610_1_0244_1",26.77,"(25,30]","No","M","2","No","N",NA,"Completed"
2025-06-10,"2025","Jun",Jun 2025,"LXN","0244","45","LXND2506-45","LXCOLL_20250610_1_0244_1",25.29,"(25,30]","No","M","2","No","N",NA,"Completed"
2025-06-10,"2025","Jun",Jun 2025,"LXN","0244","46","LXND2506-46","LXCOLL_20250610_1_0244_1",22.49,"(20,25]","No","F","2","No","N",NA,"Completed"
2025-06-10,"2025","Jun",Jun 2025,"LXN","0244","47","LXND2506-47","LXCOLL_20250610_1_0244_1",20.31,"(20,25]","No","Z","4","Yes","N","1=mature","Completed"
2025-06-10,"2025","Jun",Jun 2025,"LXN","0244","48","LXND2506-48","LXCOLL_20250610_1_0244_1",13.87,"(10,15]","No","Z","4","Yes","N","1=mature","Completed"
2025-06-10,"2025","Jun",Jun 2025,"LXN","0244","49","LXND2506-49","LXCOLL_20250610_1_0244_1",21.2,"(20,25]","No","Z","4","No","N","1=mature","Completed"
2025-06-10,"2025","Jun",Jun 2025,"LXN","0244","50","LXND2506-50","LXCOLL_20250610_1_0244_1",17.82,"(15,20]","No","Z","4","No","N","0=immature","Completed"
2025-06-10,"2025","Jun",Jun 2025,"LXN","0244","51","LXND2506-51","LXCOLL_20250610_1_0244_1",9.63,"(5,10]","No","Z","4","No","N","0=immature","Completed"
2025-07-08,"2025","Jul",Jul 2025,"LXN","0242","01","LXND2507-01","LXCOLL_20250708_1_0242_1",48.34,"(45,50]","No","M","2","Yes","N",NA,"Completed"
2025-07-08,"2025","Jul",Jul 2025,"LXN","0242","02","LXND2507-02","LXCOLL_20250708_1_0242_1",64.51,"(60,65]","No","F","2","No","N",NA,"Completed"
2025-07-08,"2025","Jul",Jul 2025,"LXN","0242","03","LXND2507-03","LXCOLL_20250708_1_0242_1",45.32,"(45,50]","No","F","2","No","N",NA,"Completed"
2025-07-08,"2025","Jul",Jul 2025,"LXN","0242","04","LXND2507-04","LXCOLL_20250708_1_0242_1",58.78,"(55,60]","No","F","2","No","N",NA,"Completed"
2025-07-08,"2025","Jul",Jul 2025,"LXN","0242","05","LXND2507-05","LXCOLL_20250708_1_0242_1",32.02,"(30,35]","No","M","2","No","N",NA,"Completed"
2025-07-08,"2025","Jul",Jul 2025,"LXN","0243","06","LXND2507-06","LXCOLL_20250708_1_0243_1",46.11,"(45,50]","No","F","2","No","N",NA,"Completed"
2025-07-08,"2025","Jul",Jul 2025,"LXN","0243","07","LXND2507-07","LXCOLL_20250708_1_0243_1",44.2,"(40,45]","No","F","2","Yes","N",NA,"Completed"
2025-07-08,"2025","Jul",Jul 2025,"LXN","0243","08","LXND2507-08","LXCOLL_20250708_1_0243_1",61.7,"(60,65]","No","Z","4","Yes","N",NA,"Completed"
2025-07-08,"2025","Jul",Jul 2025,"LXN","0243","09","LXND2507-09","LXCOLL_20250708_1_0243_1",59.99,"(55,60]","No","M","2","Yes","N",NA,"Completed"
2025-07-08,"2025","Jul",Jul 2025,"LXN","0243","10","LXND2507-10","LXCOLL_20250708_1_0243_1",59.48,"(55,60]","No","F","2","No","N",NA,"Completed"
2025-07-08,"2025","Jul",Jul 2025,"LXN","0244","11","LXND2507-11","LXCOLL_20250708_1_0244_1",54.77,"(50,55]","No","F","2","No","N",NA,"Completed"
2025-07-08,"2025","Jul",Jul 2025,"LXN","0244","12","LXND2507-12","LXCOLL_20250708_1_0244_1",43.16,"(40,45]","No","F","2","No","N",NA,"Completed"
2025-07-08,"2025","Jul",Jul 2025,"LXN","0244","13","LXND2507-13","LXCOLL_20250708_1_0244_1",58.51,"(55,60]","No","F","2","No","N",NA,"Completed"
2025-07-08,"2025","Jul",Jul 2025,"LXN","0244","14","LXND2507-14","LXCOLL_20250708_1_0244_1",54.03,"(50,55]","No","F","2","Yes","N",NA,"Completed"
2025-07-08,"2025","Jul",Jul 2025,"LXN","0244","15","LXND2507-15","LXCOLL_20250708_1_0244_1",48.54,"(45,50]","No","F","2","Yes","N",NA,"Completed"
2025-07-08,"2025","Jul",Jul 2025,"LXN","0242","16","LXND2507-16","LXCOLL_20250708_1_0242_1",41.94,"(40,45]","No","F","2","No","N",NA,"Completed"
2025-07-08,"2025","Jul",Jul 2025,"LXN","0242","17","LXND2507-17","LXCOLL_20250708_1_0242_1",32.49,"(30,35]","No","Z","4","No","N","1=mat.","Completed"
2025-07-08,"2025","Jul",Jul 2025,"LXN","0242","18","LXND2507-18","LXCOLL_20250708_1_0242_1",35.55,"(35,40]","No","F","2","No","N",NA,"Completed"
2025-07-08,"2025","Jul",Jul 2025,"LXN","0242","19","LXND2507-19","LXCOLL_20250708_1_0242_1",34.08,"(30,35]","No","F","2","Yes","N",NA,"Completed"
2025-07-08,"2025","Jul",Jul 2025,"LXN","0242","20","LXND2507-20","LXCOLL_20250708_1_0242_1",30.22,"(30,35]","No","F","2","No","N",NA,"Completed"
2025-07-08,"2025","Jul",Jul 2025,"LXN","0242","21","LXND2507-21","LXCOLL_20250708_1_0242_1",27.83,"(25,30]","No","M","2","No","N",NA,"Completed"
2025-07-08,"2025","Jul",Jul 2025,"LXN","0242","22","LXND2507-22","LXCOLL_20250708_1_0242_1",22.17,"(20,25]","No","M","2","No","N",NA,"Completed"
2025-07-08,"2025","Jul",Jul 2025,"LXN","0242","23","LXND2507-23","LXCOLL_20250708_1_0242_1",14.74,"(10,15]","No","M","2","No","N",NA,"Completed"
2025-07-08,"2025","Jul",Jul 2025,"LXN","0242","24","LXND2507-24","LXCOLL_20250708_1_0242_1",11.93,"(10,15]","No","Z","4","No","N","0=imm.","Completed"
2025-07-08,"2025","Jul",Jul 2025,"LXN","0242","25","LXND2507-25","LXCOLL_20250708_1_0242_1",11.63,"(10,15]","No","Z","4","No","N","0.5=imm.","Completed"
2025-07-08,"2025","Jul",Jul 2025,"LXN","0242","26","LXND2507-26","LXCOLL_20250708_1_0242_1",11.91,"(10,15]","No","Z","4","No","N","0=imm.","Completed"
2025-07-08,"2025","Jul",Jul 2025,"LXN","0242","27","LXND2507-27","LXCOLL_20250708_1_0242_1",11.02,"(10,15]","No","Z","4","No","N","0=imm.","Completed"
2025-07-08,"2025","Jul",Jul 2025,"LXN","0243","28","LXND2507-28","LXCOLL_20250708_1_0243_1",40.48,"(40,45]","No","F","2","No","N",NA,"Completed"
2025-07-08,"2025","Jul",Jul 2025,"LXN","0243","29","LXND2507-29","LXCOLL_20250708_1_0243_1",37.59,"(35,40]","No","F","2","No","N",NA,"Completed"
2025-07-08,"2025","Jul",Jul 2025,"LXN","0243","30","LXND2507-30","LXCOLL_20250708_1_0243_1",28.57,"(25,30]","No","M","2","No","N",NA,"Completed"
2025-07-08,"2025","Jul",Jul 2025,"LXN","0243","31","LXND2507-31","LXCOLL_20250708_1_0243_1",31.67,"(30,35]","No","M","2","No","N",NA,"Completed"
2025-07-08,"2025","Jul",Jul 2025,"LXN","0243","32","LXND2507-32","LXCOLL_20250708_1_0243_1",23.89,"(20,25]","No","M","2","No","N",NA,"Completed"
2025-07-08,"2025","Jul",Jul 2025,"LXN","0243","33","LXND2507-33","LXCOLL_20250708_1_0243_1",24.25,"(20,25]","No","M","2","No","N",NA,"Completed"
2025-07-08,"2025","Jul",Jul 2025,"LXN","0243","34","LXND2507-34","LXCOLL_20250708_1_0243_1",27.65,"(25,30]","No","F","2","No","N",NA,"Completed"
2025-07-08,"2025","Jul",Jul 2025,"LXN","0243","35","LXND2507-35","LXCOLL_20250708_1_0243_1",15.18,"(15,20]","No","Z","4","Yes","N","1=mat.","Completed"
2025-07-08,"2025","Jul",Jul 2025,"LXN","0243","36","LXND2507-36","LXCOLL_20250708_1_0243_1",13.56,"(10,15]","No","M","Z","No","N",NA,"Completed"
2025-07-08,"2025","Jul",Jul 2025,"LXN","0243","37","LXND2507-37","LXCOLL_20250708_1_0243_1",14.79,"(10,15]","No","Z","4","No","N","1=mat.","Completed"
2025-07-08,"2025","Jul",Jul 2025,"LXN","0243","38","LXND2507-38","LXCOLL_20250708_1_0243_1",14.77,"(10,15]","No","Z","4","No","N","1=mat.","Completed"
2025-07-08,"2025","Jul",Jul 2025,"LXN","0243","39","LXND2507-39","LXCOLL_20250708_1_0243_1",16.49,"(15,20]","No","M","2","No","N",NA,"Completed"
2025-07-08,"2025","Jul",Jul 2025,"LXN","0244","40","LXND2507-40","LXCOLL_20250708_1_0244_1",40.87,"(40,45]","No","M","2","No","N",NA,"Completed"
2025-07-08,"2025","Jul",Jul 2025,"LXN","0244","41","LXND2507-41","LXCOLL_20250708_1_0244_1",36.14,"(35,40]","No","M","2","No","N",NA,"Completed"
2025-07-08,"2025","Jul",Jul 2025,"LXN","0244","42","LXND2507-42","LXCOLL_20250708_1_0244_1",28.64,"(25,30]","No","M","2","No","N",NA,"Completed"
2025-07-08,"2025","Jul",Jul 2025,"LXN","0244","43","LXND2507-43","LXCOLL_20250708_1_0244_1",32.52,"(30,35]","No","Z","4","No","N","1=mature","Completed"
2025-07-08,"2025","Jul",Jul 2025,"LXN","0244","44","LXND2507-44","LXCOLL_20250708_1_0244_1",22.09,"(20,25]","No","M","2","No","N",NA,"Completed"
2025-07-08,"2025","Jul",Jul 2025,"LXN","0244","45","LXND2507-45","LXCOLL_20250708_1_0244_1",26.69,"(25,30]","No","Z","4","No","N","1=mature","Completed"
2025-07-08,"2025","Jul",Jul 2025,"LXN","0244","46","LXND2507-46","LXCOLL_20250708_1_0244_1",21.51,"(20,25]","No","Z","4","No","N","1=mature","Completed"
2025-07-08,"2025","Jul",Jul 2025,"LXN","0244","47","LXND2507-47","LXCOLL_20250708_1_0244_1",18.12,"(15,20]","No","Z","4","Yes","N","0=immature","Completed"
2025-07-08,"2025","Jul",Jul 2025,"LXN","0244","48","LXND2507-48","LXCOLL_20250708_1_0244_1",13.34,"(10,15]","No","Z","4","Yes","N","0=immature","Completed"
2025-07-08,"2025","Jul",Jul 2025,"LXN","0244","49","LXND2507-49","LXCOLL_20250708_1_0244_1",9.23,"(5,10]","No","Z","4","No","N","0=immature","Completed"
2020-01-07,"2020","Jan",Jan 2020,"LXS","0246","01","LXSD2001-01","LXCOLL_20200107_1_0246_1",43.13,"(40,45]","No","F","3","No","N","OldStage=Z;","Proofed"
2020-01-07,"2020","Jan",Jan 2020,"LXS","0246","02","LXSD2001-02","LXCOLL_20200107_1_0246_1",56.97,"(55,60]","No","Z","4","No","N","OldStage=Z;","Proofed"
2020-01-07,"2020","Jan",Jan 2020,"LXS","0246","03","LXSD2001-03","LXCOLL_20200107_1_0246_1",60.02,"(60,65]","No","Z","4","No","N","OldStage=Z;","Proofed"
2020-01-07,"2020","Jan",Jan 2020,"LXS","0246","04","LXSD2001-04","LXCOLL_20200107_1_0246_1",46.2,"(45,50]","No","F","3","No","N","OldStage=Z;","Proofed"
2020-01-07,"2020","Jan",Jan 2020,"LXS","0246","05","LXSD2001-05","LXCOLL_20200107_1_0246_1",49.59,"(45,50]","No","Z","4","No","N","OldStage=Z;","Proofed"
2020-01-07,"2020","Jan",Jan 2020,"LXS","0247","06","LXSD2001-06","LXCOLL_20200107_1_0247_1",58.79,"(55,60]","No","F","1","No","N","OldStage=Z;","Proofed"
2020-01-07,"2020","Jan",Jan 2020,"LXS","0247","07","LXSD2001-07","LXCOLL_20200107_1_0247_1",69.47,"(65,70]","No","Z","4","No","N","OldStage=Z;","Proofed"
2020-01-07,"2020","Jan",Jan 2020,"LXS","0247","08","LXSD2001-08","LXCOLL_20200107_1_0247_1",50.7,"(50,55]","No","F","1","No","N","OldStage=Z;","Proofed"
2020-01-07,"2020","Jan",Jan 2020,"LXS","0247","09","LXSD2001-09","LXCOLL_20200107_1_0247_1",53.52,"(50,55]","No","Z","4","No","N","OldStage=Z;","Proofed"
2020-01-07,"2020","Jan",Jan 2020,"LXS","0247","10","LXSD2001-10","LXCOLL_20200107_1_0247_1",60.16,"(60,65]","No","Z","4","Yes","N","OldStage=Z;","Proofed"
2020-01-07,"2020","Jan",Jan 2020,"LXS","0249","11","LXSD2001-11","LXCOLL_20200107_1_0249_1",54.71,"(50,55]","No","F","1","No","N","OldStage=Z;","Proofed"
2020-01-07,"2020","Jan",Jan 2020,"LXS","0249","12","LXSD2001-12","LXCOLL_20200107_1_0249_1",66.62,"(65,70]","No","Z","4","Yes","N","OldStage=Z;","Proofed"
2020-01-07,"2020","Jan",Jan 2020,"LXS","0249","13","LXSD2001-13","LXCOLL_20200107_1_0249_1",49.83,"(45,50]","No","F","3","No","N","OldStage=Z;","Proofed"
2020-01-07,"2020","Jan",Jan 2020,"LXS","0249","14","LXSD2001-14","LXCOLL_20200107_1_0249_1",58.29,"(55,60]","No","F","1","No","N","OldStage=Z;","Proofed"
2020-01-07,"2020","Jan",Jan 2020,"LXS","0249","15","LXSD2001-15","LXCOLL_20200107_1_0249_1",45.26,"(45,50]","No","Z","4","No","N","OldStage=Z;","Proofed"
2020-02-04,"2020","Feb",Feb 2020,"LXS","0246","01","LXSD2002-01","LXCOLL_20200204_1_0246_1",76.83,"(75,80]","No","F","2","No","N","OldStage=Z;","Proofed"
2020-02-04,"2020","Feb",Feb 2020,"LXS","0246","02","LXSD2002-02","LXCOLL_20200204_1_0246_1",64.18,"(60,65]","No","F","1","No","N","OldStage=Z;","Proofed"
2020-02-04,"2020","Feb",Feb 2020,"LXS","0246","03","LXSD2002-03","LXCOLL_20200204_1_0246_1",59.13,"(55,60]","No","F","1","Yes","N","OldStage=Z;","Proofed"
2020-02-04,"2020","Feb",Feb 2020,"LXS","0246","04","LXSD2002-04","LXCOLL_20200204_1_0246_1",54.33,"(50,55]","No","Z","4","Yes","N","OldStage=Z;","Proofed"
2020-02-04,"2020","Feb",Feb 2020,"LXS","0246","05","LXSD2002-05","LXCOLL_20200204_1_0246_1",69.23,"(65,70]","No","M","3","No","N","OldStage=Z;","Proofed"
2020-02-04,"2020","Feb",Feb 2020,"LXS","0247","06","LXSD2002-06","LXCOLL_20200204_1_0247_1",69.47,"(65,70]","No","F","2","No","N","OldStage=Z;","Proofed"
2020-02-04,"2020","Feb",Feb 2020,"LXS","0247","07","LXSD2002-07","LXCOLL_20200204_1_0247_1",63.5,"(60,65]","No","M","3","No","N","OldStage=Z;","Proofed"
2020-02-04,"2020","Feb",Feb 2020,"LXS","0247","08","LXSD2002-08","LXCOLL_20200204_1_0247_1",60.91,"(60,65]","No","F","1","No","N","OldStage=Z;","Proofed"
2020-02-04,"2020","Feb",Feb 2020,"LXS","0247","09","LXSD2002-09","LXCOLL_20200204_1_0247_1",76.72,"(75,80]","No","F","2","No","N","OldStage=Z;","Proofed"
2020-02-04,"2020","Feb",Feb 2020,"LXS","0247","10","LXSD2002-10","LXCOLL_20200204_1_0247_1",81.99,"(80,85]","No","Z","4","No","N","OldStage=Z;","Proofed"
2020-02-04,"2020","Feb",Feb 2020,"LXS","0249","11","LXSD2002-11","LXCOLL_20200204_1_0249_1",52.82,"(50,55]","No","Z","4","No","N","OldStage=Z;","Proofed"
2020-02-04,"2020","Feb",Feb 2020,"LXS","0249","12","LXSD2002-12","LXCOLL_20200204_1_0249_1",50.4,"(50,55]","No","F","1","Yes","N","OldStage=Z;","Proofed"
2020-02-04,"2020","Feb",Feb 2020,"LXS","0249","13","LXSD2002-13","LXCOLL_20200204_1_0249_1",50.5,"(50,55]","No","F","1","No","N","OldStage=Z;","Proofed"
2020-02-04,"2020","Feb",Feb 2020,"LXS","0249","14","LXSD2002-14","LXCOLL_20200204_1_0249_1",71.58,"(70,75]","No","Z","4","No","N","OldStage=Z;","Proofed"
2020-02-04,"2020","Feb",Feb 2020,"LXS","0249","15","LXSD2002-15","LXCOLL_20200204_1_0249_1",37.87,"(35,40]","No","Z","4","No","N","OldStage=Z;","Proofed"
2020-03-03,"2020","Mar",Mar 2020,"LXS","0246","01","LXSD2003-01","LXCOLL_20200303_1_0246_1",67.13,"(65,70]","No","F","2","No","N","OldStage=Z;","Proofed"
2020-03-03,"2020","Mar",Mar 2020,"LXS","0246","02","LXSD2003-02","LXCOLL_20200303_1_0246_1",48.42,"(45,50]","No","F","1","No","N","OldStage=Z;","Proofed"
2020-03-03,"2020","Mar",Mar 2020,"LXS","0246","03","LXSD2003-03","LXCOLL_20200303_1_0246_1",59.74,"(55,60]","No","F","2","No","N","OldStage=Z;","Proofed"
2020-03-03,"2020","Mar",Mar 2020,"LXS","0246","04","LXSD2003-04","LXCOLL_20200303_1_0246_1",42.56,"(40,45]","No","M","2","No","N","OldStage=Z;","Proofed"
2020-03-03,"2020","Mar",Mar 2020,"LXS","0246","05","LXSD2003-05","LXCOLL_20200303_1_0246_1",55.74,"(55,60]","No","F","2","No","N","OldStage=Z;","Proofed"
2020-03-03,"2020","Mar",Mar 2020,"LXS","0247","06","LXSD2003-06","LXCOLL_20200303_1_0247_1",48.7,"(45,50]","No","F","Z","Buceph","N","OldStage=Z;","Proofed"
2020-03-03,"2020","Mar",Mar 2020,"LXS","0247","07","LXSD2003-07","LXCOLL_20200303_1_0247_1",57.66,"(55,60]","No","Z","4","No","N","OldStage=Z;","Proofed"
2020-03-03,"2020","Mar",Mar 2020,"LXS","0247","08","LXSD2003-08","LXCOLL_20200303_1_0247_1",52.97,"(50,55]","No","F","2","No","N","OldStage=Z;","Proofed"
2020-03-03,"2020","Mar",Mar 2020,"LXS","0247","09","LXSD2003-09","LXCOLL_20200303_1_0247_1",48.09,"(45,50]","No","M","2","No","N","OldStage=Z;","Proofed"
2020-03-03,"2020","Mar",Mar 2020,"LXS","0247","10","LXSD2003-10","LXCOLL_20200303_1_0247_1",58.1,"(55,60]","No","F","1","No","N","OldStage=Z;","Proofed"
2020-03-03,"2020","Mar",Mar 2020,"LXS","0249","11","LXSD2003-11","LXCOLL_20200303_1_0249_1",58.52,"(55,60]","No","F","1","No","N","OldStage=Z;","Proofed"
2020-03-03,"2020","Mar",Mar 2020,"LXS","0249","12","LXSD2003-12","LXCOLL_20200303_1_0249_1",63.73,"(60,65]","No","F","2","No","N","OldStage=Z;","Proofed"
2020-03-03,"2020","Mar",Mar 2020,"LXS","0249","13","LXSD2003-13","LXCOLL_20200303_1_0249_1",71.69,"(70,75]","No","F","2","No","N","OldStage=Z;","Proofed"
2020-03-03,"2020","Mar",Mar 2020,"LXS","0249","14","LXSD2003-14","LXCOLL_20200303_1_0249_1",52.48,"(50,55]","No","M","2","Yes","N","OldStage=Z;","Proofed"
2020-03-03,"2020","Mar",Mar 2020,"LXS","0249","15","LXSD2003-15","LXCOLL_20200303_1_0249_1",80.29,"(80,85]","No","F","2","No","N","OldStage=Z;","Proofed"
2020-06-12,"2020","Jun",Jun 2020,"LXS","0246","01","LXSD2006-01","LXCOLL_20200612_1_0246_1",42.36,"(40,45]","No","F","2","Yes","N","OldStage=Z;","Proofed"
2020-06-12,"2020","Jun",Jun 2020,"LXS","0246","02","LXSD2006-02","LXCOLL_20200612_1_0246_1",55.14,"(55,60]","No","F","2","No","N","OldStage=Z;","Proofed"
2020-06-12,"2020","Jun",Jun 2020,"LXS","0246","03","LXSD2006-03","LXCOLL_20200612_1_0246_1",49.68,"(45,50]","No","M","2","No","N","OldStage=Z;","Proofed"
2020-06-12,"2020","Jun",Jun 2020,"LXS","0246","04","LXSD2006-04","LXCOLL_20200612_1_0246_1",54.43,"(50,55]","No","F","2","Yes","N","OldStage=Z;","Proofed"
2020-06-12,"2020","Jun",Jun 2020,"LXS","0246","05","LXSD2006-05","LXCOLL_20200612_1_0246_1",62.49,"(60,65]","No","F","2","No","N","OldStage=Z;","Proofed"
2020-06-12,"2020","Jun",Jun 2020,"LXS","0247","06","LXSD2006-06","LXCOLL_20200612_1_0247_1",54.81,"(50,55]","No","F","3","No","N","OldStage=Z;","Proofed"
2020-06-12,"2020","Jun",Jun 2020,"LXS","0247","07","LXSD2006-07","LXCOLL_20200612_1_0247_1",48.73,"(45,50]","No","F","2","No","N","OldStage=Z;","Proofed"
2020-06-12,"2020","Jun",Jun 2020,"LXS","0247","08","LXSD2006-08","LXCOLL_20200612_1_0247_1",88.79,"(85,90]","No","F","2","No","N","OldStage=Z;","Proofed"
2020-06-12,"2020","Jun",Jun 2020,"LXS","0247","09","LXSD2006-09","LXCOLL_20200612_1_0247_1",46.96,"(45,50]","No","F","2","Yes","N","OldStage=Z;","Proofed"
2020-06-12,"2020","Jun",Jun 2020,"LXS","0247","10","LXSD2006-10","LXCOLL_20200612_1_0247_1",56.23,"(55,60]","No","Z","Z","Buceph","Y","OldStage=Z;","Proofed"
2020-06-12,"2020","Jun",Jun 2020,"LXS","0249","11","LXSD2006-11","LXCOLL_20200612_1_0249_1",61.47,"(60,65]","No","F","2","No","N","OldStage=Z;","Proofed"
2020-06-12,"2020","Jun",Jun 2020,"LXS","0249","12","LXSD2006-12","LXCOLL_20200612_1_0249_1",43.07,"(40,45]","No","M","2","No","N","OldStage=Z;","Proofed"
2020-06-12,"2020","Jun",Jun 2020,"LXS","0249","13","LXSD2006-13","LXCOLL_20200612_1_0249_1",61.87,"(60,65]","No","F","2","Yes","N","OldStage=Z;","Proofed"
2020-06-12,"2020","Jun",Jun 2020,"LXS","0249","14","LXSD2006-14","LXCOLL_20200612_1_0249_1",50.57,"(50,55]","No","F","2","No","N","OldStage=Z;","Proofed"
2020-06-12,"2020","Jun",Jun 2020,"LXS","0249","15","LXSD2006-15","LXCOLL_20200612_1_0249_1",63.73,"(60,65]","No","F","2","Yes","N","OldStage=Z;","Proofed"
2020-07-24,"2020","Jul",Jul 2020,"LXS","0246","01","LXSD2007-01","LXCOLL_20200724_1_0246_1",63.39,"(60,65]","No","F","2","No","N","OldStage=Z;","Proofed"
2020-07-24,"2020","Jul",Jul 2020,"LXS","0246","02","LXSD2007-02","LXCOLL_20200724_1_0246_1",47.61,"(45,50]","No","F","2","No","N","OldStage=Z;","Proofed"
2020-07-24,"2020","Jul",Jul 2020,"LXS","0246","03","LXSD2007-03","LXCOLL_20200724_1_0246_1",51.33,"(50,55]","No","F","2","No","N","OldStage=Z;","Proofed"
2020-07-24,"2020","Jul",Jul 2020,"LXS","0246","04","LXSD2007-04","LXCOLL_20200724_1_0246_1",58.02,"(55,60]","No","F","2","No","N","OldStage=Z;","Proofed"
2020-07-24,"2020","Jul",Jul 2020,"LXS","0246","05","LXSD2007-05","LXCOLL_20200724_1_0246_1",49.05,"(45,50]","No","F","2","No","N","OldStage=Z;","Proofed"
2020-07-24,"2020","Jul",Jul 2020,"LXS","0247","06","LXSD2007-06","LXCOLL_20200724_1_0247_1",63.4,"(60,65]","No","F","2","No","N","OldStage=Z;","Proofed"
2020-07-24,"2020","Jul",Jul 2020,"LXS","0247","07","LXSD2007-07","LXCOLL_20200724_1_0247_1",59.38,"(55,60]","No","M","2","No","N","OldStage=Z;","Proofed"
2020-07-24,"2020","Jul",Jul 2020,"LXS","0247","08","LXSD2007-08","LXCOLL_20200724_1_0247_1",54.54,"(50,55]","No","F","2","No","N","OldStage=Z;","Proofed"
2020-07-24,"2020","Jul",Jul 2020,"LXS","0247","09","LXSD2007-09","LXCOLL_20200724_1_0247_1",68.15,"(65,70]","No","F","Z","Buceph","N","OldStage=Z;","Proofed"
2020-07-24,"2020","Jul",Jul 2020,"LXS","0247","10","LXSD2007-10","LXCOLL_20200724_1_0247_1",54.42,"(50,55]","No","F","2","No","N","OldStage=Z;","Proofed"
2020-07-24,"2020","Jul",Jul 2020,"LXS","0249","11","LXSD2007-11","LXCOLL_20200724_1_0249_1",50.2,"(50,55]","No","F","2","No","N","OldStage=Z;","Proofed"
2020-07-24,"2020","Jul",Jul 2020,"LXS","0249","12","LXSD2007-12","LXCOLL_20200724_1_0249_1",65.13,"(65,70]","No","F","2","No","N","OldStage=Z;","Proofed"
2020-07-24,"2020","Jul",Jul 2020,"LXS","0249","13","LXSD2007-13","LXCOLL_20200724_1_0249_1",66.08,"(65,70]","No","F","2","No","N","OldStage=Z;","Proofed"
2020-07-24,"2020","Jul",Jul 2020,"LXS","0249","14","LXSD2007-14","LXCOLL_20200724_1_0249_1",62.66,"(60,65]","No","M","2","No","N","OldStage=Z;","Proofed"
2020-07-24,"2020","Jul",Jul 2020,"LXS","0249","15","LXSD2007-15","LXCOLL_20200724_1_0249_1",65.38,"(65,70]","No","M","2","Yes","N","OldStage=Z;","Proofed"
2020-08-21,"2020","Aug",Aug 2020,"LXS","0246","01","LXSD2008-01","LXCOLL_20200821_1_0246_1",41.79,"(40,45]","No","F","2","No","N","OldStage=Z;","Proofed"
2020-08-21,"2020","Aug",Aug 2020,"LXS","0246","02","LXSD2008-02","LXCOLL_20200821_1_0246_1",46.34,"(45,50]","No","F","2","No","N","OldStage=Z;","Proofed"
2020-08-21,"2020","Aug",Aug 2020,"LXS","0246","03","LXSD2008-03","LXCOLL_20200821_1_0246_1",60.89,"(60,65]","No","M","2","No","N","OldStage=Z;","Proofed"
2020-08-21,"2020","Aug",Aug 2020,"LXS","0246","04","LXSD2008-04","LXCOLL_20200821_1_0246_1",45.2,"(45,50]","No","F","2","No","N","OldStage=Z;","Proofed"
2020-08-21,"2020","Aug",Aug 2020,"LXS","0246","05","LXSD2008-05","LXCOLL_20200821_1_0246_1",74.05,"(70,75]","No","F","2","No","N","OldStage=Z;","Proofed"
2020-08-21,"2020","Aug",Aug 2020,"LXS","0247","06","LXSD2008-06","LXCOLL_20200821_1_0247_1",54.59,"(50,55]","No","F","2","No","N","OldStage=Z;","Proofed"
2020-08-21,"2020","Aug",Aug 2020,"LXS","0247","07","LXSD2008-07","LXCOLL_20200821_1_0247_1",37.86,"(35,40]","No","F","2","No","N","OldStage=Z;","Proofed"
2020-08-21,"2020","Aug",Aug 2020,"LXS","0247","08","LXSD2008-08","LXCOLL_20200821_1_0247_1",44.97,"(40,45]","No","F","2","No","N","OldStage=Z;","Proofed"
2020-08-21,"2020","Aug",Aug 2020,"LXS","0247","09","LXSD2008-09","LXCOLL_20200821_1_0247_1",63.87,"(60,65]","No","F","3","No","N","OldStage=Z;","Proofed"
2020-08-21,"2020","Aug",Aug 2020,"LXS","0247","10","LXSD2008-10","LXCOLL_20200821_1_0247_1",61.38,"(60,65]","No","F","2","No","N","OldStage=Z;","Proofed"
2020-08-21,"2020","Aug",Aug 2020,"LXS","0249","11","LXSD2008-11","LXCOLL_20200821_1_0249_1",65.37,"(65,70]","No","F","2","No","N","OldStage=Z;","Proofed"
2020-08-21,"2020","Aug",Aug 2020,"LXS","0249","12","LXSD2008-12","LXCOLL_20200821_1_0249_1",71.39,"(70,75]","No","F","2","No","N","OldStage=Z;","Proofed"
2020-08-21,"2020","Aug",Aug 2020,"LXS","0249","13","LXSD2008-13","LXCOLL_20200821_1_0249_1",43.45,"(40,45]","No","M","2","No","N","OldStage=Z;","Proofed"
2020-08-21,"2020","Aug",Aug 2020,"LXS","0249","14","LXSD2008-14","LXCOLL_20200821_1_0249_1",64.04,"(60,65]","No","F","2","No","N","OldStage=Z;","Proofed"
2020-08-21,"2020","Aug",Aug 2020,"LXS","0249","15","LXSD2008-15","LXCOLL_20200821_1_0249_1",35.44,"(35,40]","No","F","2","No","N","OldStage=Z;","Proofed"
2020-09-16,"2020","Sep",Sep 2020,"LXS","0246","01","LXSD2009-01","LXCOLL_20200916_1_0246_1",53.32,"(50,55]","No","F","2","No","N","OldStage=Z;","Proofed"
2020-09-16,"2020","Sep",Sep 2020,"LXS","0246","02","LXSD2009-02","LXCOLL_20200916_1_0246_1",51.26,"(50,55]","No","F","2","No","N","OldStage=Z;","Proofed"
2020-09-16,"2020","Sep",Sep 2020,"LXS","0246","03","LXSD2009-03","LXCOLL_20200916_1_0246_1",60.33,"(60,65]","No","F","2","No","N","OldStage=Z;","Proofed"
2020-09-16,"2020","Sep",Sep 2020,"LXS","0246","04","LXSD2009-04","LXCOLL_20200916_1_0246_1",62.23,"(60,65]","No","F","2","No","N","OldStage=Z;","Proofed"
2020-09-16,"2020","Sep",Sep 2020,"LXS","0246","05","LXSD2009-05","LXCOLL_20200916_1_0246_1",59.16,"(55,60]","No","F","2","No","N","OldStage=Z;","Proofed"
2020-09-16,"2020","Sep",Sep 2020,"LXS","0247","06","LXSD2009-06","LXCOLL_20200916_1_0247_1",38.83,"(35,40]","No","M","3","No","N","OldStage=Z;","Proofed"
2020-09-16,"2020","Sep",Sep 2020,"LXS","0247","07","LXSD2009-07","LXCOLL_20200916_1_0247_1",46.44,"(45,50]","No","F","2","No","N","OldStage=Z;","Proofed"
2020-09-16,"2020","Sep",Sep 2020,"LXS","0247","08","LXSD2009-08","LXCOLL_20200916_1_0247_1",63.23,"(60,65]","No","F","2","No","N","OldStage=Z;","Proofed"
2020-09-16,"2020","Sep",Sep 2020,"LXS","0247","09","LXSD2009-09","LXCOLL_20200916_1_0247_1",49.39,"(45,50]","No","F","2","No","N","OldStage=Z;","Proofed"
2020-09-16,"2020","Sep",Sep 2020,"LXS","0247","10","LXSD2009-10","LXCOLL_20200916_1_0247_1",53.12,"(50,55]","No","M","2","No","N","OldStage=Z;","Proofed"
2020-09-16,"2020","Sep",Sep 2020,"LXS","0249","11","LXSD2009-11","LXCOLL_20200916_1_0249_1",56.58,"(55,60]","No","F","2","No","N","OldStage=Z;","Proofed"
2020-09-16,"2020","Sep",Sep 2020,"LXS","0249","12","LXSD2009-12","LXCOLL_20200916_1_0249_1",53.58,"(50,55]","No","F","2","No","N","OldStage=Z;","Proofed"
2020-09-16,"2020","Sep",Sep 2020,"LXS","0249","13","LXSD2009-13","LXCOLL_20200916_1_0249_1",61.27,"(60,65]","No","F","2","No","N","OldStage=Z;","Proofed"
2020-10-06,"2020","Oct",Oct 2020,"LXS","0246","01","LXSD2010-01","LXCOLL_20201006_1_0246_1",44.83,"(40,45]","No","F","2","Yes","N","OldStage=Z;","Proofed"
2020-10-06,"2020","Oct",Oct 2020,"LXS","0246","02","LXSD2010-02","LXCOLL_20201006_1_0246_1",42.11,"(40,45]","No","F","2","Yes","N","OldStage=Z;","Proofed"
2020-10-06,"2020","Oct",Oct 2020,"LXS","0246","03","LXSD2010-03","LXCOLL_20201006_1_0246_1",47.73,"(45,50]","No","F","2","No","N","OldStage=Z;","Proofed"
2020-10-06,"2020","Oct",Oct 2020,"LXS","0246","04","LXSD2010-04","LXCOLL_20201006_1_0246_1",53.29,"(50,55]","No","M","2","No","N","OldStage=Z;","Proofed"
2020-10-06,"2020","Oct",Oct 2020,"LXS","0246","05","LXSD2010-05","LXCOLL_20201006_1_0246_1",41.53,"(40,45]","No","F","2","No","N","OldStage=Z;","Proofed"
2020-10-06,"2020","Oct",Oct 2020,"LXS","0247","06","LXSD2010-06","LXCOLL_20201006_1_0247_1",59.19,"(55,60]","No","F","3","No","N","OldStage=Z;","Proofed"
2020-10-06,"2020","Oct",Oct 2020,"LXS","0247","07","LXSD2010-07","LXCOLL_20201006_1_0247_1",46.23,"(45,50]","No","M","2","No","N","OldStage=Z;","Proofed"
2020-10-06,"2020","Oct",Oct 2020,"LXS","0247","08","LXSD2010-08","LXCOLL_20201006_1_0247_1",58.88,"(55,60]","No","F","3","No","N","OldStage=Z;","Proofed"
2020-10-06,"2020","Oct",Oct 2020,"LXS","0247","09","LXSD2010-09","LXCOLL_20201006_1_0247_1",45.55,"(45,50]","No","F","2","No","N","OldStage=Z;","Proofed"
2020-10-06,"2020","Oct",Oct 2020,"LXS","0247","10","LXSD2010-10","LXCOLL_20201006_1_0247_1",52.69,"(50,55]","No","F","2","Yes","N","OldStage=Z;","Proofed"
2020-10-06,"2020","Oct",Oct 2020,"LXS","0249","11","LXSD2010-11","LXCOLL_20201006_1_0249_1",39.95,"(35,40]","No","F","2","No","N","OldStage=Z;","Proofed"
2020-10-06,"2020","Oct",Oct 2020,"LXS","0249","12","LXSD2010-12","LXCOLL_20201006_1_0249_1",42.37,"(40,45]","No","F","3","No","N","OldStage=Z;","Proofed"
2020-10-06,"2020","Oct",Oct 2020,"LXS","0249","13","LXSD2010-13","LXCOLL_20201006_1_0249_1",54.55,"(50,55]","No","M","2","No","N","OldStage=Z;","Proofed"
2020-10-06,"2020","Oct",Oct 2020,"LXS","0249","14","LXSD2010-14","LXCOLL_20201006_1_0249_1",68.36,"(65,70]","No","F","2","No","N","OldStage=Z;","Proofed"
2020-10-06,"2020","Oct",Oct 2020,"LXS","0249","15","LXSD2010-15","LXCOLL_20201006_1_0249_1",67.89,"(65,70]","No","F","3","No","N","OldStage=Z;","Proofed"
2020-11-02,"2020","Nov",Nov 2020,"LXS","0246","01","LXSD2011-01","LXCOLL_20201102_1_0246_1",68.18,"(65,70]","No","F","2","No","N","OldStage=Z;","Proofed"
2020-11-02,"2020","Nov",Nov 2020,"LXS","0246","02","LXSD2011-02","LXCOLL_20201102_1_0246_1",48.38,"(45,50]","No","F","2","No","N","OldStage=Z;","Proofed"
2020-11-02,"2020","Nov",Nov 2020,"LXS","0246","03","LXSD2011-03","LXCOLL_20201102_1_0246_1",41.62,"(40,45]","No","F","2","No","N","OldStage=Z;","Proofed"
2020-11-02,"2020","Nov",Nov 2020,"LXS","0246","04","LXSD2011-04","LXCOLL_20201102_1_0246_1",41.05,"(40,45]","No","F","3","No","N","OldStage=Z;","Proofed"
2020-11-02,"2020","Nov",Nov 2020,"LXS","0246","05","LXSD2011-05","LXCOLL_20201102_1_0246_1",48.98,"(45,50]","No","M","2","No","N","OldStage=Z;","Proofed"
2020-11-02,"2020","Nov",Nov 2020,"LXS","0247","06","LXSD2011-06","LXCOLL_20201102_1_0247_1",63.5,"(60,65]","No","F","3","No","N","OldStage=Z;","Proofed"
2020-11-02,"2020","Nov",Nov 2020,"LXS","0247","07","LXSD2011-07","LXCOLL_20201102_1_0247_1",67.67,"(65,70]","No","F","2","No","N","OldStage=Z;","Proofed"
2020-11-02,"2020","Nov",Nov 2020,"LXS","0247","08","LXSD2011-08","LXCOLL_20201102_1_0247_1",60.74,"(60,65]","No","Z","4","No","N","OldStage=Z;","Proofed"
2020-11-02,"2020","Nov",Nov 2020,"LXS","0247","09","LXSD2011-09","LXCOLL_20201102_1_0247_1",72.2,"(70,75]","No","F","3","No","N","OldStage=Z;","Proofed"
2020-11-02,"2020","Nov",Nov 2020,"LXS","0247","10","LXSD2011-10","LXCOLL_20201102_1_0247_1",64.78,"(60,65]","No","M","2","No","N","OldStage=Z;","Proofed"
2020-11-02,"2020","Nov",Nov 2020,"LXS","0249","11","LXSD2011-11","LXCOLL_20201102_1_0249_1",61.71,"(60,65]","No","Z","4","No","N","OldStage=Z;","Proofed"
2020-11-02,"2020","Nov",Nov 2020,"LXS","0249","12","LXSD2011-12","LXCOLL_20201102_1_0249_1",47.94,"(45,50]","No","F","3","No","N","OldStage=Z;","Proofed"
2020-11-02,"2020","Nov",Nov 2020,"LXS","0249","13","LXSD2011-13","LXCOLL_20201102_1_0249_1",49.96,"(45,50]","No","F","2","No","N","OldStage=Z;","Proofed"
2020-11-02,"2020","Nov",Nov 2020,"LXS","0249","14","LXSD2011-14","LXCOLL_20201102_1_0249_1",60.58,"(60,65]","No","M","2","No","N","OldStage=Z;","Proofed"
2020-11-02,"2020","Nov",Nov 2020,"LXS","0249","15","LXSD2011-15","LXCOLL_20201102_1_0249_1",56.49,"(55,60]","No","F","3","No","N","OldStage=Z;","Proofed"
2020-12-02,"2020","Dec",Dec 2020,"LXS","0246","01","LXSD2012-01","LXCOLL_20201202_1_0246_1",52.54,"(50,55]","No","M","3","No","N","OldStage=Z;","Proofed"
2020-12-02,"2020","Dec",Dec 2020,"LXS","0246","02","LXSD2012-02","LXCOLL_20201202_1_0246_1",53.39,"(50,55]","No","F","1","No","N","OldStage=Z;","Proofed"
2020-12-02,"2020","Dec",Dec 2020,"LXS","0246","03","LXSD2012-03","LXCOLL_20201202_1_0246_1",49.7,"(45,50]","No","F","2","No","N","OldStage=Z;","Proofed"
2020-12-02,"2020","Dec",Dec 2020,"LXS","0246","04","LXSD2012-04","LXCOLL_20201202_1_0246_1",43.32,"(40,45]","No","F","3","No","N","OldStage=Z;","Proofed"
2020-12-02,"2020","Dec",Dec 2020,"LXS","0246","05","LXSD2012-05","LXCOLL_20201202_1_0246_1",47.05,"(45,50]","No","Z","4","No","N","OldStage=Z;","Proofed"
2020-12-02,"2020","Dec",Dec 2020,"LXS","0247","06","LXSD2012-06","LXCOLL_20201202_1_0247_1",68.31,"(65,70]","No","Z","4","No","N","OldStage=Z;","Proofed"
2020-12-02,"2020","Dec",Dec 2020,"LXS","0247","07","LXSD2012-07","LXCOLL_20201202_1_0247_1",46.85,"(45,50]","No","M","3","No","N","OldStage=Z;","Proofed"
2020-12-02,"2020","Dec",Dec 2020,"LXS","0247","08","LXSD2012-08","LXCOLL_20201202_1_0247_1",49.04,"(45,50]","No","M","2","No","N","OldStage=Z;","Proofed"
2020-12-02,"2020","Dec",Dec 2020,"LXS","0247","09","LXSD2012-09","LXCOLL_20201202_1_0247_1",51.69,"(50,55]","No","Z","4","No","N","OldStage=Z;","Proofed"
2020-12-02,"2020","Dec",Dec 2020,"LXS","0247","10","LXSD2012-10","LXCOLL_20201202_1_0247_1",48.82,"(45,50]","No","Z","4","No","N","OldStage=Z;","Proofed"
2020-12-02,"2020","Dec",Dec 2020,"LXS","0249","11","LXSD2012-11","LXCOLL_20201202_1_0249_1",59.87,"(55,60]","No","F","3","No","N","OldStage=Z;","Proofed"
2020-12-02,"2020","Dec",Dec 2020,"LXS","0249","12","LXSD2012-12","LXCOLL_20201202_1_0249_1",71.88,"(70,75]","No","Z","4","No","N","OldStage=Z;","Proofed"
2020-12-02,"2020","Dec",Dec 2020,"LXS","0249","13","LXSD2012-13","LXCOLL_20201202_1_0249_1",38.27,"(35,40]","No","Z","4","No","N","OldStage=Z;","Proofed"
2020-12-02,"2020","Dec",Dec 2020,"LXS","0249","14","LXSD2012-14","LXCOLL_20201202_1_0249_1",50.69,"(50,55]","No","F","2","No","N","OldStage=Z;","Proofed"
2020-12-02,"2020","Dec",Dec 2020,"LXS","0249","15","LXSD2012-15","LXCOLL_20201202_1_0249_1",45.62,"(45,50]","No","M","2","No","N","OldStage=Z;","Proofed"
2021-01-05,"2021","Jan",Jan 2021,"LXS","0246","01","LXSD2101-01","LXCOLL_20210105_1_0246_1",62.52,"(60,65]","No","Z","Z","No","Y","OldStage=Z;","Proofed"
2021-01-05,"2021","Jan",Jan 2021,"LXS","0246","02","LXSD2101-02","LXCOLL_20210105_1_0246_1",70.14,"(70,75]","No","Z","4","No","N","OldStage=Z;","Proofed"
2021-01-05,"2021","Jan",Jan 2021,"LXS","0246","03","LXSD2101-03","LXCOLL_20210105_1_0246_1",54.37,"(50,55]","No","Z","4","No","N","OldStage=Z;","Proofed"
2021-01-05,"2021","Jan",Jan 2021,"LXS","0246","04","LXSD2101-04","LXCOLL_20210105_1_0246_1",65.76,"(65,70]","No","Z","4","No","N","OldStage=Z;","Proofed"
2021-01-05,"2021","Jan",Jan 2021,"LXS","0246","05","LXSD2101-05","LXCOLL_20210105_1_0246_1",48.39,"(45,50]","No","Z","Z","No","Y","OldStage=Z;","Proofed"
2021-01-05,"2021","Jan",Jan 2021,"LXS","0247","06","LXSD2101-06","LXCOLL_20210105_1_0247_1",69.22,"(65,70]","No","M","3","No","N","OldStage=Z;","Proofed"
2021-01-05,"2021","Jan",Jan 2021,"LXS","0247","07","LXSD2101-07","LXCOLL_20210105_1_0247_1",67.9,"(65,70]","No","Z","4","No","N","OldStage=Z;","Proofed"
2021-01-05,"2021","Jan",Jan 2021,"LXS","0247","08","LXSD2101-08","LXCOLL_20210105_1_0247_1",53.14,"(50,55]","No","Z","Z","No","Y","OldStage=Z;","Proofed"
2021-01-05,"2021","Jan",Jan 2021,"LXS","0247","09","LXSD2101-09","LXCOLL_20210105_1_0247_1",59.47,"(55,60]","No","Z","Z","No","Y","OldStage=Z;","Proofed"
2021-01-05,"2021","Jan",Jan 2021,"LXS","0247","10","LXSD2101-10","LXCOLL_20210105_1_0247_1",48.58,"(45,50]","No","F","1","No","N","OldStage=Z;","Proofed"
2021-01-05,"2021","Jan",Jan 2021,"LXS","0249","11","LXSD2101-11","LXCOLL_20210105_1_0249_1",74.16,"(70,75]","No","F","1","No","N","OldStage=Z;","Proofed"
2021-01-05,"2021","Jan",Jan 2021,"LXS","0249","12","LXSD2101-12","LXCOLL_20210105_1_0249_1",62.57,"(60,65]","No","F","1","No","N","OldStage=Z;","Proofed"
2021-01-05,"2021","Jan",Jan 2021,"LXS","0249","13","LXSD2101-13","LXCOLL_20210105_1_0249_1",62.21,"(60,65]","No","Z","4","No","Y","OldStage=Z;","Proofed"
2021-01-05,"2021","Jan",Jan 2021,"LXS","0249","14","LXSD2101-14","LXCOLL_20210105_1_0249_1",45.17,"(45,50]","No","Z","Z","No","Y","OldStage=Z;","Proofed"
2021-01-05,"2021","Jan",Jan 2021,"LXS","0249","15","LXSD2101-15","LXCOLL_20210105_1_0249_1",74.78,"(70,75]","No","M","3","No","N","OldStage=Z;","Proofed"
2021-02-03,"2021","Feb",Feb 2021,"LXS","0246","01","LXSD2102-01","LXCOLL_20210203_1_0246_1",59.15,"(55,60]","No","F","1","No","N","OldStage=Z;","Proofed"
2021-02-03,"2021","Feb",Feb 2021,"LXS","0246","02","LXSD2102-02","LXCOLL_20210203_1_0246_1",48.89,"(45,50]","No","F","1","Yes","N","OldStage=Z;","Proofed"
2021-02-03,"2021","Feb",Feb 2021,"LXS","0246","03","LXSD2102-03","LXCOLL_20210203_1_0246_1",48.86,"(45,50]","No","Z","4","No","N","OldStage=Z;","Proofed"
2021-02-03,"2021","Feb",Feb 2021,"LXS","0246","04","LXSD2102-04","LXCOLL_20210203_1_0246_1",38.17,"(35,40]","No","Z","4","No","N","OldStage=Z;","Proofed"
2021-02-03,"2021","Feb",Feb 2021,"LXS","0246","05","LXSD2102-05","LXCOLL_20210203_1_0246_1",41.2,"(40,45]","No","F","1","No","N","OldStage=Z;","Proofed"
2021-02-03,"2021","Feb",Feb 2021,"LXS","0247","06","LXSD2102-06","LXCOLL_20210203_1_0247_1",57.52,"(55,60]","No","F","1","No","N","OldStage=Z;","Proofed"
2021-02-03,"2021","Feb",Feb 2021,"LXS","0247","07","LXSD2102-07","LXCOLL_20210203_1_0247_1",50.47,"(50,55]","No","M","2","No","N","OldStage=Z;","Proofed"
2021-02-03,"2021","Feb",Feb 2021,"LXS","0247","08","LXSD2102-08","LXCOLL_20210203_1_0247_1",57.94,"(55,60]","No","M","2","No","N","OldStage=Z;","Proofed"
2021-02-03,"2021","Feb",Feb 2021,"LXS","0247","09","LXSD2102-09","LXCOLL_20210203_1_0247_1",38.44,"(35,40]","No","Z","4","No","N","OldStage=Z;","Proofed"
2021-02-03,"2021","Feb",Feb 2021,"LXS","0247","10","LXSD2102-10","LXCOLL_20210203_1_0247_1",44.46,"(40,45]","No","M","2","No","N","OldStage=Z;","Proofed"
2021-02-03,"2021","Feb",Feb 2021,"LXS","0249","11","LXSD2102-11","LXCOLL_20210203_1_0249_1",58.15,"(55,60]","No","F","1","No","N","OldStage=Z;","Proofed"
2021-02-03,"2021","Feb",Feb 2021,"LXS","0249","12","LXSD2102-12","LXCOLL_20210203_1_0249_1",29.48,"(25,30]","No","M","2","No","N","OldStage=Z;","Proofed"
2021-02-03,"2021","Feb",Feb 2021,"LXS","0249","13","LXSD2102-13","LXCOLL_20210203_1_0249_1",90.09,"(90,95]","No","F","1","No","N","OldStage=Z;","Proofed"
2021-02-03,"2021","Feb",Feb 2021,"LXS","0249","14","LXSD2102-14","LXCOLL_20210203_1_0249_1",47.19,"(45,50]","No","F","2","No","N","OldStage=Z;","Proofed"
2021-02-03,"2021","Feb",Feb 2021,"LXS","0249","15","LXSD2102-15","LXCOLL_20210203_1_0249_1",41.23,"(40,45]","No","F","2","No","N","OldStage=Z;","Proofed"
2021-03-02,"2021","Mar",Mar 2021,"LXS","0246","01","LXSD2103-01","LXCOLL_20210302_1_0246_1",65.95,"(65,70]","No","F","2","No","N","OldStage=Z;","Proofed"
2021-03-02,"2021","Mar",Mar 2021,"LXS","0246","02","LXSD2103-02","LXCOLL_20210302_1_0246_1",38.41,"(35,40]","No","M","2","No","N","OldStage=Z;","Proofed"
2021-03-02,"2021","Mar",Mar 2021,"LXS","0246","03","LXSD2103-03","LXCOLL_20210302_1_0246_1",75.5,"(75,80]","No","M","2","No","N","OldStage=Z;","Proofed"
2021-03-02,"2021","Mar",Mar 2021,"LXS","0246","04","LXSD2103-04","LXCOLL_20210302_1_0246_1",43.8,"(40,45]","No","F","2","No","N","OldStage=Z;","Proofed"
2021-03-02,"2021","Mar",Mar 2021,"LXS","0246","05","LXSD2103-05","LXCOLL_20210302_1_0246_1",45.21,"(45,50]","No","M","2","No","N","OldStage=Z;","Proofed"
2021-03-02,"2021","Mar",Mar 2021,"LXS","0247","06","LXSD2103-06","LXCOLL_20210302_1_0247_1",39.19,"(35,40]","No","M","2","No","N","OldStage=Z;","Proofed"
2021-03-02,"2021","Mar",Mar 2021,"LXS","0247","07","LXSD2103-07","LXCOLL_20210302_1_0247_1",93.58,"(90,95]","No","F","2","No","N","OldStage=Z;","Proofed"
2021-03-02,"2021","Mar",Mar 2021,"LXS","0247","08","LXSD2103-08","LXCOLL_20210302_1_0247_1",62.63,"(60,65]","No","F","2","No","N","OldStage=Z;","Proofed"
2021-03-02,"2021","Mar",Mar 2021,"LXS","0247","09","LXSD2103-09","LXCOLL_20210302_1_0247_1",56.89,"(55,60]","No","M","2","No","N","OldStage=Z;","Proofed"
2021-03-02,"2021","Mar",Mar 2021,"LXS","0247","10","LXSD2103-10","LXCOLL_20210302_1_0247_1",52.13,"(50,55]","No","F","2","No","N","OldStage=Z;","Proofed"
2021-03-02,"2021","Mar",Mar 2021,"LXS","0249","11","LXSD2103-11","LXCOLL_20210302_1_0249_1",72.93,"(70,75]","No","M","2","No","N","OldStage=Z;","Proofed"
2021-03-02,"2021","Mar",Mar 2021,"LXS","0249","12","LXSD2103-12","LXCOLL_20210302_1_0249_1",62.93,"(60,65]","No","F","2","No","N","OldStage=Z;","Proofed"
2021-03-02,"2021","Mar",Mar 2021,"LXS","0249","13","LXSD2103-13","LXCOLL_20210302_1_0249_1",66.63,"(65,70]","No","M","2","No","N","OldStage=Z;","Proofed"
2021-03-02,"2021","Mar",Mar 2021,"LXS","0249","14","LXSD2103-14","LXCOLL_20210302_1_0249_1",71.02,"(70,75]","No","M","2","No","N","OldStage=Z;","Proofed"
2021-03-02,"2021","Mar",Mar 2021,"LXS","0249","15","LXSD2103-15","LXCOLL_20210302_1_0249_1",46.75,"(45,50]","No","F","2","No","N","OldStage=Z;","Proofed"
2021-04-06,"2021","Apr",Apr 2021,"LXS","0246","01","LXSD2104-01","LXCOLL_20210406_1_0246_1",63.71,"(60,65]","No","F","2","Yes","N","OldStage=Z;","Proofed"
2021-04-06,"2021","Apr",Apr 2021,"LXS","0246","02","LXSD2104-02","LXCOLL_20210406_1_0246_1",52.42,"(50,55]","No","F","2","No","N","OldStage=Z;","Proofed"
2021-04-06,"2021","Apr",Apr 2021,"LXS","0246","03","LXSD2104-03","LXCOLL_20210406_1_0246_1",47.99,"(45,50]","No","F","2","No","N","OldStage=Z;","Proofed"
2021-04-06,"2021","Apr",Apr 2021,"LXS","0246","04","LXSD2104-04","LXCOLL_20210406_1_0246_1",56.26,"(55,60]","No","F","2","No","N","OldStage=Z;","Proofed"
2021-04-06,"2021","Apr",Apr 2021,"LXS","0246","05","LXSD2104-05","LXCOLL_20210406_1_0246_1",49.85,"(45,50]","No","F","2","No","N","OldStage=Z;","Proofed"
2021-04-06,"2021","Apr",Apr 2021,"LXS","0247","06","LXSD2104-06","LXCOLL_20210406_1_0247_1",62.56,"(60,65]","No","F","2","No","N","OldStage=Z;","Proofed"
2021-04-06,"2021","Apr",Apr 2021,"LXS","0247","07","LXSD2104-07","LXCOLL_20210406_1_0247_1",83.06,"(80,85]","No","M","2","No","N","OldStage=Z;","Proofed"
2021-04-06,"2021","Apr",Apr 2021,"LXS","0247","08","LXSD2104-08","LXCOLL_20210406_1_0247_1",52.77,"(50,55]","No","M","2","Yes","N","OldStage=Z;","Proofed"
2021-04-06,"2021","Apr",Apr 2021,"LXS","0247","09","LXSD2104-09","LXCOLL_20210406_1_0247_1",66.35,"(65,70]","No","F","2","No","N","OldStage=Z;","Proofed"
2021-04-06,"2021","Apr",Apr 2021,"LXS","0247","10","LXSD2104-10","LXCOLL_20210406_1_0247_1",52.91,"(50,55]","No","M","2","No","N","OldStage=Z;","Proofed"
2021-04-06,"2021","Apr",Apr 2021,"LXS","0249","11","LXSD2104-11","LXCOLL_20210406_1_0249_1",61.25,"(60,65]","No","F","2","Yes","N","OldStage=Z;","Proofed"
2021-04-06,"2021","Apr",Apr 2021,"LXS","0249","12","LXSD2104-12","LXCOLL_20210406_1_0249_1",70.84,"(70,75]","No","F","2","No","N","OldStage=Z;","Proofed"
2021-04-06,"2021","Apr",Apr 2021,"LXS","0249","13","LXSD2104-13","LXCOLL_20210406_1_0249_1",56.85,"(55,60]","No","M","2","Yes","N","OldStage=Z;","Proofed"
2021-04-06,"2021","Apr",Apr 2021,"LXS","0249","14","LXSD2104-14","LXCOLL_20210406_1_0249_1",56.7,"(55,60]","No","M","2","Yes","N","OldStage=Z;","Proofed"
2021-04-06,"2021","Apr",Apr 2021,"LXS","0249","15","LXSD2104-15","LXCOLL_20210406_1_0249_1",49.76,"(45,50]","No","F","Z","Buceph","N","OldStage=Z;","Proofed"
2021-05-04,"2021","May",May 2021,"LXS","0246","01","LXSD2105-01","LXCOLL_20210504_1_0246_1",59.3,"(55,60]","No","F","2","No","N","OldStage=Z;","Proofed"
2021-05-04,"2021","May",May 2021,"LXS","0246","02","LXSD2105-02","LXCOLL_20210504_1_0246_1",49.11,"(45,50]","No","F","2","Yes","N","OldStage=Z;","Proofed"
2021-05-04,"2021","May",May 2021,"LXS","0246","03","LXSD2105-03","LXCOLL_20210504_1_0246_1",62.47,"(60,65]","No","F","2","No","N","OldStage=Z;","Proofed"
2021-05-04,"2021","May",May 2021,"LXS","0246","04","LXSD2105-04","LXCOLL_20210504_1_0246_1",44.27,"(40,45]","No","F","2","No","N","OldStage=Z;","Proofed"
2021-05-04,"2021","May",May 2021,"LXS","0246","05","LXSD2105-05","LXCOLL_20210504_1_0246_1",59.51,"(55,60]","No","F","2","No","N","OldStage=Z;","Proofed"
2021-05-04,"2021","May",May 2021,"LXS","0247","06","LXSD2105-06","LXCOLL_20210504_1_0247_1",53.48,"(50,55]","No","F","2","No","N","OldStage=Z;","Proofed"
2021-05-04,"2021","May",May 2021,"LXS","0247","07","LXSD2105-07","LXCOLL_20210504_1_0247_1",58.71,"(55,60]","No","M","2","No","N","OldStage=Z;","Proofed"
2021-05-04,"2021","May",May 2021,"LXS","0247","08","LXSD2105-08","LXCOLL_20210504_1_0247_1",53.59,"(50,55]","No","F","2","No","N","OldStage=Z;","Proofed"
2021-05-04,"2021","May",May 2021,"LXS","0247","09","LXSD2105-09","LXCOLL_20210504_1_0247_1",47.93,"(45,50]","No","M","1","No","N","OldStage=Z;","Proofed"
2021-05-04,"2021","May",May 2021,"LXS","0247","10","LXSD2105-10","LXCOLL_20210504_1_0247_1",53.01,"(50,55]","No","M","2","No","N","OldStage=Z;","Proofed"
2021-05-04,"2021","May",May 2021,"LXS","0249","11","LXSD2105-11","LXCOLL_20210504_1_0249_1",48.21,"(45,50]","No","F","2","No","N","OldStage=Z;","Proofed"
2021-05-04,"2021","May",May 2021,"LXS","0249","12","LXSD2105-12","LXCOLL_20210504_1_0249_1",57.35,"(55,60]","No","Z","Z","No","Y","OldStage=Z;","Proofed"
2021-05-04,"2021","May",May 2021,"LXS","0249","13","LXSD2105-13","LXCOLL_20210504_1_0249_1",33.03,"(30,35]","No","M","2","No","N","OldStage=Z;","Proofed"
2021-05-04,"2021","May",May 2021,"LXS","0249","14","LXSD2105-14","LXCOLL_20210504_1_0249_1",45.24,"(45,50]","No","M","2","No","N","OldStage=Z;","Proofed"
2021-05-04,"2021","May",May 2021,"LXS","0249","15","LXSD2105-15","LXCOLL_20210504_1_0249_1",65.17,"(65,70]","No","F","2","No","N","OldStage=Z;","Proofed"
2021-06-07,"2021","Jun",Jun 2021,"LXS","0246","01","LXSD2106-01","LXCOLL_20210607_1_0246_1",63.77,"(60,65]","No","F","3","No","N","OldStage=Z;","Proofed"
2021-06-07,"2021","Jun",Jun 2021,"LXS","0246","02","LXSD2106-02","LXCOLL_20210607_1_0246_1",49.25,"(45,50]","No","F","2","No","N","OldStage=Z;","Proofed"
2021-06-07,"2021","Jun",Jun 2021,"LXS","0246","03","LXSD2106-03","LXCOLL_20210607_1_0246_1",62.32,"(60,65]","No","F","1","No","N","OldStage=Z;","Proofed"
2021-06-07,"2021","Jun",Jun 2021,"LXS","0246","04","LXSD2106-04","LXCOLL_20210607_1_0246_1",54.43,"(50,55]","No","M","2","No","N","OldStage=Z;","Proofed"
2021-06-07,"2021","Jun",Jun 2021,"LXS","0246","05","LXSD2106-05","LXCOLL_20210607_1_0246_1",51.77,"(50,55]","No","F","2","No","N","OldStage=Z;","Proofed"
2021-06-07,"2021","Jun",Jun 2021,"LXS","0247","06","LXSD2106-06","LXCOLL_20210607_1_0247_1",52.41,"(50,55]","No","F","2","No","N","OldStage=Z;","Proofed"
2021-06-07,"2021","Jun",Jun 2021,"LXS","0247","07","LXSD2106-07","LXCOLL_20210607_1_0247_1",57.31,"(55,60]","No","F","2","No","N","OldStage=Z;","Proofed"
2021-06-07,"2021","Jun",Jun 2021,"LXS","0247","08","LXSD2106-08","LXCOLL_20210607_1_0247_1",56.61,"(55,60]","No","M","2","No","N","OldStage=Z;","Proofed"
2021-06-07,"2021","Jun",Jun 2021,"LXS","0247","09","LXSD2106-09","LXCOLL_20210607_1_0247_1",55.07,"(55,60]","No","F","2","No","N","OldStage=Z;","Proofed"
2021-06-07,"2021","Jun",Jun 2021,"LXS","0247","10","LXSD2106-10","LXCOLL_20210607_1_0247_1",63.41,"(60,65]","No","M","2","No","N","OldStage=Z;","Proofed"
2021-06-07,"2021","Jun",Jun 2021,"LXS","0249","11","LXSD2106-11","LXCOLL_20210607_1_0249_1",74.51,"(70,75]","No","F","2","No","N","OldStage=Z;","Proofed"
2021-06-07,"2021","Jun",Jun 2021,"LXS","0249","12","LXSD2106-12","LXCOLL_20210607_1_0249_1",53.25,"(50,55]","No","F","2","No","N","OldStage=Z;","Proofed"
2021-06-07,"2021","Jun",Jun 2021,"LXS","0249","13","LXSD2106-13","LXCOLL_20210607_1_0249_1",65.52,"(65,70]","No","M","2","No","N","OldStage=Z;","Proofed"
2021-06-07,"2021","Jun",Jun 2021,"LXS","0249","14","LXSD2106-14","LXCOLL_20210607_1_0249_1",46.59,"(45,50]","No","F","2","No","N","OldStage=Z;","Proofed"
2021-06-07,"2021","Jun",Jun 2021,"LXS","0249","15","LXSD2106-15","LXCOLL_20210607_1_0249_1",51.24,"(50,55]","No","F","2","No","N","OldStage=Z;","Proofed"
2021-07-12,"2021","Jul",Jul 2021,"LXS","0246","01","LXSD2107-01","LXCOLL_20210712_1_0246_1",66.27,"(65,70]","No","F","2","Yes","N","OldStage=Z;","Proofed"
2021-07-12,"2021","Jul",Jul 2021,"LXS","0246","02","LXSD2107-02","LXCOLL_20210712_1_0246_1",61.72,"(60,65]","No","F","2","No","N","OldStage=Z;","Proofed"
2021-07-12,"2021","Jul",Jul 2021,"LXS","0246","03","LXSD2107-03","LXCOLL_20210712_1_0246_1",73.75,"(70,75]","No","F","2","Yes","N","OldStage=Z;","Proofed"
2021-07-12,"2021","Jul",Jul 2021,"LXS","0246","04","LXSD2107-04","LXCOLL_20210712_1_0246_1",67.2,"(65,70]","No","F","2","No","N","OldStage=Z;","Proofed"
2021-07-12,"2021","Jul",Jul 2021,"LXS","0246","05","LXSD2107-05","LXCOLL_20210712_1_0246_1",78.87,"(75,80]","No","F","2","No","N","OldStage=Z;","Proofed"
2021-07-12,"2021","Jul",Jul 2021,"LXS","0247","06","LXSD2107-06","LXCOLL_20210712_1_0247_1",49.38,"(45,50]","No","F","2","No","N","OldStage=Z;","Proofed"
2021-07-12,"2021","Jul",Jul 2021,"LXS","0247","07","LXSD2107-07","LXCOLL_20210712_1_0247_1",72.55,"(70,75]","No","F","2","No","N","OldStage=Z;","Proofed"
2021-07-12,"2021","Jul",Jul 2021,"LXS","0247","08","LXSD2107-08","LXCOLL_20210712_1_0247_1",68.9,"(65,70]","No","F","1","No","N","OldStage=Z;","Proofed"
2021-07-12,"2021","Jul",Jul 2021,"LXS","0247","09","LXSD2107-09","LXCOLL_20210712_1_0247_1",58.43,"(55,60]","No","F","2","No","N","OldStage=Z;","Proofed"
2021-07-12,"2021","Jul",Jul 2021,"LXS","0247","10","LXSD2107-10","LXCOLL_20210712_1_0247_1",58.2,"(55,60]","No","F","2","No","N","OldStage=Z;","Proofed"
2021-07-12,"2021","Jul",Jul 2021,"LXS","0249","11","LXSD2107-11","LXCOLL_20210712_1_0249_1",45.78,"(45,50]","No","F","2","No","N","OldStage=Z;","Proofed"
2021-07-12,"2021","Jul",Jul 2021,"LXS","0249","12","LXSD2107-12","LXCOLL_20210712_1_0249_1",61.68,"(60,65]","No","F","2","No","N","OldStage=Z;","Proofed"
2021-07-12,"2021","Jul",Jul 2021,"LXS","0249","13","LXSD2107-13","LXCOLL_20210712_1_0249_1",73.06,"(70,75]","No","F","2","No","N","OldStage=Z;","Proofed"
2021-07-12,"2021","Jul",Jul 2021,"LXS","0249","14","LXSD2107-14","LXCOLL_20210712_1_0249_1",67.68,"(65,70]","No","F","2","No","N","OldStage=Z;","Proofed"
2021-07-12,"2021","Jul",Jul 2021,"LXS","0249","15","LXSD2107-15","LXCOLL_20210712_1_0249_1",63.94,"(60,65]","No","F","2","No","N","OldStage=Z;","Proofed"
2021-08-03,"2021","Aug",Aug 2021,"LXS","0246","01","LXSD2108-01","LXCOLL_20210803_1_0246_1",52.73,"(50,55]","No","F","3","Yes","N","OldStage=Z;","Proofed"
2021-08-03,"2021","Aug",Aug 2021,"LXS","0246","02","LXSD2108-02","LXCOLL_20210803_1_0246_1",40.17,"(40,45]","No","F","2","No","N","OldStage=Z;","Proofed"
2021-08-03,"2021","Aug",Aug 2021,"LXS","0246","03","LXSD2108-03","LXCOLL_20210803_1_0246_1",56.57,"(55,60]","No","F","3","No","N","OldStage=Z;","Proofed"
2021-08-03,"2021","Aug",Aug 2021,"LXS","0246","04","LXSD2108-04","LXCOLL_20210803_1_0246_1",48.99,"(45,50]","No","F","2","No","N","OldStage=Z;","Proofed"
2021-08-03,"2021","Aug",Aug 2021,"LXS","0246","05","LXSD2108-05","LXCOLL_20210803_1_0246_1",59.37,"(55,60]","No","F","2","No","N","OldStage=Z;","Proofed"
2021-08-03,"2021","Aug",Aug 2021,"LXS","0247","06","LXSD2108-06","LXCOLL_20210803_1_0247_1",46.02,"(45,50]","No","F","2","No","N","OldStage=Z;","Proofed"
2021-08-03,"2021","Aug",Aug 2021,"LXS","0247","07","LXSD2108-07","LXCOLL_20210803_1_0247_1",63.29,"(60,65]","No","F","2","No","N","OldStage=Z;","Proofed"
2021-08-03,"2021","Aug",Aug 2021,"LXS","0247","08","LXSD2108-08","LXCOLL_20210803_1_0247_1",48.25,"(45,50]","No","F","2","No","N","OldStage=Z;","Proofed"
2021-08-03,"2021","Aug",Aug 2021,"LXS","0247","09","LXSD2108-09","LXCOLL_20210803_1_0247_1",60.34,"(60,65]","No","F","2","Yes","N","OldStage=Z;","Proofed"
2021-08-03,"2021","Aug",Aug 2021,"LXS","0247","10","LXSD2108-10","LXCOLL_20210803_1_0247_1",57.44,"(55,60]","No","F","2","No","N","OldStage=Z;","Proofed"
2021-08-03,"2021","Aug",Aug 2021,"LXS","0249","11","LXSD2108-11","LXCOLL_20210803_1_0249_1",44.87,"(40,45]","No","F","2","No","N","OldStage=Z;","Proofed"
2021-08-03,"2021","Aug",Aug 2021,"LXS","0249","12","LXSD2108-12","LXCOLL_20210803_1_0249_1",63.66,"(60,65]","No","M","2","No","N","OldStage=Z;","Proofed"
2021-08-03,"2021","Aug",Aug 2021,"LXS","0249","13","LXSD2108-13","LXCOLL_20210803_1_0249_1",53.51,"(50,55]","No","F","2","No","N","OldStage=Z;","Proofed"
2021-08-03,"2021","Aug",Aug 2021,"LXS","0249","14","LXSD2108-14","LXCOLL_20210803_1_0249_1",53.47,"(50,55]","No","Z","4","Yes","N","OldStage=Z;","Proofed"
2021-08-03,"2021","Aug",Aug 2021,"LXS","0249","15","LXSD2108-15","LXCOLL_20210803_1_0249_1",48.11,"(45,50]","No","F","2","No","N","OldStage=Z;","Proofed"
2021-09-09,"2021","Sep",Sep 2021,"LXS","0246","01","LXSD2109-01","LXCOLL_20210909_1_0246_1",58.18,"(55,60]","No","F","2","No","N","OldStage=Z;","Proofed"
2021-09-09,"2021","Sep",Sep 2021,"LXS","0246","02","LXSD2109-02","LXCOLL_20210909_1_0246_1",54.57,"(50,55]","No","F","2","No","N","OldStage=Z;","Proofed"
2021-09-09,"2021","Sep",Sep 2021,"LXS","0246","03","LXSD2109-03","LXCOLL_20210909_1_0246_1",74.77,"(70,75]","No","M","2","No","N","OldStage=Z;","Proofed"
2021-09-09,"2021","Sep",Sep 2021,"LXS","0246","04","LXSD2109-04","LXCOLL_20210909_1_0246_1",52.08,"(50,55]","No","F","2","No","N","OldStage=Z;","Proofed"
2021-09-09,"2021","Sep",Sep 2021,"LXS","0246","05","LXSD2109-05","LXCOLL_20210909_1_0246_1",65.29,"(65,70]","No","F","2","No","N","OldStage=Z;","Proofed"
2021-09-09,"2021","Sep",Sep 2021,"LXS","0247","06","LXSD2109-06","LXCOLL_20210909_1_0247_1",55.05,"(55,60]","No","F","2","No","N","OldStage=Z;","Proofed"
2021-09-09,"2021","Sep",Sep 2021,"LXS","0247","07","LXSD2109-07","LXCOLL_20210909_1_0247_1",63.34,"(60,65]","No","M","2","No","N","OldStage=Z;","Proofed"
2021-09-09,"2021","Sep",Sep 2021,"LXS","0247","08","LXSD2109-08","LXCOLL_20210909_1_0247_1",82.94,"(80,85]","No","F","2","No","N","OldStage=Z;","Proofed"
2021-09-09,"2021","Sep",Sep 2021,"LXS","0247","09","LXSD2109-09","LXCOLL_20210909_1_0247_1",54.72,"(50,55]","No","F","2","No","N","OldStage=Z;","Proofed"
2021-09-09,"2021","Sep",Sep 2021,"LXS","0247","10","LXSD2109-10","LXCOLL_20210909_1_0247_1",49.43,"(45,50]","No","F","2","No","N","OldStage=Z;","Proofed"
2021-09-09,"2021","Sep",Sep 2021,"LXS","0249","11","LXSD2109-11","LXCOLL_20210909_1_0249_1",48.02,"(45,50]","No","F","2","No","N","OldStage=Z;","Proofed"
2021-09-09,"2021","Sep",Sep 2021,"LXS","0249","12","LXSD2109-12","LXCOLL_20210909_1_0249_1",53.56,"(50,55]","No","M","2","No","N","OldStage=Z;","Proofed"
2021-09-09,"2021","Sep",Sep 2021,"LXS","0249","13","LXSD2109-13","LXCOLL_20210909_1_0249_1",53.41,"(50,55]","No","F","2","No","N","OldStage=Z;","Proofed"
2021-09-09,"2021","Sep",Sep 2021,"LXS","0249","14","LXSD2109-14","LXCOLL_20210909_1_0249_1",57.6,"(55,60]","No","F","2","No","N","OldStage=Z;","Proofed"
2021-09-09,"2021","Sep",Sep 2021,"LXS","0249","15","LXSD2109-15","LXCOLL_20210909_1_0249_1",48.85,"(45,50]","No","F","2","No","N","OldStage=Z;","Proofed"
2021-10-05,"2021","Oct",Oct 2021,"LXS","0246","01","LXSD2110-01","LXCOLL_20211005_1_0246_1",64.8,"(60,65]","No","F","2","No","N","OldStage=Z;","Proofed"
2021-10-05,"2021","Oct",Oct 2021,"LXS","0246","02","LXSD2110-02","LXCOLL_20211005_1_0246_1",69.92,"(65,70]","No","F","2","No","N","OldStage=Z;","Proofed"
2021-10-05,"2021","Oct",Oct 2021,"LXS","0246","03","LXSD2110-03","LXCOLL_20211005_1_0246_1",54.32,"(50,55]","No","F","2","No","N","OldStage=Z;","Proofed"
2021-10-05,"2021","Oct",Oct 2021,"LXS","0246","04","LXSD2110-04","LXCOLL_20211005_1_0246_1",64.16,"(60,65]","No","F","2","No","N","OldStage=Z;","Proofed"
2021-10-05,"2021","Oct",Oct 2021,"LXS","0246","05","LXSD2110-05","LXCOLL_20211005_1_0246_1",62.26,"(60,65]","No","F","2","No","N","OldStage=Z;","Proofed"
2021-10-05,"2021","Oct",Oct 2021,"LXS","0247","06","LXSD2110-06","LXCOLL_20211005_1_0247_1",58.14,"(55,60]","No","M","2","No","N","OldStage=Z;","Proofed"
2021-10-05,"2021","Oct",Oct 2021,"LXS","0247","07","LXSD2110-07","LXCOLL_20211005_1_0247_1",43.97,"(40,45]","No","F","2","No","N","OldStage=Z;","Proofed"
2021-10-05,"2021","Oct",Oct 2021,"LXS","0247","08","LXSD2110-08","LXCOLL_20211005_1_0247_1",51.5,"(50,55]","No","M","2","No","N","OldStage=Z;","Proofed"
2021-10-05,"2021","Oct",Oct 2021,"LXS","0247","09","LXSD2110-09","LXCOLL_20211005_1_0247_1",48.77,"(45,50]","No","M","2","No","N","OldStage=Z;","Proofed"
2021-10-05,"2021","Oct",Oct 2021,"LXS","0247","10","LXSD2110-10","LXCOLL_20211005_1_0247_1",45.54,"(45,50]","No","F","2","No","N","OldStage=Z;","Proofed"
2021-10-05,"2021","Oct",Oct 2021,"LXS","0249","11","LXSD2110-11","LXCOLL_20211005_1_0249_1",64.42,"(60,65]","No","F","2","No","N","OldStage=Z;","Proofed"
2021-10-05,"2021","Oct",Oct 2021,"LXS","0249","12","LXSD2110-12","LXCOLL_20211005_1_0249_1",44.33,"(40,45]","No","M","2","No","N","OldStage=Z;","Proofed"
2021-10-05,"2021","Oct",Oct 2021,"LXS","0249","13","LXSD2110-13","LXCOLL_20211005_1_0249_1",56.49,"(55,60]","No","F","2","No","N","OldStage=Z;","Proofed"
2021-10-05,"2021","Oct",Oct 2021,"LXS","0249","14","LXSD2110-14","LXCOLL_20211005_1_0249_1",55.74,"(55,60]","No","F","2","No","N","OldStage=Z;","Proofed"
2021-10-05,"2021","Oct",Oct 2021,"LXS","0249","15","LXSD2110-15","LXCOLL_20211005_1_0249_1",63.72,"(60,65]","No","F","2","No","N","OldStage=Z;","Proofed"
2021-11-03,"2021","Nov",Nov 2021,"LXS","0246","01","LXSD2111-01","LXCOLL_20211103_1_0246_1",47.64,"(45,50]","No","M","2","No","N","OldStage=Z;","Proofed"
2021-11-03,"2021","Nov",Nov 2021,"LXS","0246","02","LXSD2111-02","LXCOLL_20211103_1_0246_1",66.11,"(65,70]","No","F","2","No","N","OldStage=Z;","Proofed"
2021-11-03,"2021","Nov",Nov 2021,"LXS","0246","03","LXSD2111-03","LXCOLL_20211103_1_0246_1",49.98,"(45,50]","No","Z","4","No","N","OldStage=Z;","Proofed"
2021-11-03,"2021","Nov",Nov 2021,"LXS","0246","04","LXSD2111-04","LXCOLL_20211103_1_0246_1",51.23,"(50,55]","No","M","2","No","N","OldStage=Z;","Proofed"
2021-11-03,"2021","Nov",Nov 2021,"LXS","0246","05","LXSD2111-05","LXCOLL_20211103_1_0246_1",36.28,"(35,40]","No","F","2","No","N","OldStage=Z;","Proofed"
2021-11-03,"2021","Nov",Nov 2021,"LXS","0247","06","LXSD2111-06","LXCOLL_20211103_1_0247_1",72.87,"(70,75]","No","F","2","No","N","OldStage=Z;","Proofed"
2021-11-03,"2021","Nov",Nov 2021,"LXS","0247","07","LXSD2111-07","LXCOLL_20211103_1_0247_1",73.16,"(70,75]","No","F","2","No","N","OldStage=Z;","Proofed"
2021-11-03,"2021","Nov",Nov 2021,"LXS","0247","08","LXSD2111-08","LXCOLL_20211103_1_0247_1",60.11,"(60,65]","No","F","2","No","N","OldStage=Z;","Proofed"
2021-11-03,"2021","Nov",Nov 2021,"LXS","0247","09","LXSD2111-09","LXCOLL_20211103_1_0247_1",60.49,"(60,65]","No","F","2","Yes","N","OldStage=Z;","Proofed"
2021-11-03,"2021","Nov",Nov 2021,"LXS","0247","10","LXSD2111-10","LXCOLL_20211103_1_0247_1",43.31,"(40,45]","No","M","2","Yes","N","OldStage=Z;","Proofed"
2021-11-03,"2021","Nov",Nov 2021,"LXS","0249","11","LXSD2111-11","LXCOLL_20211103_1_0249_1",74.53,"(70,75]","No","F","2","Yes","N","OldStage=Z;","Proofed"
2021-11-03,"2021","Nov",Nov 2021,"LXS","0249","12","LXSD2111-12","LXCOLL_20211103_1_0249_1",63.27,"(60,65]","No","F","2","No","N","OldStage=Z;","Proofed"
2021-11-03,"2021","Nov",Nov 2021,"LXS","0249","13","LXSD2111-13","LXCOLL_20211103_1_0249_1",53.88,"(50,55]","No","M","2","No","N","OldStage=Z;","Proofed"
2021-11-03,"2021","Nov",Nov 2021,"LXS","0249","14","LXSD2111-14","LXCOLL_20211103_1_0249_1",52.62,"(50,55]","No","F","2","No","N","OldStage=Z;","Proofed"
2021-11-03,"2021","Nov",Nov 2021,"LXS","0249","15","LXSD2111-15","LXCOLL_20211103_1_0249_1",53.96,"(50,55]","No","F","2","No","N","OldStage=Z;","Proofed"
2021-12-07,"2021","Dec",Dec 2021,"LXS","0246","01","LXSD2112-01","LXCOLL_20211207_1_0246_1",37.74,"(35,40]","No","Z","4","Yes","N","OldStage=Z;","Proofed"
2021-12-07,"2021","Dec",Dec 2021,"LXS","0246","02","LXSD2112-02","LXCOLL_20211207_1_0246_1",43.22,"(40,45]","No","Z","4","No","N","OldStage=Z;","Proofed"
2021-12-07,"2021","Dec",Dec 2021,"LXS","0246","03","LXSD2112-03","LXCOLL_20211207_1_0246_1",49.84,"(45,50]","No","Z","4","No","N","OldStage=Z;","Proofed"
2021-12-07,"2021","Dec",Dec 2021,"LXS","0246","04","LXSD2112-04","LXCOLL_20211207_1_0246_1",46.82,"(45,50]","No","Z","4","No","N","OldStage=Z;","Proofed"
2021-12-07,"2021","Dec",Dec 2021,"LXS","0246","05","LXSD2112-05","LXCOLL_20211207_1_0246_1",64.74,"(60,65]","No","Z","4","No","N","OldStage=Z;","Proofed"
2021-12-07,"2021","Dec",Dec 2021,"LXS","0247","06","LXSD2112-06","LXCOLL_20211207_1_0247_1",54.06,"(50,55]","No","F","3","No","N","OldStage=Z;","Proofed"
2021-12-07,"2021","Dec",Dec 2021,"LXS","0247","07","LXSD2112-07","LXCOLL_20211207_1_0247_1",40.47,"(40,45]","No","Z","4","No","N","OldStage=Z;","Proofed"
2021-12-07,"2021","Dec",Dec 2021,"LXS","0247","08","LXSD2112-08","LXCOLL_20211207_1_0247_1",51.7,"(50,55]","No","Z","4","No","N","OldStage=Z;","Proofed"
2021-12-07,"2021","Dec",Dec 2021,"LXS","0247","09","LXSD2112-09","LXCOLL_20211207_1_0247_1",44.91,"(40,45]","No","F","1","No","N","OldStage=Z;","Proofed"
2021-12-07,"2021","Dec",Dec 2021,"LXS","0247","10","LXSD2112-10","LXCOLL_20211207_1_0247_1",48.28,"(45,50]","No","Z","4","No","N","OldStage=Z;","Proofed"
2021-12-07,"2021","Dec",Dec 2021,"LXS","0249","11","LXSD2112-11","LXCOLL_20211207_1_0249_1",48.06,"(45,50]","No","M","2","No","N","OldStage=Z;","Proofed"
2021-12-07,"2021","Dec",Dec 2021,"LXS","0249","12","LXSD2112-12","LXCOLL_20211207_1_0249_1",71.25,"(70,75]","No","F","1","Yes","N","OldStage=Z;","Proofed"
2021-12-07,"2021","Dec",Dec 2021,"LXS","0249","13","LXSD2112-13","LXCOLL_20211207_1_0249_1",44.38,"(40,45]","No","F","1","No","N","OldStage=Z;","Proofed"
2021-12-07,"2021","Dec",Dec 2021,"LXS","0249","14","LXSD2112-14","LXCOLL_20211207_1_0249_1",36.88,"(35,40]","No","F","2","No","N","OldStage=Z;","Proofed"
2021-12-07,"2021","Dec",Dec 2021,"LXS","0249","15","LXSD2112-15","LXCOLL_20211207_1_0249_1",51.77,"(50,55]","No","M","2","No","N","OldStage=Z;","Proofed"
2022-01-12,"2022","Jan",Jan 2022,"LXS","0247","09","LXSD2201-09","LXCOLL_20220112_1_0247_1",51.75,"(50,55]","No","Z","4","Yes","N",NA,"Proofed"
2022-01-12,"2022","Jan",Jan 2022,"LXS","0247","10","LXSD2201-10","LXCOLL_20220112_1_0247_1",45.14,"(45,50]","No","F","3","Yes","N",NA,"Proofed"
2022-01-12,"2022","Jan",Jan 2022,"LXS","0249","11","LXSD2201-11","LXCOLL_20220112_1_0249_1",55.36,"(55,60]","No","F","3","No","N",NA,"Proofed"
2022-01-12,"2022","Jan",Jan 2022,"LXS","0249","12","LXSD2201-12","LXCOLL_20220112_1_0249_1",46.7,"(45,50]","No","F","2","No","N",NA,"Proofed"
2022-01-12,"2022","Jan",Jan 2022,"LXS","0249","13","LXSD2201-13","LXCOLL_20220112_1_0249_1",42.37,"(40,45]","No","F","1","No","N",NA,"Proofed"
2022-01-12,"2022","Jan",Jan 2022,"LXS","0249","14","LXSD2201-14","LXCOLL_20220112_1_0249_1",37.13,"(35,40]","No","M","2","No","N",NA,"Proofed"
2022-01-12,"2022","Jan",Jan 2022,"LXS","0249","15","LXSD2201-15","LXCOLL_20220112_1_0249_1",41.93,"(40,45]","No","Z","4","No","N",NA,"Proofed"
2022-02-09,"2022","Feb",Feb 2022,"LXS","0246","01","LXSD2202-01","LXCOLL_20220209_1_0246_1",39.18,"(35,40]","No","Z","4","Yes","N",NA,"Proofed"
2022-02-09,"2022","Feb",Feb 2022,"LXS","0246","02","LXSD2202-02","LXCOLL_20220209_1_0246_1",40.72,"(40,45]","No","Z","4","Yes","N",NA,"Proofed"
2022-02-09,"2022","Feb",Feb 2022,"LXS","0246","03","LXSD2202-03","LXCOLL_20220209_1_0246_1",42.89,"(40,45]","No","F","2","No","N",NA,"Proofed"
2022-02-09,"2022","Feb",Feb 2022,"LXS","0246","04","LXSD2202-04","LXCOLL_20220209_1_0246_1",52.82,"(50,55]","No","F","1","Yes","N",NA,"Proofed"
2022-02-09,"2022","Feb",Feb 2022,"LXS","0246","05","LXSD2202-05","LXCOLL_20220209_1_0246_1",44.02,"(40,45]","No","Z","4","No","N",NA,"Proofed"
2022-02-09,"2022","Feb",Feb 2022,"LXS","0247","06","LXSD2202-06","LXCOLL_20220209_1_0247_1",69.52,"(65,70]","No","Z","4","No","Y",NA,"Proofed"
2022-02-09,"2022","Feb",Feb 2022,"LXS","0247","07","LXSD2202-07","LXCOLL_20220209_1_0247_1",49.57,"(45,50]","No","Z","4","No","Y",NA,"Proofed"
2022-02-09,"2022","Feb",Feb 2022,"LXS","0247","08","LXSD2202-08","LXCOLL_20220209_1_0247_1",55.55,"(55,60]","No","F","2","No","N",NA,"Proofed"
2022-02-09,"2022","Feb",Feb 2022,"LXS","0247","09","LXSD2202-09","LXCOLL_20220209_1_0247_1",58.38,"(55,60]","No","F","1","Yes","N",NA,"Proofed"
2022-02-09,"2022","Feb",Feb 2022,"LXS","0247","10","LXSD2202-10","LXCOLL_20220209_1_0247_1",55.22,"(55,60]","No","F","1","No","N",NA,"Proofed"
2022-02-09,"2022","Feb",Feb 2022,"LXS","0249","11","LXSD2202-11","LXCOLL_20220209_1_0249_1",39.52,"(35,40]","No","F","1","No","N",NA,"Proofed"
2022-02-09,"2022","Feb",Feb 2022,"LXS","0249","12","LXSD2202-12","LXCOLL_20220209_1_0249_1",52.84,"(50,55]","No","F","1","Yes","N",NA,"Proofed"
2022-02-09,"2022","Feb",Feb 2022,"LXS","0249","13","LXSD2202-13","LXCOLL_20220209_1_0249_1",47.72,"(45,50]","No","F","2","No","N",NA,"Proofed"
2022-02-09,"2022","Feb",Feb 2022,"LXS","0249","14","LXSD2202-14","LXCOLL_20220209_1_0249_1",50.69,"(50,55]","No","M","1","No","N",NA,"Proofed"
2022-02-09,"2022","Feb",Feb 2022,"LXS","0249","15","LXSD2202-15","LXCOLL_20220209_1_0249_1",42.7,"(40,45]","No","Z","4","No","N",NA,"Proofed"
2022-03-09,"2022","Mar",Mar 2022,"LXS","0246","01","LXSD2203-01","LXCOLL_20220309_1_0246_1",67.69,"(65,70]","No","Z",NA,"No","Y",NA,"Proofed"
2022-03-09,"2022","Mar",Mar 2022,"LXS","0246","02","LXSD2203-02","LXCOLL_20220309_1_0246_1",61.8,"(60,65]","No","Z","4","Yes","N",NA,"Proofed"
2022-03-09,"2022","Mar",Mar 2022,"LXS","0246","03","LXSD2203-03","LXCOLL_20220309_1_0246_1",48.33,"(45,50]","No","M","2","No","N",NA,"Proofed"
2022-03-09,"2022","Mar",Mar 2022,"LXS","0246","04","LXSD2203-04","LXCOLL_20220309_1_0246_1",46.72,"(45,50]","No","Z","4","No","N",NA,"Proofed"
2022-03-09,"2022","Mar",Mar 2022,"LXS","0246","05","LXSD2203-05","LXCOLL_20220309_1_0246_1",47.72,"(45,50]","No","F","2","Yes","N",NA,"Proofed"
2022-03-09,"2022","Mar",Mar 2022,"LXS","0247","06","LXSD2203-06","LXCOLL_20220309_1_0247_1",40.12,"(40,45]","No","M","2","No","N",NA,"Proofed"
2022-03-09,"2022","Mar",Mar 2022,"LXS","0247","07","LXSD2203-07","LXCOLL_20220309_1_0247_1",46.2,"(45,50]","No","Z","4","Yes","N",NA,"Proofed"
2022-03-09,"2022","Mar",Mar 2022,"LXS","0247","08","LXSD2203-08","LXCOLL_20220309_1_0247_1",36.06,"(35,40]","No","F","2","No","N",NA,"Proofed"
2022-03-09,"2022","Mar",Mar 2022,"LXS","0247","09","LXSD2203-09","LXCOLL_20220309_1_0247_1",16.01,"(15,20]","No","F","2","No","N",NA,"Proofed"
2022-03-09,"2022","Mar",Mar 2022,"LXS","0247","10","LXSD2203-10","LXCOLL_20220309_1_0247_1",58.43,"(55,60]","No","M","2","No","N",NA,"Proofed"
2022-03-09,"2022","Mar",Mar 2022,"LXS","0249","11","LXSD2203-11","LXCOLL_20220309_1_0249_1",63.18,"(60,65]","No","F","2","No","N",NA,"Proofed"
2022-03-09,"2022","Mar",Mar 2022,"LXS","0249","12","LXSD2203-12","LXCOLL_20220309_1_0249_1",37.97,"(35,40]","No","M","2","No","N",NA,"Proofed"
2022-03-09,"2022","Mar",Mar 2022,"LXS","0249","13","LXSD2203-13","LXCOLL_20220309_1_0249_1",45.04,"(45,50]","No","F","2","No","N",NA,"Proofed"
2022-03-09,"2022","Mar",Mar 2022,"LXS","0249","14","LXSD2203-14","LXCOLL_20220309_1_0249_1",57.37,"(55,60]","No","F","2","No","N",NA,"Proofed"
2022-03-09,"2022","Mar",Mar 2022,"LXS","0249","15","LXSD2203-15","LXCOLL_20220309_1_0249_1",36.34,"(35,40]","No","F","2","No","N",NA,"Proofed"
2022-04-05,"2022","Apr",Apr 2022,"LXS","0246","01","LXSD2204-01","LXCOLL_20220405_1_0246_1",58.51,"(55,60]","No","F","2","No","N",NA,"Proofed"
2022-04-05,"2022","Apr",Apr 2022,"LXS","0246","02","LXSD2204-02","LXCOLL_20220405_1_0246_1",58.12,"(55,60]","No","F","2","No","N",NA,"Proofed"
2022-04-05,"2022","Apr",Apr 2022,"LXS","0246","03","LXSD2204-03","LXCOLL_20220405_1_0246_1",47.05,"(45,50]","No","F","2","No","N",NA,"Proofed"
2022-04-05,"2022","Apr",Apr 2022,"LXS","0246","04","LXSD2204-04","LXCOLL_20220405_1_0246_1",75.32,"(75,80]","No","Z","4","Yes","N",NA,"Proofed"
2022-04-05,"2022","Apr",Apr 2022,"LXS","0246","05","LXSD2204-05","LXCOLL_20220405_1_0246_1",52.65,"(50,55]","No","F","2","No","N",NA,"Proofed"
2022-04-05,"2022","Apr",Apr 2022,"LXS","0247","06","LXSD2204-06","LXCOLL_20220405_1_0247_1",79.69,"(75,80]","No","F","1","No","N",NA,"Proofed"
2022-04-05,"2022","Apr",Apr 2022,"LXS","0247","07","LXSD2204-07","LXCOLL_20220405_1_0247_1",65.35,"(65,70]","No","F","2","No","N",NA,"Proofed"
2022-04-05,"2022","Apr",Apr 2022,"LXS","0247","08","LXSD2204-08","LXCOLL_20220405_1_0247_1",55.36,"(55,60]","No","F","2","No","N",NA,"Proofed"
2022-04-05,"2022","Apr",Apr 2022,"LXS","0247","09","LXSD2204-09","LXCOLL_20220405_1_0247_1",49.2,"(45,50]","No","Z","4","No","N",NA,"Proofed"
2022-04-05,"2022","Apr",Apr 2022,"LXS","0247","10","LXSD2204-10","LXCOLL_20220405_1_0247_1",49.64,"(45,50]","No","F","3","No","N",NA,"Proofed"
2022-04-05,"2022","Apr",Apr 2022,"LXS","0249","11","LXSD2204-11","LXCOLL_20220405_1_0249_1",76.27,"(75,80]","No","Z","Z","Buceph","Y",NA,"Proofed"
2022-04-05,"2022","Apr",Apr 2022,"LXS","0249","12","LXSD2204-12","LXCOLL_20220405_1_0249_1",67.71,"(65,70]","No","F","2","No","N",NA,"Proofed"
2022-04-05,"2022","Apr",Apr 2022,"LXS","0249","13","LXSD2204-13","LXCOLL_20220405_1_0249_1",74.6,"(70,75]","No","F","2","Yes","N",NA,"Proofed"
2022-04-05,"2022","Apr",Apr 2022,"LXS","0249","14","LXSD2204-14","LXCOLL_20220405_1_0249_1",67.49,"(65,70]","No","F","2","No","N",NA,"Proofed"
2022-04-05,"2022","Apr",Apr 2022,"LXS","0249","15","LXSD2204-15","LXCOLL_20220405_1_0249_1",53.47,"(50,55]","No","F","2","No","N",NA,"Proofed"
2022-05-03,"2022","May",May 2022,"LXS","0246","01","LXSD2205-01","LXCOLL_20220503_1_0246_1",72.24,"(70,75]","No","F","2","No","N",NA,"Proofed"
2022-05-03,"2022","May",May 2022,"LXS","0246","02","LXSD2205-02","LXCOLL_20220503_1_0246_1",44.27,"(40,45]","No","F","2","No","N",NA,"Proofed"
2022-05-03,"2022","May",May 2022,"LXS","0246","03","LXSD2205-03","LXCOLL_20220503_1_0246_1",47.24,"(45,50]","No","F","2","Yes","N",NA,"Proofed"
2022-05-03,"2022","May",May 2022,"LXS","0246","04","LXSD2205-04","LXCOLL_20220503_1_0246_1",55.49,"(55,60]","No","Z","4","No","N",NA,"Proofed"
2022-05-03,"2022","May",May 2022,"LXS","0246","05","LXSD2205-05","LXCOLL_20220503_1_0246_1",44.85,"(40,45]","No","F","2","No","N",NA,"Proofed"
2022-05-03,"2022","May",May 2022,"LXS","0247","06","LXSD2205-06","LXCOLL_20220503_1_0247_1",74.32,"(70,75]","No","F","2","No","N",NA,"Proofed"
2022-05-03,"2022","May",May 2022,"LXS","0247","07","LXSD2205-07","LXCOLL_20220503_1_0247_1",60.03,"(60,65]","No","F","1","No","N",NA,"Proofed"
2022-05-03,"2022","May",May 2022,"LXS","0247","08","LXSD2205-08","LXCOLL_20220503_1_0247_1",55.7,"(55,60]","No","M","2","No","N",NA,"Proofed"
2022-05-03,"2022","May",May 2022,"LXS","0247","09","LXSD2205-09","LXCOLL_20220503_1_0247_1",51.58,"(50,55]","No","M","2","No","N",NA,"Proofed"
2022-05-03,"2022","May",May 2022,"LXS","0247","10","LXSD2205-10","LXCOLL_20220503_1_0247_1",59.69,"(55,60]","No","Z","4","No","N",NA,"Proofed"
2022-05-03,"2022","May",May 2022,"LXS","0249","11","LXSD2205-11","LXCOLL_20220503_1_0249_1",51.32,"(50,55]","No","F","2","No","N",NA,"Proofed"
2022-05-03,"2022","May",May 2022,"LXS","0249","12","LXSD2205-12","LXCOLL_20220503_1_0249_1",55.01,"(55,60]","No","F","3","No","N",NA,"Proofed"
2022-05-03,"2022","May",May 2022,"LXS","0249","13","LXSD2205-13","LXCOLL_20220503_1_0249_1",41.14,"(40,45]","No","F","3","No","N",NA,"Proofed"
2022-05-03,"2022","May",May 2022,"LXS","0249","14","LXSD2205-14","LXCOLL_20220503_1_0249_1",45.61,"(45,50]","No","F","2","No","N",NA,"Proofed"
2022-05-03,"2022","May",May 2022,"LXS","0249","15","LXSD2205-15","LXCOLL_20220503_1_0249_1",34.59,"(30,35]","No","M","2","No","N",NA,"Proofed"
2022-06-08,"2022","Jun",Jun 2022,"LXS","0246","01","LXSD2206-01","LXCOLL_20220608_1_0246_1",37.9,"(35,40]","No","F","2","No","N",NA,"Proofed"
2022-06-08,"2022","Jun",Jun 2022,"LXS","0246","02","LXSD2206-02","LXCOLL_20220608_1_0246_1",49.14,"(45,50]","No","M","2","No","N",NA,"Proofed"
2022-06-08,"2022","Jun",Jun 2022,"LXS","0246","03","LXSD2206-03","LXCOLL_20220608_1_0246_1",49.65,"(45,50]","No","M","2","No","N",NA,"Proofed"
2022-06-08,"2022","Jun",Jun 2022,"LXS","0246","04","LXSD2206-04","LXCOLL_20220608_1_0246_1",53.32,"(50,55]","No","F","2","No","N",NA,"Proofed"
2022-06-08,"2022","Jun",Jun 2022,"LXS","0246","05","LXSD2206-05","LXCOLL_20220608_1_0246_1",49.99,"(45,50]","No","F","2","No","N",NA,"Proofed"
2022-06-08,"2022","Jun",Jun 2022,"LXS","0247","06","LXSD2206-06","LXCOLL_20220608_1_0247_1",67.88,"(65,70]","No","Z",NA,"No","Y",NA,"Proofed"
2022-06-08,"2022","Jun",Jun 2022,"LXS","0247","07","LXSD2206-07","LXCOLL_20220608_1_0247_1",54.65,"(50,55]","No","M","2","No","N",NA,"Proofed"
2022-06-08,"2022","Jun",Jun 2022,"LXS","0247","08","LXSD2206-08","LXCOLL_20220608_1_0247_1",48.38,"(45,50]","No","F","2","No","N",NA,"Proofed"
2022-06-08,"2022","Jun",Jun 2022,"LXS","0247","09","LXSD2206-09","LXCOLL_20220608_1_0247_1",49.11,"(45,50]","No","F","2","No","N",NA,"Proofed"
2022-06-08,"2022","Jun",Jun 2022,"LXS","0247","10","LXSD2206-10","LXCOLL_20220608_1_0247_1",46.25,"(45,50]","No","M","2","No","N",NA,"Proofed"
2022-06-08,"2022","Jun",Jun 2022,"LXS","0249","11","LXSD2206-11","LXCOLL_20220608_1_0249_1",57.44,"(55,60]","No","F","2","Yes","N",NA,"Proofed"
2022-06-08,"2022","Jun",Jun 2022,"LXS","0249","12","LXSD2206-12","LXCOLL_20220608_1_0249_1",48.13,"(45,50]","No","F","2","No","N",NA,"Proofed"
2022-06-08,"2022","Jun",Jun 2022,"LXS","0249","13","LXSD2206-13","LXCOLL_20220608_1_0249_1",50.49,"(50,55]","No","F","2","Yes","N",NA,"Proofed"
2022-06-08,"2022","Jun",Jun 2022,"LXS","0249","14","LXSD2206-14","LXCOLL_20220608_1_0249_1",39.64,"(35,40]","No","F","2","No","N",NA,"Proofed"
2022-06-08,"2022","Jun",Jun 2022,"LXS","0249","15","LXSD2206-15","LXCOLL_20220608_1_0249_1",52.43,"(50,55]","No","F","2","No","N",NA,"Proofed"
2022-07-05,"2022","Jul",Jul 2022,"LXS","0246","01","LXSD2207-01","LXCOLL_20220705_1_0246_1",54.46,"(50,55]","No","F","2","No","N",NA,"Proofed"
2022-07-05,"2022","Jul",Jul 2022,"LXS","0246","02","LXSD2207-02","LXCOLL_20220705_1_0246_1",51.25,"(50,55]","No","F","2","No","N",NA,"Proofed"
2022-07-05,"2022","Jul",Jul 2022,"LXS","0246","03","LXSD2207-03","LXCOLL_20220705_1_0246_1",53.32,"(50,55]","No","F","2","Yes","N",NA,"Proofed"
2022-07-05,"2022","Jul",Jul 2022,"LXS","0246","04","LXSD2207-04","LXCOLL_20220705_1_0246_1",38.2,"(35,40]","No","F","2","No","N",NA,"Proofed"
2022-07-05,"2022","Jul",Jul 2022,"LXS","0246","05","LXSD2207-05","LXCOLL_20220705_1_0246_1",54.21,"(50,55]","No","F","2","No","N",NA,"Proofed"
2022-07-05,"2022","Jul",Jul 2022,"LXS","0247","06","LXSD2207-06","LXCOLL_20220705_1_0247_1",68.26,"(65,70]","No","F","2","No","N",NA,"Proofed"
2022-07-05,"2022","Jul",Jul 2022,"LXS","0247","07","LXSD2207-07","LXCOLL_20220705_1_0247_1",41.91,"(40,45]","No","F","2","Buceph","N",NA,"Proofed"
2022-07-05,"2022","Jul",Jul 2022,"LXS","0247","08","LXSD2207-08","LXCOLL_20220705_1_0247_1",60.38,"(60,65]","No","M","2","No","N",NA,"Proofed"
2022-07-05,"2022","Jul",Jul 2022,"LXS","0247","09","LXSD2207-09","LXCOLL_20220705_1_0247_1",42.37,"(40,45]","No","Z",NA,"No","N",NA,"Proofed"
2022-07-05,"2022","Jul",Jul 2022,"LXS","0247","10","LXSD2207-10","LXCOLL_20220705_1_0247_1",36.42,"(35,40]","No","F","2","Yes","N",NA,"Proofed"
2022-07-05,"2022","Jul",Jul 2022,"LXS","0249","11","LXSD2207-11","LXCOLL_20220705_1_0249_1",55.95,"(55,60]","No","F","2","No","N",NA,"Proofed"
2022-07-05,"2022","Jul",Jul 2022,"LXS","0249","12","LXSD2207-12","LXCOLL_20220705_1_0249_1",48.28,"(45,50]","No","F","2","No","N",NA,"Proofed"
2022-07-05,"2022","Jul",Jul 2022,"LXS","0249","13","LXSD2207-13","LXCOLL_20220705_1_0249_1",39.44,"(35,40]","No","F","2","No","N",NA,"Proofed"
2022-07-05,"2022","Jul",Jul 2022,"LXS","0249","14","LXSD2207-14","LXCOLL_20220705_1_0249_1",52.28,"(50,55]","No","F","2","No","N",NA,"Proofed"
2022-07-05,"2022","Jul",Jul 2022,"LXS","0249","15","LXSD2207-15","LXCOLL_20220705_1_0249_1",43.14,"(40,45]","No","M","2","No","N",NA,"Proofed"
2022-08-02,"2022","Aug",Aug 2022,"LXS","0246","01","LXSD2208-01","LXCOLL_20220802_1_0246_1",48.19,"(45,50]","No","M","2","No","N",NA,"Proofed"
2022-08-02,"2022","Aug",Aug 2022,"LXS","0246","02","LXSD2208-02","LXCOLL_20220802_1_0246_1",46.27,"(45,50]","No","F","2","Yes","N",NA,"Proofed"
2022-08-02,"2022","Aug",Aug 2022,"LXS","0246","03","LXSD2208-03","LXCOLL_20220802_1_0246_1",20.04,"(20,25]","No","F","2","No","N",NA,"Proofed"
2022-08-02,"2022","Aug",Aug 2022,"LXS","0246","04","LXSD2208-04","LXCOLL_20220802_1_0246_1",47.31,"(45,50]","No","M","2","No","N",NA,"Proofed"
2022-08-02,"2022","Aug",Aug 2022,"LXS","0246","05","LXSD2208-05","LXCOLL_20220802_1_0246_1",45.31,"(45,50]","No","F","2","No","N",NA,"Proofed"
2022-08-02,"2022","Aug",Aug 2022,"LXS","0247","06","LXSD2208-06","LXCOLL_20220802_1_0247_1",48.69,"(45,50]","No","F","2","No","N",NA,"Proofed"
2022-08-02,"2022","Aug",Aug 2022,"LXS","0247","07","LXSD2208-07","LXCOLL_20220802_1_0247_1",43.95,"(40,45]","No","M","2","No","N",NA,"Proofed"
2022-08-02,"2022","Aug",Aug 2022,"LXS","0247","08","LXSD2208-08","LXCOLL_20220802_1_0247_1",70.99,"(70,75]","No","F","2","No","N",NA,"Proofed"
2022-08-02,"2022","Aug",Aug 2022,"LXS","0247","09","LXSD2208-09","LXCOLL_20220802_1_0247_1",46.99,"(45,50]","No","M","2","No","N",NA,"Proofed"
2022-08-02,"2022","Aug",Aug 2022,"LXS","0247","10","LXSD2208-10","LXCOLL_20220802_1_0247_1",59.34,"(55,60]","No","M","2","No","N",NA,"Proofed"
2022-08-02,"2022","Aug",Aug 2022,"LXS","0249","11","LXSD2208-11","LXCOLL_20220802_1_0249_1",46.37,"(45,50]","No","M","2","No","N",NA,"Proofed"
2022-08-02,"2022","Aug",Aug 2022,"LXS","0249","12","LXSD2208-12","LXCOLL_20220802_1_0249_1",66.16,"(65,70]","No","F","2","No","N",NA,"Proofed"
2022-08-02,"2022","Aug",Aug 2022,"LXS","0249","13","LXSD2208-13","LXCOLL_20220802_1_0249_1",49.8,"(45,50]","No","F","2","No","N",NA,"Proofed"
2022-08-02,"2022","Aug",Aug 2022,"LXS","0249","14","LXSD2208-14","LXCOLL_20220802_1_0249_1",50.33,"(50,55]","No","M","2","No","N",NA,"Proofed"
2022-08-02,"2022","Aug",Aug 2022,"LXS","0249","15","LXSD2208-15","LXCOLL_20220802_1_0249_1",47.03,"(45,50]","No","M","2","No","N",NA,"Proofed"
2022-09-07,"2022","Sep",Sep 2022,"LXS","0246","01","LXSD2209-01","LXCOLL_20220907_1_0246_1",61.22,"(60,65]","No","F","2","Yes","N",NA,"Proofed"
2022-09-07,"2022","Sep",Sep 2022,"LXS","0246","02","LXSD2209-02","LXCOLL_20220907_1_0246_1",49.38,"(45,50]","No","F","2","No","N",NA,"Proofed"
2022-09-07,"2022","Sep",Sep 2022,"LXS","0246","03","LXSD2209-03","LXCOLL_20220907_1_0246_1",44,"(40,45]","No","F","2","No","N",NA,"Proofed"
2022-09-07,"2022","Sep",Sep 2022,"LXS","0246","04","LXSD2209-04","LXCOLL_20220907_1_0246_1",52.01,"(50,55]","No","F","2","No","N",NA,"Proofed"
2022-09-07,"2022","Sep",Sep 2022,"LXS","0246","05","LXSD2209-05","LXCOLL_20220907_1_0246_1",30.06,"(30,35]","No","M","2","No","N",NA,"Proofed"
2022-09-07,"2022","Sep",Sep 2022,"LXS","0247","06","LXSD2209-06","LXCOLL_20220907_1_0247_1",34.44,"(30,35]","No","F","2","No","N",NA,"Proofed"
2022-09-07,"2022","Sep",Sep 2022,"LXS","0247","07","LXSD2209-07","LXCOLL_20220907_1_0247_1",45.31,"(45,50]","No","F","2","No","N",NA,"Proofed"
2022-09-07,"2022","Sep",Sep 2022,"LXS","0247","08","LXSD2209-08","LXCOLL_20220907_1_0247_1",56.23,"(55,60]","No","F","2","No","N",NA,"Proofed"
2022-09-07,"2022","Sep",Sep 2022,"LXS","0247","09","LXSD2209-09","LXCOLL_20220907_1_0247_1",45.06,"(45,50]","No","F","2","No","N",NA,"Proofed"
2022-09-07,"2022","Sep",Sep 2022,"LXS","0247","10","LXSD2209-10","LXCOLL_20220907_1_0247_1",54.66,"(50,55]","No","M","2","No","N",NA,"Proofed"
2022-09-07,"2022","Sep",Sep 2022,"LXS","0249","11","LXSD2209-11","LXCOLL_20220907_1_0249_1",65.59,"(65,70]","No","F","2","Yes","N",NA,"Proofed"
2022-09-07,"2022","Sep",Sep 2022,"LXS","0249","12","LXSD2209-12","LXCOLL_20220907_1_0249_1",49.23,"(45,50]","No","F","2","No","N",NA,"Proofed"
2022-09-07,"2022","Sep",Sep 2022,"LXS","0249","13","LXSD2209-13","LXCOLL_20220907_1_0249_1",43.44,"(40,45]","No","F","2","No","N",NA,"Proofed"
2022-09-07,"2022","Sep",Sep 2022,"LXS","0249","14","LXSD2209-14","LXCOLL_20220907_1_0249_1",31.73,"(30,35]","No","M","2","No","N",NA,"Proofed"
2022-09-07,"2022","Sep",Sep 2022,"LXS","0249","15","LXSD2209-15","LXCOLL_20220907_1_0249_1",46.58,"(45,50]","No","F","2","No","N",NA,"Proofed"
2022-10-10,"2022","Oct",Oct 2022,"LXS","0246","01","LXSD2210-01","LXCOLL_20221010_1_0246_1",43.71,"(40,45]","No","F","2","No","N",NA,"Proofed"
2022-10-10,"2022","Oct",Oct 2022,"LXS","0246","02","LXSD2210-02","LXCOLL_20221010_1_0246_1",54.37,"(50,55]","No","F","3","Yes","N",NA,"Proofed"
2022-10-10,"2022","Oct",Oct 2022,"LXS","0246","03","LXSD2210-03","LXCOLL_20221010_1_0246_1",50.12,"(50,55]","No","F","2","No","N",NA,"Proofed"
2022-10-10,"2022","Oct",Oct 2022,"LXS","0246","04","LXSD2210-04","LXCOLL_20221010_1_0246_1",40.87,"(40,45]","No","F","2","No","N",NA,"Proofed"
2022-10-10,"2022","Oct",Oct 2022,"LXS","0246","05","LXSD2210-05","LXCOLL_20221010_1_0246_1",51.96,"(50,55]","No","F","2","No","N",NA,"Proofed"
2022-10-10,"2022","Oct",Oct 2022,"LXS","0247","06","LXSD2210-06","LXCOLL_20221010_1_0247_1",41.87,"(40,45]","No","F","2","No","N",NA,"Proofed"
2022-10-10,"2022","Oct",Oct 2022,"LXS","0247","07","LXSD2210-07","LXCOLL_20221010_1_0247_1",53.95,"(50,55]","No","F","2","No","N",NA,"Proofed"
2022-10-10,"2022","Oct",Oct 2022,"LXS","0247","08","LXSD2210-08","LXCOLL_20221010_1_0247_1",74.13,"(70,75]","No","F","2","No","N",NA,"Proofed"
2022-10-10,"2022","Oct",Oct 2022,"LXS","0247","09","LXSD2210-09","LXCOLL_20221010_1_0247_1",40.55,"(40,45]","No","F","2","No","N",NA,"Proofed"
2022-10-10,"2022","Oct",Oct 2022,"LXS","0247","10","LXSD2210-10","LXCOLL_20221010_1_0247_1",49.13,"(45,50]","No","F","2","No","N",NA,"Proofed"
2022-10-10,"2022","Oct",Oct 2022,"LXS","0249","11","LXSD2210-11","LXCOLL_20221010_1_0249_1",58.04,"(55,60]","No","F","2","No","N",NA,"Proofed"
2022-10-10,"2022","Oct",Oct 2022,"LXS","0249","12","LXSD2210-12","LXCOLL_20221010_1_0249_1",50.54,"(50,55]","No","F","2","No","N",NA,"Proofed"
2022-10-10,"2022","Oct",Oct 2022,"LXS","0249","13","LXSD2210-13","LXCOLL_20221010_1_0249_1",75.19,"(75,80]","No","F","2","No","N",NA,"Proofed"
2022-10-10,"2022","Oct",Oct 2022,"LXS","0249","14","LXSD2210-14","LXCOLL_20221010_1_0249_1",61.03,"(60,65]","No","F","2","No","N",NA,"Proofed"
2022-10-10,"2022","Oct",Oct 2022,"LXS","0249","15","LXSD2210-15","LXCOLL_20221010_1_0249_1",59.58,"(55,60]","No","F","2","No","N",NA,"Proofed"
2022-11-14,"2022","Nov",Nov 2022,"LXS","0246","01","LXSD2211-01","LXCOLL_20221114_1_0246_1",43.47,"(40,45]","No","F","2","No","N",NA,"Proofed"
2022-11-14,"2022","Nov",Nov 2022,"LXS","0246","02","LXSD2211-02","LXCOLL_20221114_1_0246_1",46,"(45,50]","No","F","3","No","N",NA,"Proofed"
2022-11-14,"2022","Nov",Nov 2022,"LXS","0246","03","LXSD2211-03","LXCOLL_20221114_1_0246_1",47.73,"(45,50]","No","M","2","No","N",NA,"Proofed"
2022-11-14,"2022","Nov",Nov 2022,"LXS","0246","04","LXSD2211-04","LXCOLL_20221114_1_0246_1",55.32,"(55,60]","No","F","2","No","N",NA,"Proofed"
2022-11-14,"2022","Nov",Nov 2022,"LXS","0246","05","LXSD2211-05","LXCOLL_20221114_1_0246_1",60.1,"(60,65]","No","F","2","No","N",NA,"Proofed"
2022-11-14,"2022","Nov",Nov 2022,"LXS","0247","06","LXSD2211-06","LXCOLL_20221114_1_0247_1",45.11,"(45,50]","No","F","2","No","N",NA,"Proofed"
2022-11-14,"2022","Nov",Nov 2022,"LXS","0247","07","LXSD2211-07","LXCOLL_20221114_1_0247_1",45.87,"(45,50]","No","F","2","No","N",NA,"Proofed"
2022-11-14,"2022","Nov",Nov 2022,"LXS","0247","08","LXSD2211-08","LXCOLL_20221114_1_0247_1",55.88,"(55,60]","No","F","2","No","N",NA,"Proofed"
2022-11-14,"2022","Nov",Nov 2022,"LXS","0247","09","LXSD2211-09","LXCOLL_20221114_1_0247_1",46.31,"(45,50]","No","F","2","No","N",NA,"Proofed"
2022-11-14,"2022","Nov",Nov 2022,"LXS","0247","10","LXSD2211-10","LXCOLL_20221114_1_0247_1",61.75,"(60,65]","No","F","2","No","N",NA,"Proofed"
2022-11-14,"2022","Nov",Nov 2022,"LXS","0249","11","LXSD2211-11","LXCOLL_20221114_1_0249_1",42.56,"(40,45]","No","F","2","No","N",NA,"Proofed"
2022-11-14,"2022","Nov",Nov 2022,"LXS","0249","12","LXSD2211-12","LXCOLL_20221114_1_0249_1",51.16,"(50,55]","No","F","2","No","N",NA,"Proofed"
2022-11-14,"2022","Nov",Nov 2022,"LXS","0249","13","LXSD2211-13","LXCOLL_20221114_1_0249_1",56.39,"(55,60]","No","F","2","No","N",NA,"Proofed"
2022-11-14,"2022","Nov",Nov 2022,"LXS","0249","14","LXSD2211-14","LXCOLL_20221114_1_0249_1",50.94,"(50,55]","No","F","2","No","N",NA,"Proofed"
2022-11-14,"2022","Nov",Nov 2022,"LXS","0249","15","LXSD2211-15","LXCOLL_20221114_1_0249_1",83.02,"(80,85]","No","F","2","No","N",NA,"Proofed"
2022-12-06,"2022","Dec",Dec 2022,"LXS","0246","01","LXSD2212-01","LXCOLL_20221206_1_0246_1",33.18,"(30,35]","No","F","2","No","N",NA,"Proofed"
2022-12-06,"2022","Dec",Dec 2022,"LXS","0246","02","LXSD2212-02","LXCOLL_20221206_1_0246_1",32.13,"(30,35]","No","Z","4","No","N",NA,"Proofed"
2022-12-06,"2022","Dec",Dec 2022,"LXS","0246","03","LXSD2212-03","LXCOLL_20221206_1_0246_1",36.75,"(35,40]","No","F","3","No","N",NA,"Proofed"
2022-12-06,"2022","Dec",Dec 2022,"LXS","0246","04","LXSD2212-04","LXCOLL_20221206_1_0246_1",29.5,"(25,30]","No","Z","4","No","Y",NA,"Proofed"
2022-12-06,"2022","Dec",Dec 2022,"LXS","0246","05","LXSD2212-05","LXCOLL_20221206_1_0246_1",42.4,"(40,45]","No","M","3","No","N",NA,"Proofed"
2022-12-06,"2022","Dec",Dec 2022,"LXS","0247","06","LXSD2212-06","LXCOLL_20221206_1_0247_1",50.26,"(50,55]","No","Z",NA,"No","N",NA,"Proofed"
2022-12-06,"2022","Dec",Dec 2022,"LXS","0247","07","LXSD2212-07","LXCOLL_20221206_1_0247_1",55.73,"(55,60]","No","F","2","No","N",NA,"Proofed"
2022-12-06,"2022","Dec",Dec 2022,"LXS","0247","08","LXSD2212-08","LXCOLL_20221206_1_0247_1",47.48,"(45,50]","No","Z","Z","Buceph","Y",NA,"Proofed"
2022-12-06,"2022","Dec",Dec 2022,"LXS","0247","09","LXSD2212-09","LXCOLL_20221206_1_0247_1",35.68,"(35,40]","No","F","2","No","N",NA,"Proofed"
2022-12-06,"2022","Dec",Dec 2022,"LXS","0247","10","LXSD2212-10","LXCOLL_20221206_1_0247_1",48.37,"(45,50]","No","Z","4","No","N",NA,"Proofed"
2022-12-06,"2022","Dec",Dec 2022,"LXS","0249","11","LXSD2212-11","LXCOLL_20221206_1_0249_1",39.94,"(35,40]","No","F","2","No","N",NA,"Proofed"
2022-12-06,"2022","Dec",Dec 2022,"LXS","0249","12","LXSD2212-12","LXCOLL_20221206_1_0249_1",32.59,"(30,35]","No","F","2","No","N",NA,"Proofed"
2022-12-06,"2022","Dec",Dec 2022,"LXS","0249","13","LXSD2212-13","LXCOLL_20221206_1_0249_1",56.46,"(55,60]","No","M","2","No","N",NA,"Proofed"
2022-12-06,"2022","Dec",Dec 2022,"LXS","0249","14","LXSD2212-14","LXCOLL_20221206_1_0249_1",56.93,"(55,60]","No","F","2","No","N",NA,"Proofed"
2022-12-06,"2022","Dec",Dec 2022,"LXS","0249","15","LXSD2212-15","LXCOLL_20221206_1_0249_1",48.34,"(45,50]","No","M","2","No","N",NA,"Proofed"
2023-01-04,"2023","Jan",Jan 2023,"LXS","0246","01","LXSD2301-01","LXCOLL_20230104_1_0246_1",55.79,"(55,60]","No","F","3","No","N",NA,"Completed"
2023-01-04,"2023","Jan",Jan 2023,"LXS","0246","02","LXSD2301-02","LXCOLL_20230104_1_0246_1",60.07,"(60,65]","No","Z","4","No","N",NA,"Completed"
2023-01-04,"2023","Jan",Jan 2023,"LXS","0246","03","LXSD2301-03","LXCOLL_20230104_1_0246_1",52.48,"(50,55]","No","Z","4","No","N",NA,"Completed"
2023-01-04,"2023","Jan",Jan 2023,"LXS","0246","04","LXSD2301-04","LXCOLL_20230104_1_0246_1",35.47,"(35,40]","No","F","3","No","N",NA,"Completed"
2023-01-04,"2023","Jan",Jan 2023,"LXS","0246","05","LXSD2301-05","LXCOLL_20230104_1_0246_1",40.42,"(40,45]","No","Z","4","Yes","N",NA,"Completed"
2023-01-04,"2023","Jan",Jan 2023,"LXS","0247","06","LXSD2301-06","LXCOLL_20230104_1_0247_1",54.48,"(50,55]","No","F","3","No","N",NA,"Completed"
2023-01-04,"2023","Jan",Jan 2023,"LXS","0247","07","LXSD2301-07","LXCOLL_20230104_1_0247_1",54.49,"(50,55]","No","F","1","No","N",NA,"Completed"
2023-01-04,"2023","Jan",Jan 2023,"LXS","0247","08","LXSD2301-08","LXCOLL_20230104_1_0247_1",50.1,"(50,55]","No","F","1","Yes","N",NA,"Completed"
2023-01-04,"2023","Jan",Jan 2023,"LXS","0247","09","LXSD2301-09","LXCOLL_20230104_1_0247_1",44.99,"(40,45]","No","Z","4","No","N",NA,"Completed"
2023-01-04,"2023","Jan",Jan 2023,"LXS","0247","10","LXSD2301-10","LXCOLL_20230104_1_0247_1",68.73,"(65,70]","No","Z","Z","No","Y","no slide","Completed"
2023-01-04,"2023","Jan",Jan 2023,"LXS","0249","11","LXSD2301-11","LXCOLL_20230104_1_0249_1",69,"(65,70]","No","Z","Z","No","Y","no slide","Completed"
2023-01-04,"2023","Jan",Jan 2023,"LXS","0249","12","LXSD2301-12","LXCOLL_20230104_1_0249_1",40.91,"(40,45]","No","Z","4","No","N",NA,"Completed"
2023-01-04,"2023","Jan",Jan 2023,"LXS","0249","13","LXSD2301-13","LXCOLL_20230104_1_0249_1",35.79,"(35,40]","No","F","2","No","N",NA,"Completed"
2023-01-04,"2023","Jan",Jan 2023,"LXS","0249","14","LXSD2301-14","LXCOLL_20230104_1_0249_1",45.86,"(45,50]","No","M","2","No","N",NA,"Completed"
2023-01-04,"2023","Jan",Jan 2023,"LXS","0249","15","LXSD2301-15","LXCOLL_20230104_1_0249_1",53.16,"(50,55]","No","F","1","No","N",NA,"Completed"
2023-02-07,"2023","Feb",Feb 2023,"LXS","0246","01","LXSD2302-01","LXCOLL_20230207_1_0246_1",42.24,"(40,45]","No","Z","4","No","N",NA,"Completed"
2023-02-07,"2023","Feb",Feb 2023,"LXS","0246","02","LXSD2302-02","LXCOLL_20230207_1_0246_1",46.67,"(45,50]","No","Z","4","No","N",NA,"Completed"
2023-02-07,"2023","Feb",Feb 2023,"LXS","0246","03","LXSD2302-03","LXCOLL_20230207_1_0246_1",41.58,"(40,45]","No","F","1","Yes","N",NA,"Completed"
2023-02-07,"2023","Feb",Feb 2023,"LXS","0246","04","LXSD2302-04","LXCOLL_20230207_1_0246_1",49.73,"(45,50]","No","F","1","No","N",NA,"Completed"
2023-02-07,"2023","Feb",Feb 2023,"LXS","0246","05","LXSD2302-05","LXCOLL_20230207_1_0246_1",47.71,"(45,50]","No","Z","Z","Buceph","Y",NA,"Completed"
2023-02-07,"2023","Feb",Feb 2023,"LXS","0247","06","LXSD2302-06","LXCOLL_20230207_1_0247_1",66.62,"(65,70]","No","Z","Z","No","Y",NA,"Completed"
2023-02-07,"2023","Feb",Feb 2023,"LXS","0247","07","LXSD2302-07","LXCOLL_20230207_1_0247_1",55.62,"(55,60]","No","Z","Z","No","Y",NA,"Completed"
2023-02-07,"2023","Feb",Feb 2023,"LXS","0247","08","LXSD2302-08","LXCOLL_20230207_1_0247_1",57.71,"(55,60]","No","Z","Z","No","Y",NA,"Completed"
2023-02-07,"2023","Feb",Feb 2023,"LXS","0247","09","LXSD2302-09","LXCOLL_20230207_1_0247_1",57.24,"(55,60]","No","F","2","Yes","N",NA,"Completed"
2023-02-07,"2023","Feb",Feb 2023,"LXS","0247","10","LXSD2302-10","LXCOLL_20230207_1_0247_1",53.88,"(50,55]","No","Z","Z","No","Y",NA,"Completed"
2023-02-07,"2023","Feb",Feb 2023,"LXS","0249","11","LXSD2302-11","LXCOLL_20230207_1_0249_1",51.17,"(50,55]","No","F","1","No","N",NA,"Completed"
2023-02-07,"2023","Feb",Feb 2023,"LXS","0249","12","LXSD2302-12","LXCOLL_20230207_1_0249_1",35.5,"(35,40]","No","M","2","No","N",NA,"Completed"
2023-02-07,"2023","Feb",Feb 2023,"LXS","0249","13","LXSD2302-13","LXCOLL_20230207_1_0249_1",41.91,"(40,45]","No","F","1","No","N",NA,"Completed"
2023-02-07,"2023","Feb",Feb 2023,"LXS","0249","14","LXSD2302-14","LXCOLL_20230207_1_0249_1",46.65,"(45,50]","No","F","2","No","N",NA,"Completed"
2023-02-07,"2023","Feb",Feb 2023,"LXS","0249","15","LXSD2302-15","LXCOLL_20230207_1_0249_1",49.19,"(45,50]","No","F","2","No","N",NA,"Completed"
2023-03-08,"2023","Mar",Mar 2023,"LXS","0246","01","LXSD2303-01","LXCOLL_20230308_1_0246_1",50.09,"(50,55]","No","F","1","No","N",NA,"Completed"
2023-03-08,"2023","Mar",Mar 2023,"LXS","0246","02","LXSD2303-02","LXCOLL_20230308_1_0246_1",56.7,"(55,60]","No","F","2","No","N",NA,"Completed"
2023-03-08,"2023","Mar",Mar 2023,"LXS","0246","03","LXSD2303-03","LXCOLL_20230308_1_0246_1",44.01,"(40,45]","No","F","1","No","N",NA,"Completed"
2023-03-08,"2023","Mar",Mar 2023,"LXS","0246","04","LXSD2303-04","LXCOLL_20230308_1_0246_1",52.35,"(50,55]","No","F","2","No","N",NA,"Completed"
2023-03-08,"2023","Mar",Mar 2023,"LXS","0246","05","LXSD2303-05","LXCOLL_20230308_1_0246_1",48.13,"(45,50]","No","M","2","No","N",NA,"Completed"
2023-03-08,"2023","Mar",Mar 2023,"LXS","0247","06","LXSD2303-06","LXCOLL_20230308_1_0247_1",48.84,"(45,50]","No","M","2","No","N",NA,"Completed"
2023-03-08,"2023","Mar",Mar 2023,"LXS","0247","07","LXSD2303-07","LXCOLL_20230308_1_0247_1",40.06,"(40,45]","No","M","2","No","N",NA,"Completed"
2023-03-08,"2023","Mar",Mar 2023,"LXS","0247","08","LXSD2303-08","LXCOLL_20230308_1_0247_1",49.24,"(45,50]","No","F","2","No","N",NA,"Completed"
2023-03-08,"2023","Mar",Mar 2023,"LXS","0247","09","LXSD2303-09","LXCOLL_20230308_1_0247_1",63.69,"(60,65]","No","M","2","No","N",NA,"Completed"
2023-03-08,"2023","Mar",Mar 2023,"LXS","0247","10","LXSD2303-10","LXCOLL_20230308_1_0247_1",43.52,"(40,45]","No","M","2","No","N",NA,"Completed"
2023-03-08,"2023","Mar",Mar 2023,"LXS","0249","11","LXSD2303-11","LXCOLL_20230308_1_0249_1",60.05,"(60,65]","No","F","2","No","N",NA,"Completed"
2023-03-08,"2023","Mar",Mar 2023,"LXS","0249","12","LXSD2303-12","LXCOLL_20230308_1_0249_1",65.67,"(65,70]","No","F","2","No","N",NA,"Completed"
2023-03-08,"2023","Mar",Mar 2023,"LXS","0249","13","LXSD2303-13","LXCOLL_20230308_1_0249_1",53.07,"(50,55]","No","M","2","No","N",NA,"Completed"
2023-03-08,"2023","Mar",Mar 2023,"LXS","0249","14","LXSD2303-14","LXCOLL_20230308_1_0249_1",59.04,"(55,60]","No","F","2","No","N",NA,"Completed"
2023-03-08,"2023","Mar",Mar 2023,"LXS","0249","15","LXSD2303-15","LXCOLL_20230308_1_0249_1",32.99,"(30,35]","No","M","2","No","N",NA,"Completed"
2023-04-04,"2023","Apr",Apr 2023,"LXS","0246","01","LXSD2304-01","LXCOLL_20230404_1_0246_1",42.69,"(40,45]","No","Z","4","No","N",NA,"Completed"
2023-04-04,"2023","Apr",Apr 2023,"LXS","0246","02","LXSD2304-02","LXCOLL_20230404_1_0246_1",42.85,"(40,45]","No","F","2","Yes","N",NA,"Completed"
2023-04-04,"2023","Apr",Apr 2023,"LXS","0246","03","LXSD2304-03","LXCOLL_20230404_1_0246_1",39.65,"(35,40]","No","F","2","No","N",NA,"Completed"
2023-04-04,"2023","Apr",Apr 2023,"LXS","0246","04","LXSD2304-04","LXCOLL_20230404_1_0246_1",53.97,"(50,55]","No","F","2","No","N",NA,"Completed"
2023-04-04,"2023","Apr",Apr 2023,"LXS","0246","05","LXSD2304-05","LXCOLL_20230404_1_0246_1",48.49,"(45,50]","No","F","2","No","N",NA,"Completed"
2023-04-04,"2023","Apr",Apr 2023,"LXS","0247","06","LXSD2304-06","LXCOLL_20230404_1_0247_1",67.32,"(65,70]","No","F","2","No","N",NA,"Completed"
2023-04-04,"2023","Apr",Apr 2023,"LXS","0247","07","LXSD2304-07","LXCOLL_20230404_1_0247_1",51.88,"(50,55]","No","M","2","Yes","N",NA,"Completed"
2023-04-04,"2023","Apr",Apr 2023,"LXS","0247","08","LXSD2304-08","LXCOLL_20230404_1_0247_1",50.1,"(50,55]","No","M","2","No","N",NA,"Completed"
2023-04-04,"2023","Apr",Apr 2023,"LXS","0247","09","LXSD2304-09","LXCOLL_20230404_1_0247_1",49.78,"(45,50]","No","F","2","No","N",NA,"Completed"
2023-04-04,"2023","Apr",Apr 2023,"LXS","0247","10","LXSD2304-10","LXCOLL_20230404_1_0247_1",44.69,"(40,45]","No","F","2","No","N",NA,"Completed"
2023-04-04,"2023","Apr",Apr 2023,"LXS","0249","11","LXSD2304-11","LXCOLL_20230404_1_0249_1",53.77,"(50,55]","No","F","2","No","N",NA,"Completed"
2023-04-04,"2023","Apr",Apr 2023,"LXS","0249","12","LXSD2304-12","LXCOLL_20230404_1_0249_1",56.98,"(55,60]","No","F","2","No","N",NA,"Completed"
2023-04-04,"2023","Apr",Apr 2023,"LXS","0249","13","LXSD2304-13","LXCOLL_20230404_1_0249_1",53.45,"(50,55]","No","Z","4","No","N",NA,"Completed"
2023-04-04,"2023","Apr",Apr 2023,"LXS","0249","14","LXSD2304-14","LXCOLL_20230404_1_0249_1",41.94,"(40,45]","No","M","2","No","N",NA,"Completed"
2023-04-04,"2023","Apr",Apr 2023,"LXS","0249","15","LXSD2304-15","LXCOLL_20230404_1_0249_1",52.32,"(50,55]","No","M","2","No","N",NA,"Completed"
2023-07-05,"2023","Jul",Jul 2023,"LXS","0246","01","LXSD2307-01","LXCOLL_20230705_1_0246_1",44.65,"(40,45]","No","M","2","Yes","N",NA,"Completed"
2023-07-05,"2023","Jul",Jul 2023,"LXS","0246","02","LXSD2307-02","LXCOLL_20230705_1_0246_1",37.88,"(35,40]","No","F","2","No","N",NA,"Completed"
2023-07-05,"2023","Jul",Jul 2023,"LXS","0246","03","LXSD2307-03","LXCOLL_20230705_1_0246_1",51.33,"(50,55]","No","M","2","No","N",NA,"Completed"
2023-07-05,"2023","Jul",Jul 2023,"LXS","0246","04","LXSD2307-04","LXCOLL_20230705_1_0246_1",37.37,"(35,40]","No","F","2","No","N",NA,"Completed"
2023-07-05,"2023","Jul",Jul 2023,"LXS","0246","05","LXSD2307-05","LXCOLL_20230705_1_0246_1",38.85,"(35,40]","No","M","2","No","N",NA,"Completed"
2023-07-05,"2023","Jul",Jul 2023,"LXS","0247","06","LXSD2307-06","LXCOLL_20230705_1_0247_1",41.65,"(40,45]","No","F","2","No","N",NA,"Completed"
2023-07-05,"2023","Jul",Jul 2023,"LXS","0247","07","LXSD2307-07","LXCOLL_20230705_1_0247_1",48.4,"(45,50]","No","M","2","No","N",NA,"Completed"
2023-07-05,"2023","Jul",Jul 2023,"LXS","0247","08","LXSD2307-08","LXCOLL_20230705_1_0247_1",51.43,"(50,55]","No","F","2","No","N",NA,"Completed"
2023-07-05,"2023","Jul",Jul 2023,"LXS","0247","09","LXSD2307-09","LXCOLL_20230705_1_0247_1",37.97,"(35,40]","No","M","2","No","N",NA,"Completed"
2023-07-05,"2023","Jul",Jul 2023,"LXS","0247","10","LXSD2307-10","LXCOLL_20230705_1_0247_1",32.07,"(30,35]","No","F","2","No","N",NA,"Completed"
2023-07-05,"2023","Jul",Jul 2023,"LXS","0249","11","LXSD2307-11","LXCOLL_20230705_1_0249_1",58.26,"(55,60]","No","F","2","No","N",NA,"Completed"
2023-07-05,"2023","Jul",Jul 2023,"LXS","0249","12","LXSD2307-12","LXCOLL_20230705_1_0249_1",49.53,"(45,50]","No","M","2","No","N",NA,"Completed"
2023-07-05,"2023","Jul",Jul 2023,"LXS","0249","13","LXSD2307-13","LXCOLL_20230705_1_0249_1",48.97,"(45,50]","No","M","2","No","N",NA,"Completed"
2023-07-05,"2023","Jul",Jul 2023,"LXS","0249","14","LXSD2307-14","LXCOLL_20230705_1_0249_1",47.8,"(45,50]","No","F","1","No","N",NA,"Completed"
2023-07-05,"2023","Jul",Jul 2023,"LXS","0249","15","LXSD2307-15","LXCOLL_20230705_1_0249_1",48.27,"(45,50]","No","F","2","No","N",NA,"Completed"
2023-08-01,"2023","Aug",Aug 2023,"LXS","0246","01","LXSD2308-01","LXCOLL_20230801_1_0246_1",41.1,"(40,45]","No","M","2","No","N",NA,"Completed"
2023-08-01,"2023","Aug",Aug 2023,"LXS","0246","02","LXSD2308-02","LXCOLL_20230801_1_0246_1",49.89,"(45,50]","No","F","2","No","N",NA,"Completed"
2023-08-01,"2023","Aug",Aug 2023,"LXS","0246","03","LXSD2308-03","LXCOLL_20230801_1_0246_1",40.1,"(40,45]","No","M","2","No","N",NA,"Completed"
2023-08-01,"2023","Aug",Aug 2023,"LXS","0246","04","LXSD2308-04","LXCOLL_20230801_1_0246_1",59.92,"(55,60]","No","F","2","Yes","N",NA,"Completed"
2023-08-01,"2023","Aug",Aug 2023,"LXS","0246","05","LXSD2308-05","LXCOLL_20230801_1_0246_1",58.87,"(55,60]","No","F","2","No","N",NA,"Completed"
2023-08-01,"2023","Aug",Aug 2023,"LXS","0247","06","LXSD2308-06","LXCOLL_20230801_1_0247_1",50.51,"(50,55]","No","F","2","No","N",NA,"Completed"
2023-08-01,"2023","Aug",Aug 2023,"LXS","0247","07","LXSD2308-07","LXCOLL_20230801_1_0247_1",46.25,"(45,50]","No","M","2","Yes","N",NA,"Completed"
2023-08-01,"2023","Aug",Aug 2023,"LXS","0247","08","LXSD2308-08","LXCOLL_20230801_1_0247_1",48.01,"(45,50]","No","F","2","Yes","N",NA,"Completed"
2023-08-01,"2023","Aug",Aug 2023,"LXS","0247","09","LXSD2308-09","LXCOLL_20230801_1_0247_1",43.93,"(40,45]","No","F","2","No","N",NA,"Completed"
2023-08-01,"2023","Aug",Aug 2023,"LXS","0247","10","LXSD2308-10","LXCOLL_20230801_1_0247_1",52.59,"(50,55]","No","F","2","No","N",NA,"Completed"
2023-08-01,"2023","Aug",Aug 2023,"LXS","0249","11","LXSD2308-11","LXCOLL_20230801_1_0249_1",31.91,"(30,35]","No","M","2","No","N",NA,"Completed"
2023-08-01,"2023","Aug",Aug 2023,"LXS","0249","12","LXSD2308-12","LXCOLL_20230801_1_0249_1",50.96,"(50,55]","No","F","2","No","N",NA,"Completed"
2023-08-01,"2023","Aug",Aug 2023,"LXS","0249","13","LXSD2308-13","LXCOLL_20230801_1_0249_1",55.77,"(55,60]","No","F","2","No","N",NA,"Completed"
2023-08-01,"2023","Aug",Aug 2023,"LXS","0249","14","LXSD2308-14","LXCOLL_20230801_1_0249_1",49.32,"(45,50]","No","F","2","No","N",NA,"Completed"
2023-08-01,"2023","Aug",Aug 2023,"LXS","0249","15","LXSD2308-15","LXCOLL_20230801_1_0249_1",54.37,"(50,55]","No","M","2","No","N",NA,"Completed"
2023-09-06,"2023","Sep",Sep 2023,"LXS","0246","01","LXSD2309-01","LXCOLL_20230906_1_0246_1",47.95,"(45,50]","No","F","2","No","N",NA,"Completed"
2023-09-06,"2023","Sep",Sep 2023,"LXS","0246","02","LXSD2309-02","LXCOLL_20230906_1_0246_1",41.47,"(40,45]","No","M","2","No","N",NA,"Completed"
2023-09-06,"2023","Sep",Sep 2023,"LXS","0246","03","LXSD2309-03","LXCOLL_20230906_1_0246_1",49.08,"(45,50]","No","M","2","No","N",NA,"Completed"
2023-09-06,"2023","Sep",Sep 2023,"LXS","0246","04","LXSD2309-04","LXCOLL_20230906_1_0246_1",54.23,"(50,55]","No","F","2","No","N",NA,"Completed"
2023-09-06,"2023","Sep",Sep 2023,"LXS","0246","05","LXSD2309-05","LXCOLL_20230906_1_0246_1",44.29,"(40,45]","No","F","2","No","N",NA,"Completed"
2023-09-06,"2023","Sep",Sep 2023,"LXS","0247","06","LXSD2309-06","LXCOLL_20230906_1_0247_1",43.91,"(40,45]","No","M","2","No","N",NA,"Completed"
2023-09-06,"2023","Sep",Sep 2023,"LXS","0247","07","LXSD2309-07","LXCOLL_20230906_1_0247_1",44.53,"(40,45]","No","F","2","No","N",NA,"Completed"
2023-09-06,"2023","Sep",Sep 2023,"LXS","0247","08","LXSD2309-08","LXCOLL_20230906_1_0247_1",64.06,"(60,65]","No","M","2","No","N",NA,"Completed"
2023-09-06,"2023","Sep",Sep 2023,"LXS","0247","09","LXSD2309-09","LXCOLL_20230906_1_0247_1",39.34,"(35,40]","No","M","2","No","N",NA,"Completed"
2023-09-06,"2023","Sep",Sep 2023,"LXS","0247","10","LXSD2309-10","LXCOLL_20230906_1_0247_1",40.58,"(40,45]","No","F","2","No","N",NA,"Completed"
2023-09-06,"2023","Sep",Sep 2023,"LXS","0249","11","LXSD2309-11","LXCOLL_20230906_1_0249_1",57.37,"(55,60]","No","M","2","No","N",NA,"Completed"
2023-09-06,"2023","Sep",Sep 2023,"LXS","0249","12","LXSD2309-12","LXCOLL_20230906_1_0249_1",61.95,"(60,65]","No","M","2","No","N",NA,"Completed"
2023-09-06,"2023","Sep",Sep 2023,"LXS","0249","13","LXSD2309-13","LXCOLL_20230906_1_0249_1",57.22,"(55,60]","No","F","2","No","N",NA,"Completed"
2023-09-06,"2023","Sep",Sep 2023,"LXS","0249","14","LXSD2309-14","LXCOLL_20230906_1_0249_1",35.42,"(35,40]","No","M","2","No","N",NA,"Completed"
2023-11-07,"2023","Nov",Nov 2023,"LXS","0246","01","LXSD2311-01","LXCOLL_20231107_1_0246_1",42.49,"(40,45]","No","F","2","Yes","N",NA,"Completed"
2023-11-07,"2023","Nov",Nov 2023,"LXS","0246","02","LXSD2311-02","LXCOLL_20231107_1_0246_1",32.1,"(30,35]","No","Z","4","No","N",NA,"Completed"
2023-11-07,"2023","Nov",Nov 2023,"LXS","0246","03","LXSD2311-03","LXCOLL_20231107_1_0246_1",35.93,"(35,40]","No","F","2","No","N",NA,"Completed"
2023-11-07,"2023","Nov",Nov 2023,"LXS","0246","04","LXSD2311-04","LXCOLL_20231107_1_0246_1",44.23,"(40,45]","No","F","2","No","N",NA,"Completed"
2023-11-07,"2023","Nov",Nov 2023,"LXS","0246","05","LXSD2311-05","LXCOLL_20231107_1_0246_1",32.76,"(30,35]","No","M","2","No","N",NA,"Completed"
2023-11-07,"2023","Nov",Nov 2023,"LXS","0247","06","LXSD2311-06","LXCOLL_20231107_1_0247_1",34.18,"(30,35]","No","F","2","No","N",NA,"Completed"
2023-11-07,"2023","Nov",Nov 2023,"LXS","0247","07","LXSD2311-07","LXCOLL_20231107_1_0247_1",56.28,"(55,60]","No","M","2","No","N",NA,"Completed"
2023-11-07,"2023","Nov",Nov 2023,"LXS","0247","08","LXSD2311-08","LXCOLL_20231107_1_0247_1",43.38,"(40,45]","No","F","2","No","N",NA,"Completed"
2023-11-07,"2023","Nov",Nov 2023,"LXS","0247","09","LXSD2311-09","LXCOLL_20231107_1_0247_1",54.59,"(50,55]","No","F","2","No","N",NA,"Completed"
2023-11-07,"2023","Nov",Nov 2023,"LXS","0247","10","LXSD2311-10","LXCOLL_20231107_1_0247_1",37.83,"(35,40]","No","M","2","No","N",NA,"Completed"
2023-11-07,"2023","Nov",Nov 2023,"LXS","0249","11","LXSD2311-11","LXCOLL_20231107_1_0249_1",57.91,"(55,60]","No","M","2","No","N",NA,"Completed"
2023-11-07,"2023","Nov",Nov 2023,"LXS","0249","13","LXSD2311-13","LXCOLL_20231107_1_0249_1",37.15,"(35,40]","No","M","2","No","N",NA,"Completed"
2023-11-07,"2023","Nov",Nov 2023,"LXS","0249","14","LXSD2311-14","LXCOLL_20231107_1_0249_1",63.14,"(60,65]","No","F","2","No","N",NA,"Completed"
2023-11-07,"2023","Nov",Nov 2023,"LXS","0249","15","LXSD2311-15","LXCOLL_20231107_1_0249_1",66.17,"(65,70]","No","F","2","No","N",NA,"Completed"
2023-12-05,"2023","Dec",Dec 2023,"LXS","0246","01","LXSD2312-01","LXCOLL_20231205_1_0246_1",49.83,"(45,50]","No","Z","4","Yes","N",NA,"Completed"
2023-12-05,"2023","Dec",Dec 2023,"LXS","0246","02","LXSD2312-02","LXCOLL_20231205_1_0246_1",43.45,"(40,45]","No","Z","4","No","N",NA,"Completed"
2023-12-05,"2023","Dec",Dec 2023,"LXS","0246","03","LXSD2312-03","LXCOLL_20231205_1_0246_1",42.38,"(40,45]","No","Z","4","No","N",NA,"Completed"
2023-12-05,"2023","Dec",Dec 2023,"LXS","0246","04","LXSD2312-04","LXCOLL_20231205_1_0246_1",40.89,"(40,45]","No","Z","4","No","N",NA,"Completed"
2023-12-05,"2023","Dec",Dec 2023,"LXS","0246","05","LXSD2312-05","LXCOLL_20231205_1_0246_1",36.47,"(35,40]","No","Z","4","No","N",NA,"Completed"
2023-12-05,"2023","Dec",Dec 2023,"LXS","0247","06","LXSD2312-06","LXCOLL_20231205_1_0247_1",42.02,"(40,45]","No","F","2","Yes","N",NA,"Completed"
2023-12-05,"2023","Dec",Dec 2023,"LXS","0247","07","LXSD2312-07","LXCOLL_20231205_1_0247_1",48.97,"(45,50]","No","Z","4","No","N",NA,"Completed"
2023-12-05,"2023","Dec",Dec 2023,"LXS","0247","08","LXSD2312-08","LXCOLL_20231205_1_0247_1",46.27,"(45,50]","No","F","2","No","N",NA,"Completed"
2023-12-05,"2023","Dec",Dec 2023,"LXS","0247","09","LXSD2312-09","LXCOLL_20231205_1_0247_1",36.9,"(35,40]","No","M","2","No","N",NA,"Completed"
2023-12-05,"2023","Dec",Dec 2023,"LXS","0249","11","LXSD2312-11","LXCOLL_20231205_1_0249_1",75.88,"(75,80]","No","M","2","No","N",NA,"Completed"
2023-12-05,"2023","Dec",Dec 2023,"LXS","0249","12","LXSD2312-12","LXCOLL_20231205_1_0249_1",44.5,"(40,45]","No","M","2","No","N",NA,"Completed"
2023-12-05,"2023","Dec",Dec 2023,"LXS","0249","13","LXSD2312-13","LXCOLL_20231205_1_0249_1",72.64,"(70,75]","No","Z","4","Yes","N",NA,"Completed"
2023-12-05,"2023","Dec",Dec 2023,"LXS","0249","14","LXSD2312-14","LXCOLL_20231205_1_0249_1",44.17,"(40,45]","No","Z","4","Yes","N",NA,"Completed"
2023-12-05,"2023","Dec",Dec 2023,"LXS","0249","15","LXSD2312-15","LXCOLL_20231205_1_0249_1",32.36,"(30,35]","No","Z","4","No","N",NA,"Completed"
2024-01-03,"2024","Jan",Jan 2024,"LXS","0246","01","LXSD2401-01","LXCOLL_20240103_1_0246_1",36.04,"(35,40]","No","Z","4","No","N",NA,"Completed"
2024-01-03,"2024","Jan",Jan 2024,"LXS","0246","02","LXSD2401-02","LXCOLL_20240103_1_0246_1",48.17,"(45,50]","No","Z","4","No","Y",NA,"Completed"
2024-01-03,"2024","Jan",Jan 2024,"LXS","0246","03","LXSD2401-03","LXCOLL_20240103_1_0246_1",36.34,"(35,40]","No","Z","Z","No","Y",NA,"Completed"
2024-01-03,"2024","Jan",Jan 2024,"LXS","0246","04","LXSD2401-04","LXCOLL_20240103_1_0246_1",26.5,"(25,30]","No","Z","Z","No","Y",NA,"Completed"
2024-01-03,"2024","Jan",Jan 2024,"LXS","0246","05","LXSD2401-05","LXCOLL_20240103_1_0246_1",51.4,"(50,55]","No","F","3","No","N",NA,"Completed"
2024-01-03,"2024","Jan",Jan 2024,"LXS","0247","06","LXSD2401-06","LXCOLL_20240103_1_0247_1",63.25,"(60,65]","No","F","2","No","N",NA,"Completed"
2024-01-03,"2024","Jan",Jan 2024,"LXS","0247","07","LXSD2401-07","LXCOLL_20240103_1_0247_1",55.08,"(55,60]","No","M","2","No","N",NA,"Completed"
2024-01-03,"2024","Jan",Jan 2024,"LXS","0247","08","LXSD2401-08","LXCOLL_20240103_1_0247_1",67.96,"(65,70]","No","F","1","No","N",NA,"Completed"
2024-01-03,"2024","Jan",Jan 2024,"LXS","0247","09","LXSD2401-09","LXCOLL_20240103_1_0247_1",28.92,"(25,30]","No","Z","Z","No","Y",NA,"Completed"
2024-01-03,"2024","Jan",Jan 2024,"LXS","0247","10","LXSD2401-10","LXCOLL_20240103_1_0247_1",58.86,"(55,60]","No","M","2","No","N",NA,"Completed"
2024-01-03,"2024","Jan",Jan 2024,"LXS","0249","11","LXSD2401-11","LXCOLL_20240103_1_0249_1",38.91,"(35,40]","No","M","2","No","N",NA,"Completed"
2024-01-03,"2024","Jan",Jan 2024,"LXS","0249","12","LXSD2401-12","LXCOLL_20240103_1_0249_1",34.23,"(30,35]","No","M","2","No","N",NA,"Completed"
2024-01-03,"2024","Jan",Jan 2024,"LXS","0249","13","LXSD2401-13","LXCOLL_20240103_1_0249_1",49.56,"(45,50]","No","Z","4","No","N",NA,"Completed"
2024-01-03,"2024","Jan",Jan 2024,"LXS","0249","14","LXSD2401-14","LXCOLL_20240103_1_0249_1",52.96,"(50,55]","No","Z","4","No","N",NA,"Completed"
2024-01-03,"2024","Jan",Jan 2024,"LXS","0249","15","LXSD2401-15","LXCOLL_20240103_1_0249_1",61.65,"(60,65]","No","F","2","No","N",NA,"Completed"
2024-02-12,"2024","Feb",Feb 2024,"LXS","0246","01","LXSD2402-01","LXCOLL_20240212_1_0246_1",63.27,"(60,65]","No","F","3","No","N",NA,"Completed"
2024-02-12,"2024","Feb",Feb 2024,"LXS","0246","02","LXSD2402-02","LXCOLL_20240212_1_0246_1",54.91,"(50,55]","No","M","1","No","N",NA,"Completed"
2024-02-12,"2024","Feb",Feb 2024,"LXS","0246","03","LXSD2402-03","LXCOLL_20240212_1_0246_1",59.63,"(55,60]","No","F","2","No","N",NA,"Completed"
2024-02-12,"2024","Feb",Feb 2024,"LXS","0246","04","LXSD2402-04","LXCOLL_20240212_1_0246_1",50.48,"(50,55]","No","F","1","No","N",NA,"Completed"
2024-02-12,"2024","Feb",Feb 2024,"LXS","0246","05","LXSD2402-05","LXCOLL_20240212_1_0246_1",54.77,"(50,55]","No","F","3","No","N",NA,"Completed"
2024-02-12,"2024","Feb",Feb 2024,"LXS","0247","06","LXSD2402-06","LXCOLL_20240212_1_0247_1",65.67,"(65,70]","No","Z","4","No","N",NA,"Completed"
2024-02-12,"2024","Feb",Feb 2024,"LXS","0247","07","LXSD2402-07","LXCOLL_20240212_1_0247_1",55.42,"(55,60]","No","M","2","No","N",NA,"Completed"
2024-02-12,"2024","Feb",Feb 2024,"LXS","0247","08","LXSD2402-08","LXCOLL_20240212_1_0247_1",44.36,"(40,45]","No","F","2","No","N",NA,"Completed"
2024-02-12,"2024","Feb",Feb 2024,"LXS","0247","09","LXSD2402-09","LXCOLL_20240212_1_0247_1",73.79,"(70,75]","No","F","2","No","N",NA,"Completed"
2024-02-12,"2024","Feb",Feb 2024,"LXS","0247","10","LXSD2402-10","LXCOLL_20240212_1_0247_1",50.94,"(50,55]","No","Z","4","No","N",NA,"Completed"
2024-02-12,"2024","Feb",Feb 2024,"LXS","0249","11","LXSD2402-11","LXCOLL_20240212_1_0249_1",81.82,"(80,85]","No","F","2","No","N",NA,"Completed"
2024-02-12,"2024","Feb",Feb 2024,"LXS","0249","12","LXSD2402-12","LXCOLL_20240212_1_0249_1",88.81,"(85,90]","No","F","2","No","N",NA,"Completed"
2024-02-12,"2024","Feb",Feb 2024,"LXS","0249","13","LXSD2402-13","LXCOLL_20240212_1_0249_1",90.52,"(90,95]","No","F","2","No","N",NA,"Completed"
2024-02-12,"2024","Feb",Feb 2024,"LXS","0249","14","LXSD2402-14","LXCOLL_20240212_1_0249_1",48.15,"(45,50]","No","F","1","No","N",NA,"Completed"
2024-02-12,"2024","Feb",Feb 2024,"LXS","0249","15","LXSD2402-15","LXCOLL_20240212_1_0249_1",56.95,"(55,60]","No","F","2","No","N",NA,"Completed"
2024-03-06,"2024","Mar",Mar 2024,"LXS","0246","01","LXSD2403-01","LXCOLL_20240306_1_0246_1",61.06,"(60,65]","No","M","2","No","N",NA,"Completed"
2024-03-06,"2024","Mar",Mar 2024,"LXS","0246","02","LXSD2403-02","LXCOLL_20240306_1_0246_1",54.87,"(50,55]","No","Z","Z","Buceph","Y",NA,"Completed"
2024-03-06,"2024","Mar",Mar 2024,"LXS","0246","03","LXSD2403-03","LXCOLL_20240306_1_0246_1",77.15,"(75,80]","No","M","2","No","N",NA,"Completed"
2024-03-06,"2024","Mar",Mar 2024,"LXS","0246","04","LXSD2403-04","LXCOLL_20240306_1_0246_1",62.13,"(60,65]","No","Z","4","No","N",NA,"Completed"
2024-03-06,"2024","Mar",Mar 2024,"LXS","0246","05","LXSD2403-05","LXCOLL_20240306_1_0246_1",42.72,"(40,45]","No","F","2","No","N",NA,"Completed"
2024-03-06,"2024","Mar",Mar 2024,"LXS","0247","06","LXSD2403-06","LXCOLL_20240306_1_0247_1",78.11,"(75,80]","No","F","2","No","N",NA,"Completed"
2024-03-06,"2024","Mar",Mar 2024,"LXS","0247","07","LXSD2403-07","LXCOLL_20240306_1_0247_1",45,"(40,45]","No","F","2","No","N",NA,"Completed"
2024-03-06,"2024","Mar",Mar 2024,"LXS","0247","08","LXSD2403-08","LXCOLL_20240306_1_0247_1",55.11,"(55,60]","No","F","2","No","N",NA,"Completed"
2024-03-06,"2024","Mar",Mar 2024,"LXS","0247","09","LXSD2403-09","LXCOLL_20240306_1_0247_1",41,"(40,45]","No","M","2","No","N",NA,"Completed"
2024-03-06,"2024","Mar",Mar 2024,"LXS","0247","10","LXSD2403-10","LXCOLL_20240306_1_0247_1",37.68,"(35,40]","No","M","2","No","N",NA,"Completed"
2024-03-06,"2024","Mar",Mar 2024,"LXS","0249","11","LXSD2403-11","LXCOLL_20240306_1_0249_1",54.35,"(50,55]","No","M","2","No","N",NA,"Completed"
2024-03-06,"2024","Mar",Mar 2024,"LXS","0249","12","LXSD2403-12","LXCOLL_20240306_1_0249_1",51.28,"(50,55]","No","F","2","No","N",NA,"Completed"
2024-03-06,"2024","Mar",Mar 2024,"LXS","0249","13","LXSD2403-13","LXCOLL_20240306_1_0249_1",35.85,"(35,40]","No","F","1","No","N",NA,"Completed"
2024-03-06,"2024","Mar",Mar 2024,"LXS","0249","14","LXSD2403-14","LXCOLL_20240306_1_0249_1",54.04,"(50,55]","No","F","2","No","N",NA,"Completed"
2024-03-06,"2024","Mar",Mar 2024,"LXS","0249","15","LXSD2403-15","LXCOLL_20240306_1_0249_1",84.08,"(80,85]","No","F","2","No","N",NA,"Completed"
2024-04-09,"2024","Apr",Apr 2024,"LXS","0246","01","LXSD2404-01","LXCOLL_20240409_1_0246_1",56.1,"(55,60]","No","F","2","Yes","N",NA,"Completed"
2024-04-09,"2024","Apr",Apr 2024,"LXS","0246","02","LXSD2404-02","LXCOLL_20240409_1_0246_1",46.75,"(45,50]","No","M","2","No","N",NA,"Completed"
2024-04-09,"2024","Apr",Apr 2024,"LXS","0246","03","LXSD2404-03","LXCOLL_20240409_1_0246_1",48.32,"(45,50]","No","F","2","No","N",NA,"Completed"
2024-04-09,"2024","Apr",Apr 2024,"LXS","0246","04","LXSD2404-04","LXCOLL_20240409_1_0246_1",39.63,"(35,40]","No","Z","4","No","N",NA,"Completed"
2024-04-09,"2024","Apr",Apr 2024,"LXS","0246","05","LXSD2404-05","LXCOLL_20240409_1_0246_1",44.06,"(40,45]","No","Z","4","No","N",NA,"Completed"
2024-04-09,"2024","Apr",Apr 2024,"LXS","0247","06","LXSD2404-06","LXCOLL_20240409_1_0247_1",59.26,"(55,60]","No","F","2","No","N",NA,"Completed"
2024-04-09,"2024","Apr",Apr 2024,"LXS","0247","07","LXSD2404-07","LXCOLL_20240409_1_0247_1",47.77,"(45,50]","No","M","2","No","N",NA,"Completed"
2024-04-09,"2024","Apr",Apr 2024,"LXS","0247","08","LXSD2404-08","LXCOLL_20240409_1_0247_1",49.5,"(45,50]","No","F","2","No","N",NA,"Completed"
2024-04-09,"2024","Apr",Apr 2024,"LXS","0247","09","LXSD2404-09","LXCOLL_20240409_1_0247_1",53.05,"(50,55]","No","M","2","No","N",NA,"Completed"
2024-04-09,"2024","Apr",Apr 2024,"LXS","0247","10","LXSD2404-10","LXCOLL_20240409_1_0247_1",44.1,"(40,45]","No","M","2","Yes","N",NA,"Completed"
2024-04-09,"2024","Apr",Apr 2024,"LXS","0249","11","LXSD2404-11","LXCOLL_20240409_1_0249_1",38.51,"(35,40]","No","F","2","No","N",NA,"Completed"
2024-04-09,"2024","Apr",Apr 2024,"LXS","0249","12","LXSD2404-12","LXCOLL_20240409_1_0249_1",47.56,"(45,50]","No","F","2","No","N",NA,"Completed"
2024-04-09,"2024","Apr",Apr 2024,"LXS","0249","13","LXSD2404-13","LXCOLL_20240409_1_0249_1",42.77,"(40,45]","No","F","2","Yes","N",NA,"Completed"
2024-04-09,"2024","Apr",Apr 2024,"LXS","0249","14","LXSD2404-14","LXCOLL_20240409_1_0249_1",49.83,"(45,50]","No","F","2","No","N",NA,"Completed"
2024-04-09,"2024","Apr",Apr 2024,"LXS","0249","15","LXSD2404-15","LXCOLL_20240409_1_0249_1",35.7,"(35,40]","No","M","2","No","N",NA,"Completed"
2024-05-06,"2024","May",May 2024,"LXS","0246","01","LXSD2405-01","LXCOLL_20240506_1_0246_1",47.84,"(45,50]","No","Z","4","No","N",NA,"Completed"
2024-05-06,"2024","May",May 2024,"LXS","0246","02","LXSD2405-02","LXCOLL_20240506_1_0246_1",52.6,"(50,55]","No","F","1","Yes","N",NA,"Completed"
2024-05-06,"2024","May",May 2024,"LXS","0246","03","LXSD2405-03","LXCOLL_20240506_1_0246_1",52.35,"(50,55]","No","F","2","No","N",NA,"Completed"
2024-05-06,"2024","May",May 2024,"LXS","0246","04","LXSD2405-04","LXCOLL_20240506_1_0246_1",57.14,"(55,60]","No","F","1","No","N",NA,"Completed"
2024-05-06,"2024","May",May 2024,"LXS","0246","05","LXSD2405-05","LXCOLL_20240506_1_0246_1",43.77,"(40,45]","No","M","2","No","N",NA,"Completed"
2024-05-06,"2024","May",May 2024,"LXS","0247","06","LXSD2405-06","LXCOLL_20240506_1_0247_1",65.83,"(65,70]","No","M","2","No","N",NA,"Completed"
2024-05-06,"2024","May",May 2024,"LXS","0247","07","LXSD2405-07","LXCOLL_20240506_1_0247_1",34.97,"(30,35]","No","M","2","No","N",NA,"Completed"
2024-05-06,"2024","May",May 2024,"LXS","0247","08","LXSD2405-08","LXCOLL_20240506_1_0247_1",62.38,"(60,65]","No","F","2","No","N",NA,"Completed"
2024-05-06,"2024","May",May 2024,"LXS","0247","09","LXSD2405-09","LXCOLL_20240506_1_0247_1",61.94,"(60,65]","No","Z","4","No","N",NA,"Completed"
2024-05-06,"2024","May",May 2024,"LXS","0247","10","LXSD2405-10","LXCOLL_20240506_1_0247_1",50.44,"(50,55]","No","Z","Z","Buceph","Y",NA,"Completed"
2024-05-06,"2024","May",May 2024,"LXS","0249","11","LXSD2405-11","LXCOLL_20240506_1_0249_1",37.24,"(35,40]","No","M","2","No","N",NA,"Completed"
2024-05-06,"2024","May",May 2024,"LXS","0249","12","LXSD2405-12","LXCOLL_20240506_1_0249_1",76.12,"(75,80]","No","F","2","No","N",NA,"Completed"
2024-05-06,"2024","May",May 2024,"LXS","0249","13","LXSD2405-13","LXCOLL_20240506_1_0249_1",51.89,"(50,55]","No","M","2","No","N",NA,"Completed"
2024-05-06,"2024","May",May 2024,"LXS","0249","14","LXSD2405-14","LXCOLL_20240506_1_0249_1",40.11,"(40,45]","No","M","2","No","N",NA,"Completed"
2024-05-06,"2024","May",May 2024,"LXS","0249","15","LXSD2405-15","LXCOLL_20240506_1_0249_1",57.81,"(55,60]","No","F","2","No","N",NA,"Completed"
2024-06-03,"2024","Jun",Jun 2024,"LXS","0246","01","LXSD2406-01","LXCOLL_20240603_1_0246_1",38.76,"(35,40]","No","M","2","No","N",NA,"Completed"
2024-06-03,"2024","Jun",Jun 2024,"LXS","0246","02","LXSD2406-02","LXCOLL_20240603_1_0246_1",60.18,"(60,65]","No","M","2","No","N",NA,"Completed"
2024-06-03,"2024","Jun",Jun 2024,"LXS","0246","03","LXSD2406-03","LXCOLL_20240603_1_0246_1",41.42,"(40,45]","No","Z","4","No","N",NA,"Completed"
2024-06-03,"2024","Jun",Jun 2024,"LXS","0246","04","LXSD2406-04","LXCOLL_20240603_1_0246_1",54.62,"(50,55]","No","F","2","Yes","N",NA,"Completed"
2024-06-03,"2024","Jun",Jun 2024,"LXS","0246","05","LXSD2406-05","LXCOLL_20240603_1_0246_1",43.48,"(40,45]","No","Z","4","No","N",NA,"Completed"
2024-06-03,"2024","Jun",Jun 2024,"LXS","0247","06","LXSD2406-06","LXCOLL_20240603_1_0247_1",53.36,"(50,55]","No","F","2","No","N",NA,"Completed"
2024-06-03,"2024","Jun",Jun 2024,"LXS","0247","07","LXSD2406-07","LXCOLL_20240603_1_0247_1",52.74,"(50,55]","No","M","2","No","N",NA,"Completed"
2024-06-03,"2024","Jun",Jun 2024,"LXS","0247","08","LXSD2406-08","LXCOLL_20240603_1_0247_1",50.07,"(50,55]","No","M","2","No","N",NA,"Completed"
2024-06-03,"2024","Jun",Jun 2024,"LXS","0247","09","LXSD2406-09","LXCOLL_20240603_1_0247_1",51.35,"(50,55]","No","F","2","No","N",NA,"Completed"
2024-06-03,"2024","Jun",Jun 2024,"LXS","0247","10","LXSD2406-10","LXCOLL_20240603_1_0247_1",32.08,"(30,35]","No","M","2","No","N",NA,"Completed"
2024-06-03,"2024","Jun",Jun 2024,"LXS","0249","11","LXSD2406-11","LXCOLL_20240603_1_0249_1",43.43,"(40,45]","No","M","2","No","N",NA,"Completed"
2024-06-03,"2024","Jun",Jun 2024,"LXS","0249","12","LXSD2406-12","LXCOLL_20240603_1_0249_1",45.3,"(45,50]","No","M","2","No","N",NA,"Completed"
2024-06-03,"2024","Jun",Jun 2024,"LXS","0249","13","LXSD2406-13","LXCOLL_20240603_1_0249_1",30.71,"(30,35]","No","M","2","No","N",NA,"Completed"
2024-06-03,"2024","Jun",Jun 2024,"LXS","0249","14","LXSD2406-14","LXCOLL_20240603_1_0249_1",46.84,"(45,50]","No","M","2","No","N",NA,"Completed"
2024-06-03,"2024","Jun",Jun 2024,"LXS","0249","15","LXSD2406-15","LXCOLL_20240603_1_0249_1",74.04,"(70,75]","No","F","2","No","N",NA,"Completed"
2024-07-09,"2024","Jul",Jul 2024,"LXS","0246","01","LXSD2407-01","LXCOLL_20240709_1_0246_1",67.88,"(65,70]","No","F","1","No","N",NA,"Completed"
2024-07-09,"2024","Jul",Jul 2024,"LXS","0246","02","LXSD2407-02","LXCOLL_20240709_1_0246_1",68.74,"(65,70]","No","F","1","No","N",NA,"Completed"
2024-07-09,"2024","Jul",Jul 2024,"LXS","0246","03","LXSD2407-03","LXCOLL_20240709_1_0246_1",59.33,"(55,60]","No","M","2","No","N",NA,"Completed"
2024-07-09,"2024","Jul",Jul 2024,"LXS","0246","04","LXSD2407-04","LXCOLL_20240709_1_0246_1",50.5,"(50,55]","No","F","2","No","N",NA,"Completed"
2024-07-09,"2024","Jul",Jul 2024,"LXS","0246","05","LXSD2407-05","LXCOLL_20240709_1_0246_1",57.8,"(55,60]","No","F","2","No","N",NA,"Completed"
2024-07-09,"2024","Jul",Jul 2024,"LXS","0247","06","LXSD2407-06","LXCOLL_20240709_1_0247_1",86.28,"(85,90]","No","M","2","No","N",NA,"Completed"
2024-07-09,"2024","Jul",Jul 2024,"LXS","0247","07","LXSD2407-07","LXCOLL_20240709_1_0247_1",61.71,"(60,65]","No","F","2","No","N",NA,"Completed"
2024-07-09,"2024","Jul",Jul 2024,"LXS","0247","08","LXSD2407-08","LXCOLL_20240709_1_0247_1",61.14,"(60,65]","No","M","2","No","N",NA,"Completed"
2024-07-09,"2024","Jul",Jul 2024,"LXS","0247","09","LXSD2407-09","LXCOLL_20240709_1_0247_1",68.92,"(65,70]","No","F","2","No","N",NA,"Completed"
2024-07-09,"2024","Jul",Jul 2024,"LXS","0247","10","LXSD2407-10","LXCOLL_20240709_1_0247_1",70.11,"(70,75]","No","F","2","No","N",NA,"Completed"
2024-07-09,"2024","Jul",Jul 2024,"LXS","0249","11","LXSD2407-11","LXCOLL_20240709_1_0249_1",78.21,"(75,80]","No","M","2","No","N",NA,"Completed"
2024-07-09,"2024","Jul",Jul 2024,"LXS","0249","12","LXSD2407-12","LXCOLL_20240709_1_0249_1",61.92,"(60,65]","No","F","3","No","N",NA,"Completed"
2024-07-09,"2024","Jul",Jul 2024,"LXS","0249","13","LXSD2407-13","LXCOLL_20240709_1_0249_1",57.18,"(55,60]","No","F","2","No","N",NA,"Completed"
2024-07-09,"2024","Jul",Jul 2024,"LXS","0249","14","LXSD2407-14","LXCOLL_20240709_1_0249_1",49.53,"(45,50]","No","F","2","No","N",NA,"Completed"
2024-07-09,"2024","Jul",Jul 2024,"LXS","0249","15","LXSD2407-15","LXCOLL_20240709_1_0249_1",37.87,"(35,40]","No","F","2","No","N",NA,"Completed"
2024-08-06,"2024","Aug",Aug 2024,"LXS","0246","01","LXSD2408-01","LXCOLL_20240806_1_0246_1",64.02,"(60,65]","No","M","2","No","N",NA,"Completed"
2024-08-06,"2024","Aug",Aug 2024,"LXS","0246","02","LXSD2408-02","LXCOLL_20240806_1_0246_1",63.7,"(60,65]","No","F","2","No","N",NA,"Completed"
2024-08-06,"2024","Aug",Aug 2024,"LXS","0246","03","LXSD2408-03","LXCOLL_20240806_1_0246_1",64.9,"(60,65]","No","F","2","No","N",NA,"Completed"
2024-08-06,"2024","Aug",Aug 2024,"LXS","0246","04","LXSD2408-04","LXCOLL_20240806_1_0246_1",59.3,"(55,60]","No","M","2","No","N",NA,"Completed"
2024-08-06,"2024","Aug",Aug 2024,"LXS","0246","05","LXSD2408-05","LXCOLL_20240806_1_0246_1",59.94,"(55,60]","No","F","2","No","N",NA,"Completed"
2024-08-06,"2024","Aug",Aug 2024,"LXS","0247","06","LXSD2408-06","LXCOLL_20240806_1_0247_1",55.96,"(55,60]","No","M","2","No","N",NA,"Completed"
2024-08-06,"2024","Aug",Aug 2024,"LXS","0247","07","LXSD2408-07","LXCOLL_20240806_1_0247_1",75.56,"(75,80]","No","F","2","No","N",NA,"Completed"
2024-08-06,"2024","Aug",Aug 2024,"LXS","0247","08","LXSD2408-08","LXCOLL_20240806_1_0247_1",64.44,"(60,65]","No","F","2","Yes","N",NA,"Completed"
2024-08-06,"2024","Aug",Aug 2024,"LXS","0247","09","LXSD2408-09","LXCOLL_20240806_1_0247_1",62.41,"(60,65]","No","F","2","No","N",NA,"Completed"
2024-08-06,"2024","Aug",Aug 2024,"LXS","0247","10","LXSD2408-10","LXCOLL_20240806_1_0247_1",54.11,"(50,55]","No","F","2","No","N",NA,"Completed"
2024-08-06,"2024","Aug",Aug 2024,"LXS","0249","11","LXSD2408-11","LXCOLL_20240806_1_0249_1",77.86,"(75,80]","No","M","2","No","N",NA,"Completed"
2024-08-06,"2024","Aug",Aug 2024,"LXS","0249","12","LXSD2408-12","LXCOLL_20240806_1_0249_1",99.62,"(95,100]","No","F","2","Yes","N",NA,"Completed"
2024-08-06,"2024","Aug",Aug 2024,"LXS","0249","13","LXSD2408-13","LXCOLL_20240806_1_0249_1",80.78,"(80,85]","No","F","2","No","N",NA,"Completed"
2024-08-06,"2024","Aug",Aug 2024,"LXS","0249","14","LXSD2408-14","LXCOLL_20240806_1_0249_1",67.17,"(65,70]","No","F","2","No","N",NA,"Completed"
2024-08-06,"2024","Aug",Aug 2024,"LXS","0249","15","LXSD2408-15","LXCOLL_20240806_1_0249_1",70.8,"(70,75]","No","F","2","No","N",NA,"Completed"
2024-09-04,"2024","Sep",Sep 2024,"LXS","0246","01","LXSD2409-01","LXCOLL_20240904_1_0246_1",66.46,"(65,70]","No","F","2","Yes","N",NA,"Completed"
2024-09-04,"2024","Sep",Sep 2024,"LXS","0246","02","LXSD2409-02","LXCOLL_20240904_1_0246_1",49.48,"(45,50]","No","F","2","No","N",NA,"Completed"
2024-09-04,"2024","Sep",Sep 2024,"LXS","0246","03","LXSD2409-03","LXCOLL_20240904_1_0246_1",48.47,"(45,50]","No","F","2","No","N",NA,"Completed"
2024-09-04,"2024","Sep",Sep 2024,"LXS","0246","04","LXSD2409-04","LXCOLL_20240904_1_0246_1",59.18,"(55,60]","No","F","2","No","N",NA,"Completed"
2024-09-04,"2024","Sep",Sep 2024,"LXS","0246","05","LXSD2409-05","LXCOLL_20240904_1_0246_1",49.28,"(45,50]","No","F","2","Yes","N",NA,"Completed"
2024-09-04,"2024","Sep",Sep 2024,"LXS","0247","06","LXSD2409-06","LXCOLL_20240904_1_0247_1",53.37,"(50,55]","No","F","2","No","N",NA,"Completed"
2024-09-04,"2024","Sep",Sep 2024,"LXS","0247","07","LXSD2409-07","LXCOLL_20240904_1_0247_1",58.53,"(55,60]","No","M","2","No","N",NA,"Completed"
2024-09-04,"2024","Sep",Sep 2024,"LXS","0247","08","LXSD2409-08","LXCOLL_20240904_1_0247_1",59.94,"(55,60]","No","F","2","No","N",NA,"Completed"
2024-09-04,"2024","Sep",Sep 2024,"LXS","0247","09","LXSD2409-09","LXCOLL_20240904_1_0247_1",49.64,"(45,50]","No","M","2","No","N",NA,"Completed"
2024-09-04,"2024","Sep",Sep 2024,"LXS","0247","10","LXSD2409-10","LXCOLL_20240904_1_0247_1",44.06,"(40,45]","No","F","2","No","N",NA,"Completed"
2024-09-04,"2024","Sep",Sep 2024,"LXS","0249","11","LXSD2409-11","LXCOLL_20240904_1_0249_1",63.04,"(60,65]","No","F","2","No","N",NA,"Completed"
2024-09-04,"2024","Sep",Sep 2024,"LXS","0249","12","LXSD2409-12","LXCOLL_20240904_1_0249_1",66.51,"(65,70]","No","M","2","No","N",NA,"Completed"
2024-09-04,"2024","Sep",Sep 2024,"LXS","0249","13","LXSD2409-13","LXCOLL_20240904_1_0249_1",51.48,"(50,55]","No","F","2","No","N",NA,"Completed"
2024-09-04,"2024","Sep",Sep 2024,"LXS","0249","14","LXSD2409-14","LXCOLL_20240904_1_0249_1",60.01,"(60,65]","No","F","2","No","N",NA,"Completed"
2024-09-04,"2024","Sep",Sep 2024,"LXS","0249","15","LXSD2409-15","LXCOLL_20240904_1_0249_1",42.94,"(40,45]","No","F","2","No","N",NA,"Completed"
2024-10-02,"2024","Oct",Oct 2024,"LXS","0246","01","LXSD2410-01","LXCOLL_20241002_1_0246_1",53.75,"(50,55]","No","F","2","No","N",NA,"Completed"
2024-10-02,"2024","Oct",Oct 2024,"LXS","0246","02","LXSD2410-02","LXCOLL_20241002_1_0246_1",58.29,"(55,60]","No","F","2","Yes","N",NA,"Completed"
2024-10-02,"2024","Oct",Oct 2024,"LXS","0246","03","LXSD2410-03","LXCOLL_20241002_1_0246_1",51.97,"(50,55]","No","F","2","No","N",NA,"Completed"
2024-10-02,"2024","Oct",Oct 2024,"LXS","0246","04","LXSD2410-04","LXCOLL_20241002_1_0246_1",49.76,"(45,50]","No","F","2","No","N",NA,"Completed"
2024-10-02,"2024","Oct",Oct 2024,"LXS","0246","05","LXSD2410-05","LXCOLL_20241002_1_0246_1",45.42,"(45,50]","No","F","2","No","N",NA,"Completed"
2024-10-02,"2024","Oct",Oct 2024,"LXS","0247","06","LXSD2410-06","LXCOLL_20241002_1_0247_1",46.88,"(45,50]","No","M","2","No","N",NA,"Completed"
2024-10-02,"2024","Oct",Oct 2024,"LXS","0247","07","LXSD2410-07","LXCOLL_20241002_1_0247_1",45.42,"(45,50]","No","M","2","No","N",NA,"Completed"
2024-10-02,"2024","Oct",Oct 2024,"LXS","0247","08","LXSD2410-08","LXCOLL_20241002_1_0247_1",40.15,"(40,45]","No","F","2","No","N",NA,"Completed"
2024-10-02,"2024","Oct",Oct 2024,"LXS","0247","09","LXSD2410-09","LXCOLL_20241002_1_0247_1",39.5,"(35,40]","No","M","2","No","N",NA,"Completed"
2024-10-02,"2024","Oct",Oct 2024,"LXS","0247","10","LXSD2410-10","LXCOLL_20241002_1_0247_1",45.69,"(45,50]","No","F","2","No","N",NA,"Completed"
2024-10-02,"2024","Oct",Oct 2024,"LXS","0249","11","LXSD2410-11","LXCOLL_20241002_1_0249_1",37.33,"(35,40]","No","M","2","No","N",NA,"Completed"
2024-10-02,"2024","Oct",Oct 2024,"LXS","0249","12","LXSD2410-12","LXCOLL_20241002_1_0249_1",39.51,"(35,40]","No","M","2","No","N",NA,"Completed"
2024-10-02,"2024","Oct",Oct 2024,"LXS","0249","13","LXSD2410-13","LXCOLL_20241002_1_0249_1",33.99,"(30,35]","No","F","2","No","N",NA,"Completed"
2024-10-02,"2024","Oct",Oct 2024,"LXS","0249","14","LXSD2410-14","LXCOLL_20241002_1_0249_1",34.79,"(30,35]","No","F","2","No","N",NA,"Completed"
2024-10-02,"2024","Oct",Oct 2024,"LXS","0249","15","LXSD2410-15","LXCOLL_20241002_1_0249_1",43.72,"(40,45]","No","M","2","No","N",NA,"Completed"
2024-11-05,"2024","Nov",Nov 2024,"LXS","0246","01","LXSD2411-01","LXCOLL_20241105_1_0246_1",55,"(50,55]","No","F","3","No","N",NA,"Completed"
2024-11-05,"2024","Nov",Nov 2024,"LXS","0246","02","LXSD2411-02","LXCOLL_20241105_1_0246_1",65.68,"(65,70]","No","F","1","No","N",NA,"Completed"
2024-11-05,"2024","Nov",Nov 2024,"LXS","0246","03","LXSD2411-03","LXCOLL_20241105_1_0246_1",46.99,"(45,50]","No","M","2","No","N",NA,"Completed"
2024-11-05,"2024","Nov",Nov 2024,"LXS","0246","04","LXSD2411-04","LXCOLL_20241105_1_0246_1",52.54,"(50,55]","No","Z","4","Yes","N",NA,"Completed"
2024-11-05,"2024","Nov",Nov 2024,"LXS","0246","05","LXSD2411-05","LXCOLL_20241105_1_0246_1",44.8,"(40,45]","No","F","3","No","N",NA,"Completed"
2024-11-05,"2024","Nov",Nov 2024,"LXS","0247","06","LXSD2411-06","LXCOLL_20241105_1_0247_1",57.3,"(55,60]","No","F","2","No","N",NA,"Completed"
2024-11-05,"2024","Nov",Nov 2024,"LXS","0247","07","LXSD2411-07","LXCOLL_20241105_1_0247_1",54.89,"(50,55]","No","M","2","No","N",NA,"Completed"
2024-11-05,"2024","Nov",Nov 2024,"LXS","0247","08","LXSD2411-08","LXCOLL_20241105_1_0247_1",53.42,"(50,55]","No","F","2","No","N",NA,"Completed"
2024-11-05,"2024","Nov",Nov 2024,"LXS","0247","09","LXSD2411-09","LXCOLL_20241105_1_0247_1",41.01,"(40,45]","No","F","2","No","N",NA,"Completed"
2024-11-05,"2024","Nov",Nov 2024,"LXS","0247","10","LXSD2411-10","LXCOLL_20241105_1_0247_1",51.89,"(50,55]","No","F","2","No","N",NA,"Completed"
2024-11-05,"2024","Nov",Nov 2024,"LXS","0249","11","LXSD2411-11","LXCOLL_20241105_1_0249_1",68.19,"(65,70]","No","F","2","No","N","VGH","Completed"
2024-11-05,"2024","Nov",Nov 2024,"LXS","0249","12","LXSD2411-12","LXCOLL_20241105_1_0249_1",40.97,"(40,45]","No","M","2","No","N",NA,"Completed"
2024-11-05,"2024","Nov",Nov 2024,"LXS","0249","13","LXSD2411-13","LXCOLL_20241105_1_0249_1",51.13,"(50,55]","No","F","2","No","N",NA,"Completed"
2024-11-05,"2024","Nov",Nov 2024,"LXS","0249","14","LXSD2411-14","LXCOLL_20241105_1_0249_1",72.17,"(70,75]","No","F","2","No","N",NA,"Completed"
2024-11-05,"2024","Nov",Nov 2024,"LXS","0249","15","LXSD2411-15","LXCOLL_20241105_1_0249_1",65.43,"(65,70]","No","F","2","No","N",NA,"Completed"
2024-12-04,"2024","Dec",Dec 2024,"LXS","0246","01","LXSD2412-01","LXCOLL_20241204_1_0246_1",59.26,"(55,60]","No","M","2","No","N",NA,"Completed"
2024-12-04,"2024","Dec",Dec 2024,"LXS","0246","02","LXSD2412-02","LXCOLL_20241204_1_0246_1",49.69,"(45,50]","No","F","1","No","N",NA,"Completed"
2024-12-04,"2024","Dec",Dec 2024,"LXS","0246","03","LXSD2412-03","LXCOLL_20241204_1_0246_1",46.91,"(45,50]","No","M","3","No","N",NA,"Completed"
2024-12-04,"2024","Dec",Dec 2024,"LXS","0246","04","LXSD2412-04","LXCOLL_20241204_1_0246_1",54.57,"(50,55]","No","F","2","No","N",NA,"Completed"
2024-12-04,"2024","Dec",Dec 2024,"LXS","0246","05","LXSD2412-05","LXCOLL_20241204_1_0246_1",55.33,"(55,60]","No","Z","4","No","N",NA,"Completed"
2024-12-04,"2024","Dec",Dec 2024,"LXS","0247","06","LXSD2412-06","LXCOLL_20241204_1_0247_1",63.71,"(60,65]","No","Z","4","No","N",NA,"Completed"
2024-12-04,"2024","Dec",Dec 2024,"LXS","0247","07","LXSD2412-07","LXCOLL_20241204_1_0247_1",64.7,"(60,65]","No","Z","4","Yes","N",NA,"Completed"
2024-12-04,"2024","Dec",Dec 2024,"LXS","0247","08","LXSD2412-08","LXCOLL_20241204_1_0247_1",54.25,"(50,55]","No","Z","4","No","N",NA,"Completed"
2024-12-04,"2024","Dec",Dec 2024,"LXS","0247","09","LXSD2412-09","LXCOLL_20241204_1_0247_1",66.52,"(65,70]","No","M","2","No","N",NA,"Completed"
2024-12-04,"2024","Dec",Dec 2024,"LXS","0247","10","LXSD2412-10","LXCOLL_20241204_1_0247_1",36.56,"(35,40]","No","Z","Z","No","Y",NA,"Completed"
2024-12-04,"2024","Dec",Dec 2024,"LXS","0249","11","LXSD2412-11","LXCOLL_20241204_1_0249_1",90.98,"(90,95]","No","F","2","No","N",NA,"Completed"
2024-12-04,"2024","Dec",Dec 2024,"LXS","0249","12","LXSD2412-12","LXCOLL_20241204_1_0249_1",91.03,"(90,95]","No","F","2","No","N",NA,"Completed"
2024-12-04,"2024","Dec",Dec 2024,"LXS","0249","13","LXSD2412-13","LXCOLL_20241204_1_0249_1",81.31,"(80,85]","No","F","2","Yes","N",NA,"Completed"
2024-12-04,"2024","Dec",Dec 2024,"LXS","0249","14","LXSD2412-14","LXCOLL_20241204_1_0249_1",45.75,"(45,50]","No","F","1","No","N",NA,"Completed"
2024-12-04,"2024","Dec",Dec 2024,"LXS","0249","15","LXSD2412-15","LXCOLL_20241204_1_0249_1",68.36,"(65,70]","No","F","2","No","N",NA,"Completed"
2025-01-06,"2025","Jan",Jan 2025,"LXS","0246","01","LXSD2501-01","LXCOLL_20250106_1_0246_1",54.43,"(50,55]","No","Z","4","No","N",NA,"Completed"
2025-01-06,"2025","Jan",Jan 2025,"LXS","0246","02","LXSD2501-02","LXCOLL_20250106_1_0246_1",58.21,"(55,60]","No","M","3","No","N",NA,"Completed"
2025-01-06,"2025","Jan",Jan 2025,"LXS","0246","03","LXSD2501-03","LXCOLL_20250106_1_0246_1",54.46,"(50,55]","No","Z","4","Yes","N",NA,"Completed"
2025-01-06,"2025","Jan",Jan 2025,"LXS","0246","04","LXSD2501-04","LXCOLL_20250106_1_0246_1",61.73,"(60,65]","No","Z","4","No","N",NA,"Completed"
2025-01-06,"2025","Jan",Jan 2025,"LXS","0246","05","LXSD2501-05","LXCOLL_20250106_1_0246_1",48.79,"(45,50]","No","F","1","No","N",NA,"Completed"
2025-01-06,"2025","Jan",Jan 2025,"LXS","0247","06","LXSD2501-06","LXCOLL_20250106_1_0247_1",104.67,"(100,105]","No","Z","4","No","N",NA,"Completed"
2025-01-06,"2025","Jan",Jan 2025,"LXS","0247","07","LXSD2501-07","LXCOLL_20250106_1_0247_1",76.23,"(75,80]","No","F","1","Yes","N",NA,"Completed"
2025-01-06,"2025","Jan",Jan 2025,"LXS","0247","08","LXSD2501-08","LXCOLL_20250106_1_0247_1",65.58,"(65,70]","No","F","Z","No","N",NA,"Completed"
2025-01-06,"2025","Jan",Jan 2025,"LXS","0247","09","LXSD2501-09","LXCOLL_20250106_1_0247_1",63.01,"(60,65]","No","F","3","No","N",NA,"Completed"
2025-01-06,"2025","Jan",Jan 2025,"LXS","0247","10","LXSD2501-10","LXCOLL_20250106_1_0247_1",47.62,"(45,50]","No","F","2","No","N",NA,"Completed"
2025-01-06,"2025","Jan",Jan 2025,"LXS","0249","11","LXSD2501-11","LXCOLL_20250106_1_0249_1",42.87,"(40,45]","No","F","2","No","N",NA,"Completed"
2025-01-06,"2025","Jan",Jan 2025,"LXS","0249","12","LXSD2501-12","LXCOLL_20250106_1_0249_1",58.91,"(55,60]","No","F","2","No","N","Blown out tissue","Completed"
2025-01-06,"2025","Jan",Jan 2025,"LXS","0249","13","LXSD2501-13","LXCOLL_20250106_1_0249_1",64.88,"(60,65]","No","F","2","No","N","Blown out/overlapping tissue","Completed"
2025-01-06,"2025","Jan",Jan 2025,"LXS","0249","14","LXSD2501-14","LXCOLL_20250106_1_0249_1",66.54,"(65,70]","No","F","2","No","N",NA,"Completed"
2025-01-06,"2025","Jan",Jan 2025,"LXS","0249","15","LXSD2501-15","LXCOLL_20250106_1_0249_1",36.7,"(35,40]","No","M","2","No","N",NA,"Completed"
2025-02-11,"2025","Feb",Feb 2025,"LXS","0246","01","LXSD2502-01","LXCOLL_20250211_1_0246_1",73.76,"(70,75]","No","F","2","No","N",NA,"Completed"
2025-02-11,"2025","Feb",Feb 2025,"LXS","0246","02","LXSD2502-02","LXCOLL_20250211_1_0246_1",60.8,"(60,65]","No","F","1","No","N",NA,"Completed"
2025-02-11,"2025","Feb",Feb 2025,"LXS","0246","03","LXSD2502-03","LXCOLL_20250211_1_0246_1",63.71,"(60,65]","No","F","1","No","N",NA,"Completed"
2025-02-11,"2025","Feb",Feb 2025,"LXS","0246","04","LXSD2502-04","LXCOLL_20250211_1_0246_1",65.11,"(65,70]","No","F","2","No","N",NA,"Completed"
2025-02-11,"2025","Feb",Feb 2025,"LXS","0246","05","LXSD2502-05","LXCOLL_20250211_1_0246_1",56.6,"(55,60]","No","F","2","No","N",NA,"Completed"
2025-02-11,"2025","Feb",Feb 2025,"LXS","0247","06","LXSD2502-06","LXCOLL_20250211_1_0247_1",53.26,"(50,55]","No","F","2","No","N",NA,"Completed"
2025-02-11,"2025","Feb",Feb 2025,"LXS","0247","07","LXSD2502-07","LXCOLL_20250211_1_0247_1",47.27,"(45,50]","No","F","3","No","N",NA,"Completed"
2025-02-11,"2025","Feb",Feb 2025,"LXS","0247","08","LXSD2502-08","LXCOLL_20250211_1_0247_1",44.31,"(40,45]","No","M","2","No","N",NA,"Completed"
2025-02-11,"2025","Feb",Feb 2025,"LXS","0247","09","LXSD2502-09","LXCOLL_20250211_1_0247_1",51.04,"(50,55]","No","F","2","No","N",NA,"Completed"
2025-02-11,"2025","Feb",Feb 2025,"LXS","0247","10","LXSD2502-10","LXCOLL_20250211_1_0247_1",58.07,"(55,60]","No","F","Z","No","N",NA,"Completed"
2025-02-11,"2025","Feb",Feb 2025,"LXS","0249","11","LXSD2502-11","LXCOLL_20250211_1_0249_1",59.56,"(55,60]","No","Z","4","No","N",NA,"Completed"
2025-02-11,"2025","Feb",Feb 2025,"LXS","0249","12","LXSD2502-12","LXCOLL_20250211_1_0249_1",57.91,"(55,60]","No","Z","4","No","N",NA,"Completed"
2025-02-11,"2025","Feb",Feb 2025,"LXS","0249","13","LXSD2502-13","LXCOLL_20250211_1_0249_1",59.55,"(55,60]","No","F","1","No","N",NA,"Completed"
2025-02-11,"2025","Feb",Feb 2025,"LXS","0249","14","LXSD2502-14","LXCOLL_20250211_1_0249_1",54.99,"(50,55]","No","Z","4","No","N",NA,"Completed"
2025-02-11,"2025","Feb",Feb 2025,"LXS","0249","15","LXSD2502-15","LXCOLL_20250211_1_0249_1",41.01,"(40,45]","No","M","1","Yes","N",NA,"Completed"
2025-03-18,"2025","Mar",Mar 2025,"LXS","0246","01","LXSD2503-01","LXCOLL_20250318_1_0246_1",46.76,"(45,50]","No","F","2","No","N",NA,"Completed"
2025-03-18,"2025","Mar",Mar 2025,"LXS","0246","02","LXSD2503-02","LXCOLL_20250318_1_0246_1",65.81,"(65,70]","No","F","2","Yes","N",NA,"Completed"
2025-03-18,"2025","Mar",Mar 2025,"LXS","0246","03","LXSD2503-03","LXCOLL_20250318_1_0246_1",63.16,"(60,65]","No","F","2","No","N",NA,"Completed"
2025-03-18,"2025","Mar",Mar 2025,"LXS","0246","04","LXSD2503-04","LXCOLL_20250318_1_0246_1",53.47,"(50,55]","No","M","2","No","N",NA,"Completed"
2025-03-18,"2025","Mar",Mar 2025,"LXS","0246","05","LXSD2503-05","LXCOLL_20250318_1_0246_1",53.43,"(50,55]","No","F","2","No","N",NA,"Completed"
2025-03-18,"2025","Mar",Mar 2025,"LXS","0247","06","LXSD2503-06","LXCOLL_20250318_1_0247_1",64.35,"(60,65]","No","M","2","Yes","N",NA,"Completed"
2025-03-18,"2025","Mar",Mar 2025,"LXS","0247","07","LXSD2503-07","LXCOLL_20250318_1_0247_1",41.04,"(40,45]","No","Z","4","Yes","N",NA,"Completed"
2025-03-18,"2025","Mar",Mar 2025,"LXS","0247","08","LXSD2503-08","LXCOLL_20250318_1_0247_1",45.06,"(45,50]","No","F","2","No","N",NA,"Completed"
2025-03-18,"2025","Mar",Mar 2025,"LXS","0247","09","LXSD2503-09","LXCOLL_20250318_1_0247_1",61.14,"(60,65]","No","F","2","No","N",NA,"Completed"
2025-03-18,"2025","Mar",Mar 2025,"LXS","0247","10","LXSD2503-10","LXCOLL_20250318_1_0247_1",36.46,"(35,40]","No","M","2","Yes","N",NA,"Completed"
2025-03-18,"2025","Mar",Mar 2025,"LXS","0249","11","LXSD2503-11","LXCOLL_20250318_1_0249_1",62.54,"(60,65]","No","F","2","Yes","N",NA,"Completed"
2025-03-18,"2025","Mar",Mar 2025,"LXS","0249","12","LXSD2503-12","LXCOLL_20250318_1_0249_1",54.05,"(50,55]","No","M","2","No","N",NA,"Completed"
2025-03-18,"2025","Mar",Mar 2025,"LXS","0249","13","LXSD2503-13","LXCOLL_20250318_1_0249_1",58.62,"(55,60]","No","M","2","No","N",NA,"Completed"
2025-03-18,"2025","Mar",Mar 2025,"LXS","0249","14","LXSD2503-14","LXCOLL_20250318_1_0249_1",66.88,"(65,70]","No","F","2","No","N",NA,"Completed"
2025-03-18,"2025","Mar",Mar 2025,"LXS","0249","15","LXSD2503-15","LXCOLL_20250318_1_0249_1",55.95,"(55,60]","No","F","2","Yes","N",NA,"Completed"
2025-04-08,"2025","Apr",Apr 2025,"LXS","0246","01","LXSD2504-01","LXCOLL_20250408_1_0246_1",61.66,"(60,65]","No","M","2","No","N",NA,"Completed"
2025-04-08,"2025","Apr",Apr 2025,"LXS","0246","02","LXSD2504-02","LXCOLL_20250408_1_0246_1",46.66,"(45,50]","No","M","2","No","N",NA,"Completed"
2025-04-08,"2025","Apr",Apr 2025,"LXS","0246","03","LXSD2504-03","LXCOLL_20250408_1_0246_1",58.04,"(55,60]","No","F","2","No","N",NA,"Completed"
2025-04-08,"2025","Apr",Apr 2025,"LXS","0246","04","LXSD2504-04","LXCOLL_20250408_1_0246_1",53.53,"(50,55]","No","M","2","Yes","N",NA,"Completed"
2025-04-08,"2025","Apr",Apr 2025,"LXS","0246","05","LXSD2504-05","LXCOLL_20250408_1_0246_1",45.31,"(45,50]","No","F","1","No","N",NA,"Completed"
2025-04-08,"2025","Apr",Apr 2025,"LXS","0247","06","LXSD2504-06","LXCOLL_20250408_1_0247_1",39.84,"(35,40]","No","M","2","No","N",NA,"Completed"
2025-04-08,"2025","Apr",Apr 2025,"LXS","0247","07","LXSD2504-07","LXCOLL_20250408_1_0247_1",80.67,"(80,85]","No","F","2","No","N",NA,"Completed"
2025-04-08,"2025","Apr",Apr 2025,"LXS","0247","08","LXSD2504-08","LXCOLL_20250408_1_0247_1",56.97,"(55,60]","No","F","2","No","N",NA,"Completed"
2025-04-08,"2025","Apr",Apr 2025,"LXS","0247","09","LXSD2504-09","LXCOLL_20250408_1_0247_1",67.74,"(65,70]","No","M","2","Yes","N",NA,"Completed"
2025-04-08,"2025","Apr",Apr 2025,"LXS","0247","10","LXSD2504-10","LXCOLL_20250408_1_0247_1",67.12,"(65,70]","No","F","2","Yes","N",NA,"Completed"
2025-04-08,"2025","Apr",Apr 2025,"LXS","0249","11","LXSD2504-11","LXCOLL_20250408_1_0249_1",48.36,"(45,50]","No","F","2","No","N",NA,"Completed"
2025-04-08,"2025","Apr",Apr 2025,"LXS","0249","12","LXSD2504-12","LXCOLL_20250408_1_0249_1",42.15,"(40,45]","No","M","2","No","N",NA,"Completed"
2025-04-08,"2025","Apr",Apr 2025,"LXS","0249","13","LXSD2504-13","LXCOLL_20250408_1_0249_1",66.8,"(65,70]","No","M","2","No","N",NA,"Completed"
2025-04-08,"2025","Apr",Apr 2025,"LXS","0249","14","LXSD2504-14","LXCOLL_20250408_1_0249_1",56.76,"(55,60]","No","F","2","Yes","N",NA,"Completed"
2025-04-08,"2025","Apr",Apr 2025,"LXS","0249","15","LXSD2504-15","LXCOLL_20250408_1_0249_1",76.53,"(75,80]","No","F","2","Yes","N",NA,"Completed"
2025-05-06,"2025","May",May 2025,"LXS","0246","02","LXSD2505-02","LXCOLL_20250506_1_0246_1",51.93,"(50,55]","No","F","2","No","N",NA,"Completed"
2025-05-06,"2025","May",May 2025,"LXS","0246","03","LXSD2505-03","LXCOLL_20250506_1_0246_1",39.28,"(35,40]","No","M","2","No","N",NA,"Completed"
2025-05-06,"2025","May",May 2025,"LXS","0246","04","LXSD2505-04","LXCOLL_20250506_1_0246_1",35.21,"(35,40]","No","M","2","No","N",NA,"Completed"
2025-05-06,"2025","May",May 2025,"LXS","0247","06","LXSD2505-06","LXCOLL_20250506_1_0247_1",48.94,"(45,50]","No","F","2","No","N",NA,"Completed"
2025-05-06,"2025","May",May 2025,"LXS","0247","07","LXSD2505-07","LXCOLL_20250506_1_0247_1",60.04,"(60,65]","No","F","2","No","N",NA,"Completed"
2025-05-06,"2025","May",May 2025,"LXS","0247","08","LXSD2505-08","LXCOLL_20250506_1_0247_1",73.34,"(70,75]","No","M","2","Yes","N",NA,"Completed"
2025-05-06,"2025","May",May 2025,"LXS","0247","09","LXSD2505-09","LXCOLL_20250506_1_0247_1",56.35,"(55,60]","No","F","2","No","N",NA,"Completed"
2025-05-06,"2025","May",May 2025,"LXS","0247","10","LXSD2505-10","LXCOLL_20250506_1_0247_1",41.45,"(40,45]","No","F","2","Yes","N",NA,"Completed"
2025-05-06,"2025","May",May 2025,"LXS","0249","11","LXSD2505-11","LXCOLL_20250506_1_0249_1",82.02,"(80,85]","No","F","2","No","N",NA,"Completed"
2025-05-06,"2025","May",May 2025,"LXS","0249","12","LXSD2505-12","LXCOLL_20250506_1_0249_1",42.63,"(40,45]","No","M","2","No","N",NA,"Completed"
2025-05-06,"2025","May",May 2025,"LXS","0249","13","LXSD2505-13","LXCOLL_20250506_1_0249_1",51.09,"(50,55]","No","M","2","No","N",NA,"Completed"
2025-05-06,"2025","May",May 2025,"LXS","0249","14","LXSD2505-14","LXCOLL_20250506_1_0249_1",62.59,"(60,65]","No","F","2","No","N",NA,"Completed"
2025-05-06,"2025","May",May 2025,"LXS","0249","15","LXSD2505-15","LXCOLL_20250506_1_0249_1",53.86,"(50,55]","No","F","2","No","N",NA,"Completed"
2025-06-10,"2025","Jun",Jun 2025,"LXS","0246","01","LXSD2506-01","LXCOLL_20250610_1_0246_1",72.16,"(70,75]","No","Z","4","Yes","N",NA,"Completed"
2025-06-10,"2025","Jun",Jun 2025,"LXS","0246","02","LXSD2506-02","LXCOLL_20250610_1_0246_1",51.46,"(50,55]","No","Z","4","Yes","N",NA,"Completed"
2025-06-10,"2025","Jun",Jun 2025,"LXS","0246","03","LXSD2506-03","LXCOLL_20250610_1_0246_1",75.81,"(75,80]","No","F","2","No","N",NA,"Completed"
2025-06-10,"2025","Jun",Jun 2025,"LXS","0246","04","LXSD2506-04","LXCOLL_20250610_1_0246_1",68.83,"(65,70]","No","F","1","No","N",NA,"Completed"
2025-06-10,"2025","Jun",Jun 2025,"LXS","0246","05","LXSD2506-05","LXCOLL_20250610_1_0246_1",65.02,"(65,70]","No","M","2","No","N",NA,"Completed"
2025-06-10,"2025","Jun",Jun 2025,"LXS","0247","06","LXSD2506-06","LXCOLL_20250610_1_0247_1",56.27,"(55,60]","No","F","2","Yes","N",NA,"Completed"
2025-06-10,"2025","Jun",Jun 2025,"LXS","0247","07","LXSD2506-07","LXCOLL_20250610_1_0247_1",53.92,"(50,55]","No","F","3","No","N",NA,"Completed"
2025-06-10,"2025","Jun",Jun 2025,"LXS","0247","08","LXSD2506-08","LXCOLL_20250610_1_0247_1",48.73,"(45,50]","No","M","2","Yes","N",NA,"Completed"
2025-06-10,"2025","Jun",Jun 2025,"LXS","0247","09","LXSD2506-09","LXCOLL_20250610_1_0247_1",69.2,"(65,70]","No","F","2","Yes","N",NA,"Completed"
2025-06-10,"2025","Jun",Jun 2025,"LXS","0247","10","LXSD2506-10","LXCOLL_20250610_1_0247_1",52.06,"(50,55]","No","F","2","No","N",NA,"Completed"
2025-06-10,"2025","Jun",Jun 2025,"LXS","0249","11","LXSD2506-11","LXCOLL_20250610_1_0249_1",53.34,"(50,55]","No","F","2","No","N",NA,"Completed"
2025-06-10,"2025","Jun",Jun 2025,"LXS","0249","12","LXSD2506-12","LXCOLL_20250610_1_0249_1",50.75,"(50,55]","No","F","2","No","N",NA,"Completed"
2025-06-10,"2025","Jun",Jun 2025,"LXS","0249","13","LXSD2506-13","LXCOLL_20250610_1_0249_1",44.08,"(40,45]","No","F","2","Yes","N",NA,"Completed"
2025-06-10,"2025","Jun",Jun 2025,"LXS","0249","14","LXSD2506-14","LXCOLL_20250610_1_0249_1",46.46,"(45,50]","No","M","2","No","N",NA,"Completed"
2025-06-10,"2025","Jun",Jun 2025,"LXS","0249","15","LXSD2506-15","LXCOLL_20250610_1_0249_1",45.74,"(45,50]","No","M","2","Yes","N",NA,"Completed"
2025-07-08,"2025","Jul",Jul 2025,"LXS","0246","01","LXSD2507-01","LXCOLL_20250708_1_0246_1",53.57,"(50,55]","No","F","2","No","N",NA,"Completed"
2025-07-08,"2025","Jul",Jul 2025,"LXS","0246","02","LXSD2507-02","LXCOLL_20250708_1_0246_1",71.72,"(70,75]","No","F","1","No","N",NA,"Completed"
2025-07-08,"2025","Jul",Jul 2025,"LXS","0246","03","LXSD2507-03","LXCOLL_20250708_1_0246_1",49.37,"(45,50]","No","F","2","No","N",NA,"Completed"
2025-07-08,"2025","Jul",Jul 2025,"LXS","0246","04","LXSD2507-04","LXCOLL_20250708_1_0246_1",44.17,"(40,45]","No","M","2","No","N",NA,"Completed"
2025-07-08,"2025","Jul",Jul 2025,"LXS","0246","05","LXSD2507-05","LXCOLL_20250708_1_0246_1",57,"(55,60]","No","F","2","No","N",NA,"Completed"
2025-07-08,"2025","Jul",Jul 2025,"LXS","0247","06","LXSD2507-06","LXCOLL_20250708_1_0247_1",64.08,"(60,65]","No","F","2","No","N",NA,"Completed"
2025-07-08,"2025","Jul",Jul 2025,"LXS","0247","07","LXSD2507-07","LXCOLL_20250708_1_0247_1",49.79,"(45,50]","No","Z","4","No","N",NA,"Completed"
2025-07-08,"2025","Jul",Jul 2025,"LXS","0247","08","LXSD2507-08","LXCOLL_20250708_1_0247_1",61.9,"(60,65]","No","F","2","No","N",NA,"Completed"
2025-07-08,"2025","Jul",Jul 2025,"LXS","0247","09","LXSD2507-09","LXCOLL_20250708_1_0247_1",63.31,"(60,65]","No","F","2","Yes","N",NA,"Completed"
2025-07-08,"2025","Jul",Jul 2025,"LXS","0247","10","LXSD2507-10","LXCOLL_20250708_1_0247_1",56.6,"(55,60]","No","M","2","No","N",NA,"Completed"
2025-07-08,"2025","Jul",Jul 2025,"LXS","0249","11","LXSD2507-11","LXCOLL_20250708_1_0249_1",52.03,"(50,55]","No","F","2","No","N",NA,"Completed"
2025-07-08,"2025","Jul",Jul 2025,"LXS","0249","12","LXSD2507-12","LXCOLL_20250708_1_0249_1",41.25,"(40,45]","No","F","2","No","N",NA,"Completed"
2025-07-08,"2025","Jul",Jul 2025,"LXS","0249","13","LXSD2507-13","LXCOLL_20250708_1_0249_1",64.25,"(60,65]","No","F","2","No","N",NA,"Completed"
2025-07-08,"2025","Jul",Jul 2025,"LXS","0249","14","LXSD2507-14","LXCOLL_20250708_1_0249_1",49.34,"(45,50]","No","F","2","No","N",NA,"Completed"
2025-07-08,"2025","Jul",Jul 2025,"LXS","0249","15","LXSD2507-15","LXCOLL_20250708_1_0249_1",32.41,"(30,35]","No","M","2","No","N",NA,"Completed"
2023-05-02,"2023","May",May 2023,"LXN","0242","01","LXND2305-01","LXCOLL_20230502_1_0242_1",57.01,"(55,60]","No","F","2","No","N",NA,"Entered"
2023-05-02,"2023","May",May 2023,"LXN","0242","02","LXND2305-02","LXCOLL_20230502_1_0242_1",46.96,"(45,50]","No","F","2","No","N",NA,"Entered"
2023-05-02,"2023","May",May 2023,"LXN","0242","03","LXND2305-03","LXCOLL_20230502_1_0242_1",44.86,"(40,45]","No","M","2","Yes","N",NA,"Entered"
2023-05-02,"2023","May",May 2023,"LXN","0242","04","LXND2305-04","LXCOLL_20230502_1_0242_1",51.13,"(50,55]","No","F","2","Yes","N",NA,"Entered"
2023-05-02,"2023","May",May 2023,"LXN","0242","05","LXND2305-05","LXCOLL_20230502_1_0242_1",40.28,"(40,45]","No","F","2","No","N",NA,"Entered"
2023-05-02,"2023","May",May 2023,"LXN","0243","06","LXND2305-06","LXCOLL_20230502_1_0243_1",52.86,"(50,55]","No","F","2","No","N",NA,"Entered"
2023-05-02,"2023","May",May 2023,"LXN","0243","07","LXND2305-07","LXCOLL_20230502_1_0243_1",54.08,"(50,55]","No","M","2","No","N",NA,"Entered"
2023-05-02,"2023","May",May 2023,"LXN","0243","08","LXND2305-08","LXCOLL_20230502_1_0243_1",36.02,"(35,40]","No","F","2","Yes","N",NA,"Entered"
2023-05-02,"2023","May",May 2023,"LXN","0243","09","LXND2305-09","LXCOLL_20230502_1_0243_1",48.19,"(45,50]","No","F","2","Yes","N",NA,"Entered"
2023-05-02,"2023","May",May 2023,"LXN","0243","10","LXND2305-10","LXCOLL_20230502_1_0243_1",41.66,"(40,45]","No","F","2","No","N",NA,"Entered"
2023-05-02,"2023","May",May 2023,"LXN","0244","11","LXND2305-11","LXCOLL_20230502_1_0244_1",47.29,"(45,50]","No","M","2","No","N",NA,"Entered"
2023-05-02,"2023","May",May 2023,"LXN","0244","12","LXND2305-12","LXCOLL_20230502_1_0244_1",52.97,"(50,55]","No","M","2","No","N",NA,"Entered"
2023-05-02,"2023","May",May 2023,"LXN","0244","13","LXND2305-13","LXCOLL_20230502_1_0244_1",63.79,"(60,65]","No","M","2","No","N",NA,"Entered"
2023-05-02,"2023","May",May 2023,"LXN","0244","14","LXND2305-14","LXCOLL_20230502_1_0244_1",36.95,"(35,40]","No","F","2","No","N",NA,"Entered"
2023-05-02,"2023","May",May 2023,"LXN","0244","15","LXND2305-15","LXCOLL_20230502_1_0244_1",45.23,"(45,50]","No","F","2","Yes","N",NA,"Entered"
2023-06-06,"2023","Jun",Jun 2023,"LXN","0242","01","LXND2306-01","LXCOLL_20230606_1_0242_1",60.92,"(60,65]","No","F","2","No","N",NA,"Entered"
2023-06-06,"2023","Jun",Jun 2023,"LXN","0242","02","LXND2306-02","LXCOLL_20230606_1_0242_1",73.85,"(70,75]","No","F","2","No","N",NA,"Entered"
2023-06-06,"2023","Jun",Jun 2023,"LXN","0242","03","LXND2306-03","LXCOLL_20230606_1_0242_1",45.24,"(45,50]","No","Z","4","No","N",NA,"Entered"
2023-06-06,"2023","Jun",Jun 2023,"LXN","0242","04","LXND2306-04","LXCOLL_20230606_1_0242_1",39.9,"(35,40]","No","M","2","No","N",NA,"Entered"
2023-06-06,"2023","Jun",Jun 2023,"LXN","0242","05","LXND2306-05","LXCOLL_20230606_1_0242_1",61.02,"(60,65]","No","F","2","No","N",NA,"Entered"
2023-06-06,"2023","Jun",Jun 2023,"LXN","0243","06","LXND2306-06","LXCOLL_20230606_1_0243_1",49.11,"(45,50]","No","Z","Z","No","Y",NA,"Entered"
2023-06-06,"2023","Jun",Jun 2023,"LXN","0243","07","LXND2306-07","LXCOLL_20230606_1_0243_1",46.64,"(45,50]","No","F","2","No","N",NA,"Entered"
2023-06-06,"2023","Jun",Jun 2023,"LXN","0243","08","LXND2306-08","LXCOLL_20230606_1_0243_1",51.44,"(50,55]","No","Z","Z","No","Y",NA,"Entered"
2023-06-06,"2023","Jun",Jun 2023,"LXN","0243","09","LXND2306-09","LXCOLL_20230606_1_0243_1",39.24,"(35,40]","No","Z","Z","No","Y",NA,"Entered"
2023-06-06,"2023","Jun",Jun 2023,"LXN","0243","10","LXND2306-10","LXCOLL_20230606_1_0243_1",40.4,"(40,45]","No","F","2","No","N",NA,"Entered"
2023-06-06,"2023","Jun",Jun 2023,"LXN","0244","11","LXND2306-11","LXCOLL_20230606_1_0244_1",50.8,"(50,55]","No","F","2","No","N",NA,"Entered"
2023-06-06,"2023","Jun",Jun 2023,"LXN","0244","12","LXND2306-12","LXCOLL_20230606_1_0244_1",39.2,"(35,40]","No","F","2","No","N",NA,"Entered"
2023-06-06,"2023","Jun",Jun 2023,"LXN","0244","13","LXND2306-13","LXCOLL_20230606_1_0244_1",59.84,"(55,60]","No","F","2","No","N",NA,"Entered"
2023-06-06,"2023","Jun",Jun 2023,"LXN","0244","14","LXND2306-14","LXCOLL_20230606_1_0244_1",42.43,"(40,45]","No","M","2","No","N",NA,"Entered"
2023-06-06,"2023","Jun",Jun 2023,"LXN","0244","15","LXND2306-15","LXCOLL_20230606_1_0244_1",35.24,"(35,40]","No","M","2","No","N",NA,"Entered"
2023-10-03,"2023","Oct",Oct 2023,"LXN","0242","01","LXND2310-01","LXCOLL_20231003_1_0242_1",57.56,"(55,60]","No","F","2","No","N",NA,"Entered"
2023-10-03,"2023","Oct",Oct 2023,"LXN","0242","02","LXND2310-02","LXCOLL_20231003_1_0242_1",39.46,"(35,40]","No","F","2","No","N",NA,"Entered"
2023-10-03,"2023","Oct",Oct 2023,"LXN","0242","03","LXND2310-03","LXCOLL_20231003_1_0242_1",35.1,"(35,40]","No","F","2","No","N",NA,"Entered"
2023-10-03,"2023","Oct",Oct 2023,"LXN","0242","04","LXND2310-04","LXCOLL_20231003_1_0242_1",57.74,"(55,60]","No","F","2","No","N",NA,"Entered"
2023-10-03,"2023","Oct",Oct 2023,"LXN","0242","05","LXND2310-05","LXCOLL_20231003_1_0242_1",32.85,"(30,35]","No","F","2","No","N",NA,"Entered"
2023-10-03,"2023","Oct",Oct 2023,"LXN","0243","06","LXND2310-06","LXCOLL_20231003_1_0243_1",49.85,"(45,50]","No","M","2","No","N",NA,"Entered"
2023-10-03,"2023","Oct",Oct 2023,"LXN","0243","07","LXND2310-07","LXCOLL_20231003_1_0243_1",63.39,"(60,65]","No","F","2","Yes","N",NA,"Entered"
2023-10-03,"2023","Oct",Oct 2023,"LXN","0243","08","LXND2310-08","LXCOLL_20231003_1_0243_1",51.83,"(50,55]","No","M","2","No","N",NA,"Entered"
2023-10-03,"2023","Oct",Oct 2023,"LXN","0243","09","LXND2310-09","LXCOLL_20231003_1_0243_1",40.25,"(40,45]","No","M","2","No","N",NA,"Entered"
2023-10-03,"2023","Oct",Oct 2023,"LXN","0243","10","LXND2310-10","LXCOLL_20231003_1_0243_1",62.21,"(60,65]","No","F","2","No","N",NA,"Entered"
2023-10-03,"2023","Oct",Oct 2023,"LXN","0244","11","LXND2310-11","LXCOLL_20231003_1_0244_1",46.26,"(45,50]","No","F","2","No","N",NA,"Entered"
2023-10-03,"2023","Oct",Oct 2023,"LXN","0244","12","LXND2310-12","LXCOLL_20231003_1_0244_1",41.07,"(40,45]","No","M","3","No","N",NA,"Entered"
2023-10-03,"2023","Oct",Oct 2023,"LXN","0244","13","LXND2310-13","LXCOLL_20231003_1_0244_1",51.69,"(50,55]","No","F","2","No","N",NA,"Entered"
2023-10-03,"2023","Oct",Oct 2023,"LXN","0244","14","LXND2310-14","LXCOLL_20231003_1_0244_1",54.65,"(50,55]","No","F","2","No","N",NA,"Entered"
2023-10-03,"2023","Oct",Oct 2023,"LXN","0244","15","LXND2310-15","LXCOLL_20231003_1_0244_1",54.6,"(50,55]","No","F","2","No","N",NA,"Entered"
2025-08-05,"2025","Aug",Aug 2025,"LXN","0242","01","LXND2508-01","LXCOLL_20250805_1_0242_1",67.83,"(65,70]","No","F","2","No","N",NA,"Proofed"
2025-08-05,"2025","Aug",Aug 2025,"LXN","0242","02","LXND2508-02","LXCOLL_20250805_1_0242_1",50.15,"(50,55]","No","F","2","No","N",NA,"Proofed"
2025-08-05,"2025","Aug",Aug 2025,"LXN","0242","03","LXND2508-03","LXCOLL_20250805_1_0242_1",77.5,"(75,80]","No","M","2","No","N",NA,"Proofed"
2025-08-05,"2025","Aug",Aug 2025,"LXN","0242","04","LXND2508-04","LXCOLL_20250805_1_0242_1",60.76,"(60,65]","No","M","2","Yes","N",NA,"Proofed"
2025-08-05,"2025","Aug",Aug 2025,"LXN","0242","05","LXND2508-05","LXCOLL_20250805_1_0242_1",47.69,"(45,50]","No","F","2","No","N",NA,"Proofed"
2025-08-05,"2025","Aug",Aug 2025,"LXN","0243","06","LXND2508-06","LXCOLL_20250805_1_0243_1",77.1,"(75,80]","No","F","2","Yes","N",NA,"Entered"
2025-08-05,"2025","Aug",Aug 2025,"LXN","0243","07","LXND2508-07","LXCOLL_20250805_1_0243_1",72.47,"(70,75]","No","F","2","No","N",NA,"Entered"
2025-08-05,"2025","Aug",Aug 2025,"LXN","0243","08","LXND2508-08","LXCOLL_20250805_1_0243_1",73.35,"(70,75]","No","F","2","Yes","N",NA,"Entered"
2025-08-05,"2025","Aug",Aug 2025,"LXN","0243","09","LXND2508-09","LXCOLL_20250805_1_0243_1",70.25,"(70,75]","No","M","2","No","N",NA,"Entered"
2025-08-05,"2025","Aug",Aug 2025,"LXN","0243","10","LXND2508-10","LXCOLL_20250805_1_0243_1",69.08,"(65,70]","No","M","2","Yes","N",NA,"Entered"
2025-08-05,"2025","Aug",Aug 2025,"LXN","0244","11","LXND2508-11","LXCOLL_20250805_1_0244_1",68.87,"(65,70]","No","M","2","No","N",NA,"Proofed"
2025-08-05,"2025","Aug",Aug 2025,"LXN","0244","12","LXND2508-12","LXCOLL_20250805_1_0244_1",75.32,"(75,80]","No","F","2","Yes","N",NA,"Proofed"
2025-08-05,"2025","Aug",Aug 2025,"LXN","0244","13","LXND2508-13","LXCOLL_20250805_1_0244_1",65.29,"(65,70]","No","F","2","Yes","N",NA,"Proofed"
2025-08-05,"2025","Aug",Aug 2025,"LXN","0244","14","LXND2508-14","LXCOLL_20250805_1_0244_1",75.93,"(75,80]","No","F","2","No","N",NA,"Proofed"
2025-08-05,"2025","Aug",Aug 2025,"LXN","0244","15","LXND2508-15","LXCOLL_20250805_1_0244_1",54.38,"(50,55]","No","M","2","No","N",NA,"Proofed"
2025-08-05,"2025","Aug",Aug 2025,"LXN","0242","16","LXND2508-16","LXCOLL_20250805_1_0242_1",40,"(35,40]","No","F","2","No","N",NA,"Proofed"
2025-08-05,"2025","Aug",Aug 2025,"LXN","0242","17","LXND2508-17","LXCOLL_20250805_1_0242_1",35.33,"(35,40]","No","F","2","No","N",NA,"Proofed"
2025-08-05,"2025","Aug",Aug 2025,"LXN","0242","18","LXND2508-18","LXCOLL_20250805_1_0242_1",37.3,"(35,40]","No","M","3","No","N",NA,"Proofed"
2025-08-05,"2025","Aug",Aug 2025,"LXN","0242","19","LXND2508-19","LXCOLL_20250805_1_0242_1",35.34,"(35,40]","No","F","2","Yes","N",NA,"Proofed"
2025-08-05,"2025","Aug",Aug 2025,"LXN","0242","20","LXND2508-20","LXCOLL_20250805_1_0242_1",26.63,"(25,30]","No","M","2","No","N",NA,"Proofed"
2025-08-05,"2025","Aug",Aug 2025,"LXN","0242","21","LXND2508-21","LXCOLL_20250805_1_0242_1",24.05,"(20,25]","No","Z","4","No","N","1 = mat","Proofed"
2025-08-05,"2025","Aug",Aug 2025,"LXN","0242","22","LXND2508-22","LXCOLL_20250805_1_0242_1",24.94,"(20,25]","No","M","2","No","N",NA,"Proofed"
2025-08-05,"2025","Aug",Aug 2025,"LXN","0242","23","LXND2508-23","LXCOLL_20250805_1_0242_1",14.61,"(10,15]","No","M","2","No","N",NA,"Proofed"
2025-08-05,"2025","Aug",Aug 2025,"LXN","0242","24","LXND2508-24","LXCOLL_20250805_1_0242_1",17.64,"(15,20]","No","Z","4","No","N","1 = mat","Proofed"
2025-08-05,"2025","Aug",Aug 2025,"LXN","0242","25","LXND2508-25","LXCOLL_20250805_1_0242_1",19.53,"(15,20]","No","M","2","No","N",NA,"Proofed"
2025-08-05,"2025","Aug",Aug 2025,"LXN","0242","26","LXND2508-26","LXCOLL_20250805_1_0242_1",13.32,"(10,15]","No","M","2","No","N",NA,"Proofed"
2025-08-05,"2025","Aug",Aug 2025,"LXN","0242","27","LXND2508-27","LXCOLL_20250805_1_0242_1",10.33,"(10,15]","No","M","2","No","N",NA,"Proofed"
2025-08-05,"2025","Aug",Aug 2025,"LXN","0243","28","LXND2508-28","LXCOLL_20250805_1_0243_1",43.57,"(40,45]","No","Z","Z","Buceph","Y","1=mat","Entered"
2025-08-05,"2025","Aug",Aug 2025,"LXN","0243","29","LXND2508-29","LXCOLL_20250805_1_0243_1",35.16,"(35,40]","No","F","2","No","N",NA,"Entered"
2025-08-05,"2025","Aug",Aug 2025,"LXN","0243","30","LXND2508-30","LXCOLL_20250805_1_0243_1",32.44,"(30,35]","No","F","2","No","N",NA,"Entered"
2025-08-05,"2025","Aug",Aug 2025,"LXN","0243","31","LXND2508-31","LXCOLL_20250805_1_0243_1",31.14,"(30,35]","No","F","2","No","N",NA,"Entered"
2025-08-05,"2025","Aug",Aug 2025,"LXN","0243","32","LXND2508-32","LXCOLL_20250805_1_0243_1",30.18,"(30,35]","No","M","2","No","N",NA,"Entered"
2025-08-05,"2025","Aug",Aug 2025,"LXN","0243","33","LXND2508-33","LXCOLL_20250805_1_0243_1",22.44,"(20,25]","No","M","2","No","N",NA,"Entered"
2025-08-05,"2025","Aug",Aug 2025,"LXN","0243","34","LXND2508-34","LXCOLL_20250805_1_0243_1",24.82,"(20,25]","No","M","2","No","N",NA,"Entered"
2025-08-05,"2025","Aug",Aug 2025,"LXN","0243","35","LXND2508-35","LXCOLL_20250805_1_0243_1",20.85,"(20,25]","No","M","2","No","N",NA,"Entered"
2025-08-05,"2025","Aug",Aug 2025,"LXN","0243","36","LXND2508-36","LXCOLL_20250805_1_0243_1",14.97,"(10,15]","No","Z","Z","No","Y",NA,"Entered"
2025-08-05,"2025","Aug",Aug 2025,"LXN","0243","37","LXND2508-37","LXCOLL_20250805_1_0243_1",17.64,"(15,20]","No","M","2","No","N",NA,"Entered"
2025-08-05,"2025","Aug",Aug 2025,"LXN","0243","38","LXND2508-38","LXCOLL_20250805_1_0243_1",15.47,"(15,20]","No","Z","4","No","N","1=mat","Entered"
2025-08-05,"2025","Aug",Aug 2025,"LXN","0243","39","LXND2508-39","LXCOLL_20250805_1_0243_1",11.81,"(10,15]","No","M","2","No","N",NA,"Entered"
2025-08-05,"2025","Aug",Aug 2025,"LXN","0243","40","LXND2508-40","LXCOLL_20250805_1_0243_1",10.55,"(10,15]","No","Z","4","No","N","0=imm","Entered"
2025-08-05,"2025","Aug",Aug 2025,"LXN","0244","41","LXND2508-41","LXCOLL_20250805_1_0244_1",36.54,"(35,40]","No","F","2","Yes","N",NA,"Proofed"
2025-08-05,"2025","Aug",Aug 2025,"LXN","0244","42","LXND2508-42","LXCOLL_20250805_1_0244_1",36.19,"(35,40]","No","M","2","No","N",NA,"Proofed"
2025-08-05,"2025","Aug",Aug 2025,"LXN","0244","43","LXND2508-43","LXCOLL_20250805_1_0244_1",36.96,"(35,40]","No","M","2","No","N",NA,"Proofed"
2025-08-05,"2025","Aug",Aug 2025,"LXN","0244","44","LXND2508-44","LXCOLL_20250805_1_0244_1",32.24,"(30,35]","No","F","2","Yes","N",NA,"Proofed"
2025-08-05,"2025","Aug",Aug 2025,"LXN","0244","45","LXND2508-45","LXCOLL_20250805_1_0244_1",30.81,"(30,35]","No","M","2","Yes","N",NA,"Proofed"
2025-08-05,"2025","Aug",Aug 2025,"LXN","0244","46","LXND2508-46","LXCOLL_20250805_1_0244_1",21.65,"(20,25]","No","M","2","Yes","N",NA,"Proofed"
2025-08-05,"2025","Aug",Aug 2025,"LXN","0244","47","LXND2508-47","LXCOLL_20250805_1_0244_1",19.38,"(15,20]","No","M","2","Yes","N",NA,"Proofed"
2025-08-05,"2025","Aug",Aug 2025,"LXN","0244","48","LXND2508-48","LXCOLL_20250805_1_0244_1",20.48,"(20,25]","No","M","2","No","N",NA,"Proofed"
2025-08-05,"2025","Aug",Aug 2025,"LXN","0244","49","LXND2508-49","LXCOLL_20250805_1_0244_1",12.07,"(10,15]","No","Z","4","No","N","0 = imm","Proofed"
2025-08-05,"2025","Aug",Aug 2025,"LXN","0244","50","LXND2508-50","LXCOLL_20250805_1_0244_1",12.41,"(10,15]","No","M","2","No","N",NA,"Proofed"
2025-08-05,"2025","Aug",Aug 2025,"LXN","0244","51","LXND2508-51","LXCOLL_20250805_1_0244_1",12.11,"(10,15]","No","M","2","No","N",NA,"Proofed"
2025-08-05,"2025","Aug",Aug 2025,"LXN","0244","52","LXND2508-52","LXCOLL_20250805_1_0244_1",8.58,"(5,10]","No","Z","4","No","N","0 = imm","Proofed"
2023-05-02,"2023","May",May 2023,"LXS","0246","01","LXSD2305-01","LXCOLL_20230502_1_0246_1",29.29,"(25,30]","No","F","2","No","N",NA,"Entered"
2023-05-02,"2023","May",May 2023,"LXS","0246","02","LXSD2305-02","LXCOLL_20230502_1_0246_1",44.88,"(40,45]","No","F","2","No","N",NA,"Entered"
2023-05-02,"2023","May",May 2023,"LXS","0246","03","LXSD2305-03","LXCOLL_20230502_1_0246_1",46.37,"(45,50]","No","M","2","No","N",NA,"Entered"
2023-05-02,"2023","May",May 2023,"LXS","0246","05","LXSD2305-05","LXCOLL_20230502_1_0246_1",48.72,"(45,50]","No","M","2","No","N",NA,"Entered"
2023-05-02,"2023","May",May 2023,"LXS","0247","06","LXSD2305-06","LXCOLL_20230502_1_0247_1",43.57,"(40,45]","No","F","2","No","N",NA,"Entered"
2023-05-02,"2023","May",May 2023,"LXS","0247","07","LXSD2305-07","LXCOLL_20230502_1_0247_1",41.02,"(40,45]","No","F","2","No","N",NA,"Entered"
2023-05-02,"2023","May",May 2023,"LXS","0247","08","LXSD2305-08","LXCOLL_20230502_1_0247_1",69.34,"(65,70]","No","M","2","No","N",NA,"Entered"
2023-05-02,"2023","May",May 2023,"LXS","0247","09","LXSD2305-09","LXCOLL_20230502_1_0247_1",55.07,"(55,60]","No","F","2","No","N",NA,"Entered"
2023-05-02,"2023","May",May 2023,"LXS","0247","10","LXSD2305-10","LXCOLL_20230502_1_0247_1",70.37,"(70,75]","No","Z","4","No","N",NA,"Entered"
2023-05-02,"2023","May",May 2023,"LXS","0249","11","LXSD2305-11","LXCOLL_20230502_1_0249_1",73.5,"(70,75]","No","F","2","No","N",NA,"Entered"
2023-05-02,"2023","May",May 2023,"LXS","0249","12","LXSD2305-12","LXCOLL_20230502_1_0249_1",77.09,"(75,80]","No","M","2","No","N",NA,"Entered"
2023-05-02,"2023","May",May 2023,"LXS","0249","13","LXSD2305-13","LXCOLL_20230502_1_0249_1",61.37,"(60,65]","No","M","2","No","N",NA,"Entered"
2023-05-02,"2023","May",May 2023,"LXS","0249","14","LXSD2305-14","LXCOLL_20230502_1_0249_1",44.57,"(40,45]","No","F","2","No","N",NA,"Entered"
2023-05-02,"2023","May",May 2023,"LXS","0249","15","LXSD2305-15","LXCOLL_20230502_1_0249_1",63.63,"(60,65]","No","F","2","No","N",NA,"Entered"
2023-06-06,"2023","Jun",Jun 2023,"LXS","0246","01","LXSD2306-01","LXCOLL_20230606_1_0246_1",68.09,"(65,70]","No","Z","Z","No","Y","No slide","Entered"
2023-06-06,"2023","Jun",Jun 2023,"LXS","0246","02","LXSD2306-02","LXCOLL_20230606_1_0246_1",51.99,"(50,55]","No","F","2","No","N",NA,"Entered"
2023-06-06,"2023","Jun",Jun 2023,"LXS","0246","03","LXSD2306-03","LXCOLL_20230606_1_0246_1",40.12,"(40,45]","No","F","2","No","N",NA,"Entered"
2023-06-06,"2023","Jun",Jun 2023,"LXS","0246","04","LXSD2306-04","LXCOLL_20230606_1_0246_1",44.46,"(40,45]","No","F","2","No","N",NA,"Entered"
2023-06-06,"2023","Jun",Jun 2023,"LXS","0246","05","LXSD2306-05","LXCOLL_20230606_1_0246_1",46.12,"(45,50]","No","F","2","No","N",NA,"Entered"
2023-06-06,"2023","Jun",Jun 2023,"LXS","0247","06","LXSD2306-06","LXCOLL_20230606_1_0247_1",47.35,"(45,50]","No","F","2","No","N",NA,"Entered"
2023-06-06,"2023","Jun",Jun 2023,"LXS","0247","07","LXSD2306-07","LXCOLL_20230606_1_0247_1",32.68,"(30,35]","No","M","2","Yes","N",NA,"Entered"
2023-06-06,"2023","Jun",Jun 2023,"LXS","0247","08","LXSD2306-08","LXCOLL_20230606_1_0247_1",56.36,"(55,60]","No","F","2","No","N",NA,"Entered"
2023-06-06,"2023","Jun",Jun 2023,"LXS","0247","09","LXSD2306-09","LXCOLL_20230606_1_0247_1",34.46,"(30,35]","No","M","2","No","N",NA,"Entered"
2023-06-06,"2023","Jun",Jun 2023,"LXS","0247","10","LXSD2306-10","LXCOLL_20230606_1_0247_1",72.43,"(70,75]","No","Z","Z","No","Y",NA,"Entered"
2023-06-06,"2023","Jun",Jun 2023,"LXS","0249","11","LXSD2306-11","LXCOLL_20230606_1_0249_1",73.04,"(70,75]","No","F","2","No","N",NA,"Entered"
2023-06-06,"2023","Jun",Jun 2023,"LXS","0249","12","LXSD2306-12","LXCOLL_20230606_1_0249_1",66.76,"(65,70]","No","F","2","No","N",NA,"Entered"
2023-06-06,"2023","Jun",Jun 2023,"LXS","0249","13","LXSD2306-13","LXCOLL_20230606_1_0249_1",54.84,"(50,55]","No","F","2","No","N",NA,"Entered"
2023-06-06,"2023","Jun",Jun 2023,"LXS","0249","14","LXSD2306-14","LXCOLL_20230606_1_0249_1",53.59,"(50,55]","No","M","2","No","N",NA,"Entered"
2023-06-06,"2023","Jun",Jun 2023,"LXS","0249","15","LXSD2306-15","LXCOLL_20230606_1_0249_1",53.72,"(50,55]","No","M","2","No","N",NA,"Entered"
2023-10-03,"2023","Oct",Oct 2023,"LXS","0246","01","LXSD2310-01","LXCOLL_20231003_1_0246_1",42.28,"(40,45]","No","M","2","No","N",NA,"Entered"
2023-10-03,"2023","Oct",Oct 2023,"LXS","0246","02","LXSD2310-02","LXCOLL_20231003_1_0246_1",66.72,"(65,70]","No","F","2","No","N",NA,"Entered"
2023-10-03,"2023","Oct",Oct 2023,"LXS","0246","03","LXSD2310-03","LXCOLL_20231003_1_0246_1",58.78,"(55,60]","No","F","2","No","N",NA,"Entered"
2023-10-03,"2023","Oct",Oct 2023,"LXS","0246","04","LXSD2310-04","LXCOLL_20231003_1_0246_1",47.9,"(45,50]","No","F","2","No","N",NA,"Entered"
2023-10-03,"2023","Oct",Oct 2023,"LXS","0246","05","LXSD2310-05","LXCOLL_20231003_1_0246_1",46.64,"(45,50]","No","F","2","No","N",NA,"Entered"
2023-10-03,"2023","Oct",Oct 2023,"LXS","0247","06","LXSD2310-06","LXCOLL_20231003_1_0247_1",63.68,"(60,65]","No","F","2","Yes","N",NA,"Entered"
2023-10-03,"2023","Oct",Oct 2023,"LXS","0247","07","LXSD2310-07","LXCOLL_20231003_1_0247_1",54.22,"(50,55]","No","F","2","No","N",NA,"Entered"
2023-10-03,"2023","Oct",Oct 2023,"LXS","0247","08","LXSD2310-08","LXCOLL_20231003_1_0247_1",51.21,"(50,55]","No","F","2","No","N",NA,"Entered"
2023-10-03,"2023","Oct",Oct 2023,"LXS","0247","09","LXSD2310-09","LXCOLL_20231003_1_0247_1",44.1,"(40,45]","No","F","2","Yes","N",NA,"Entered"
2023-10-03,"2023","Oct",Oct 2023,"LXS","0247","10","LXSD2310-10","LXCOLL_20231003_1_0247_1",56.73,"(55,60]","No","F","2","No","N",NA,"Entered"
2023-10-03,"2023","Oct",Oct 2023,"LXS","0249","11","LXSD2310-11","LXCOLL_20231003_1_0249_1",71.99,"(70,75]","No","F","2","No","N",NA,"Entered"
2023-10-03,"2023","Oct",Oct 2023,"LXS","0249","12","LXSD2310-12","LXCOLL_20231003_1_0249_1",68.7,"(65,70]","No","M","2","No","N",NA,"Entered"
2023-10-03,"2023","Oct",Oct 2023,"LXS","0249","13","LXSD2310-13","LXCOLL_20231003_1_0249_1",71.06,"(70,75]","No","M","2","No","N",NA,"Entered"
2023-10-03,"2023","Oct",Oct 2023,"LXS","0249","14","LXSD2310-14","LXCOLL_20231003_1_0249_1",73.62,"(70,75]","No","F","2","No","N",NA,"Entered"
2023-10-03,"2023","Oct",Oct 2023,"LXS","0249","15","LXSD2310-15","LXCOLL_20231003_1_0249_1",81.99,"(80,85]","No","F","2","Yes","N",NA,"Entered"
2025-08-05,"2025","Aug",Aug 2025,"LXS","0246","01","LXSD2508-01","LXCOLL_20250805_1_0246_1",43.65,"(40,45]","No","F","2","No","N",NA,"Proofed"
2025-08-05,"2025","Aug",Aug 2025,"LXS","0246","02","LXSD2508-02","LXCOLL_20250805_1_0246_1",51.89,"(50,55]","No","F","2","No","N",NA,"Proofed"
2025-08-05,"2025","Aug",Aug 2025,"LXS","0246","03","LXSD2508-03","LXCOLL_20250805_1_0246_1",49.73,"(45,50]","No","F","2","Yes","N",NA,"Proofed"
2025-08-05,"2025","Aug",Aug 2025,"LXS","0246","04","LXSD2508-04","LXCOLL_20250805_1_0246_1",61.2,"(60,65]","No","F","2","No","N",NA,"Proofed"
2025-08-05,"2025","Aug",Aug 2025,"LXS","0246","05","LXSD2508-05","LXCOLL_20250805_1_0246_1",32.02,"(30,35]","No","F","2","No","N",NA,"Proofed"
2025-08-05,"2025","Aug",Aug 2025,"LXS","0247","06","LXSD2508-06","LXCOLL_20250805_1_0247_1",51.44,"(50,55]","No","F","2","No","N",NA,"Proofed"
2025-08-05,"2025","Aug",Aug 2025,"LXS","0247","07","LXSD2508-07","LXCOLL_20250805_1_0247_1",44.53,"(40,45]","No","M","2","Yes","N",NA,"Proofed"
2025-08-05,"2025","Aug",Aug 2025,"LXS","0247","08","LXSD2508-08","LXCOLL_20250805_1_0247_1",48.74,"(45,50]","No","F","2","No","N",NA,"Proofed"
2025-08-05,"2025","Aug",Aug 2025,"LXS","0247","09","LXSD2508-09","LXCOLL_20250805_1_0247_1",59.21,"(55,60]","No","M","2","No","N",NA,"Proofed"
2025-08-05,"2025","Aug",Aug 2025,"LXS","0247","10","LXSD2508-10","LXCOLL_20250805_1_0247_1",52.65,"(50,55]","No","F","2","No","N",NA,"Proofed"
2025-08-05,"2025","Aug",Aug 2025,"LXS","0249","11","LXSD2508-11","LXCOLL_20250805_1_0249_1",68.96,"(65,70]","No","F","2","Yes","N",NA,"Proofed"
2025-08-05,"2025","Aug",Aug 2025,"LXS","0249","12","LXSD2508-12","LXCOLL_20250805_1_0249_1",58.22,"(55,60]","No","M","2","No","N",NA,"Proofed"
2025-08-05,"2025","Aug",Aug 2025,"LXS","0249","13","LXSD2508-13","LXCOLL_20250805_1_0249_1",44.33,"(40,45]","No","M","2","No","N",NA,"Proofed"
2025-08-05,"2025","Aug",Aug 2025,"LXS","0249","14","LXSD2508-14","LXCOLL_20250805_1_0249_1",35.8,"(35,40]","No","F","2","No","N",NA,"Proofed"
2025-08-05,"2025","Aug",Aug 2025,"LXS","0249","15","LXSD2508-15","LXCOLL_20250805_1_0249_1",36.37,"(35,40]","No","F","2","No","N",NA,"Proofed"
2025-10-07,"2025","Oct",Oct 2025,"LXN","0242","01","LXND2510-01","LXCOLL_20251007_1_0242_1",55.64,"(55,60]","No","F","2","No","N",NA,"Proofed"
2025-10-07,"2025","Oct",Oct 2025,"LXN","0242","02","LXND2510-02","LXCOLL_20251007_1_0242_1",57.68,"(55,60]","No","F","2","Yes","N",NA,"Proofed"
2025-10-07,"2025","Oct",Oct 2025,"LXN","0242","03","LXND2510-03","LXCOLL_20251007_1_0242_1",60.64,"(60,65]","No","F","3","Yes","N",NA,"Proofed"
2025-10-07,"2025","Oct",Oct 2025,"LXN","0242","04","LXND2510-04","LXCOLL_20251007_1_0242_1",46.01,"(45,50]","No","F","2","Yes","N",NA,"Proofed"
2025-10-07,"2025","Oct",Oct 2025,"LXN","0243","06","LXND2510-06","LXCOLL_20251007_1_0243_1",67.85,"(65,70]","No","F","2","No","N",NA,"Proofed"
2025-10-07,"2025","Oct",Oct 2025,"LXN","0243","07","LXND2510-07","LXCOLL_20251007_1_0243_1",76.82,"(75,80]","No","F","2","No","N",NA,"Proofed"
2025-10-07,"2025","Oct",Oct 2025,"LXN","0243","08","LXND2510-08","LXCOLL_20251007_1_0243_1",64.55,"(60,65]","No","M","2","Yes","N",NA,"Proofed"
2025-10-07,"2025","Oct",Oct 2025,"LXN","0243","09","LXND2510-09","LXCOLL_20251007_1_0243_1",59.82,"(55,60]","No","F","2","No","N",NA,"Proofed"
2025-10-07,"2025","Oct",Oct 2025,"LXN","0243","10","LXND2510-10","LXCOLL_20251007_1_0243_1",48.51,"(45,50]","No","F","2","No","N",NA,"Proofed"
2025-10-07,"2025","Oct",Oct 2025,"LXN","0244","11","LXND2510-11","LXCOLL_20251007_1_0244_1",59.01,"(55,60]","No","F","2","No","N",NA,"Proofed"
2025-10-07,"2025","Oct",Oct 2025,"LXN","0244","12","LXND2510-12","LXCOLL_20251007_1_0244_1",40.28,"(40,45]","No","F","2","Yes","N",NA,"Proofed"
2025-10-07,"2025","Oct",Oct 2025,"LXN","0244","13","LXND2510-13","LXCOLL_20251007_1_0244_1",50.58,"(50,55]","No","F","2","No","N",NA,"Proofed"
2025-10-07,"2025","Oct",Oct 2025,"LXN","0244","14","LXND2510-14","LXCOLL_20251007_1_0244_1",40.02,"(40,45]","No","F","2","No","N",NA,"Proofed"
2025-10-07,"2025","Oct",Oct 2025,"LXN","0244","15","LXND2510-15","LXCOLL_20251007_1_0244_1",50.46,"(50,55]","No","F","2","No","N",NA,"Proofed"
2025-10-07,"2025","Oct",Oct 2025,"LXN","0242","16","LXND2510-16","LXCOLL_20251007_1_0242_1",35.16,"(35,40]","No","F","2","No","N",NA,"Proofed"
2025-10-07,"2025","Oct",Oct 2025,"LXN","0242","17","LXND2510-17","LXCOLL_20251007_1_0242_1",36.13,"(35,40]","No","F","2","No","N",NA,"Proofed"
2025-10-07,"2025","Oct",Oct 2025,"LXN","0242","18","LXND2510-18","LXCOLL_20251007_1_0242_1",32.86,"(30,35]","No","M","2","No","N",NA,"Proofed"
2025-10-07,"2025","Oct",Oct 2025,"LXN","0242","19","LXND2510-19","LXCOLL_20251007_1_0242_1",29.22,"(25,30]","No","M","2","No","N",NA,"Proofed"
2025-10-07,"2025","Oct",Oct 2025,"LXN","0242","20","LXND2510-20","LXCOLL_20251007_1_0242_1",25.6,"(25,30]","No","M","2","No","N",NA,"Proofed"
2025-10-07,"2025","Oct",Oct 2025,"LXN","0242","21","LXND2510-21","LXCOLL_20251007_1_0242_1",25.79,"(25,30]","No","F","2","No","N",NA,"Proofed"
2025-10-07,"2025","Oct",Oct 2025,"LXN","0242","22","LXND2510-22","LXCOLL_20251007_1_0242_1",26.12,"(25,30]","No","F","2","No","N",NA,"Proofed"
2025-10-07,"2025","Oct",Oct 2025,"LXN","0242","23","LXND2510-23","LXCOLL_20251007_1_0242_1",22.56,"(20,25]","No","M","2","No","N",NA,"Proofed"
2025-10-07,"2025","Oct",Oct 2025,"LXN","0242","24","LXND2510-24","LXCOLL_20251007_1_0242_1",19.85,"(15,20]","No","Z","4","No","N","1 = mat","Proofed"
2025-10-07,"2025","Oct",Oct 2025,"LXN","0242","25","LXND2510-25","LXCOLL_20251007_1_0242_1",17.95,"(15,20]","No","M","2","No","N",NA,"Proofed"
2025-10-07,"2025","Oct",Oct 2025,"LXN","0242","26","LXND2510-26","LXCOLL_20251007_1_0242_1",16.53,"(15,20]","No","Z","4","No","N","1 = mat","Proofed"
2025-10-07,"2025","Oct",Oct 2025,"LXN","0242","27","LXND2510-27","LXCOLL_20251007_1_0242_1",14.51,"(10,15]","No","M","2","Yes","N",NA,"Proofed"
2025-10-07,"2025","Oct",Oct 2025,"LXN","0242","28","LXND2510-28","LXCOLL_20251007_1_0242_1",9.06,"(5,10]","No","M","2","No","N",NA,"Proofed"
2025-10-07,"2025","Oct",Oct 2025,"LXN","0243","29","LXND2510-29","LXCOLL_20251007_1_0243_1",35.87,"(35,40]","No","F","2","No","N",NA,"Proofed"
2025-10-07,"2025","Oct",Oct 2025,"LXN","0243","30","LXND2510-30","LXCOLL_20251007_1_0243_1",35.41,"(35,40]","No","M","2","No","N",NA,"Proofed"
2025-10-07,"2025","Oct",Oct 2025,"LXN","0243","31","LXND2510-31","LXCOLL_20251007_1_0243_1",33.42,"(30,35]","No","M","2","No","N",NA,"Proofed"
2025-10-07,"2025","Oct",Oct 2025,"LXN","0243","32","LXND2510-32","LXCOLL_20251007_1_0243_1",25.81,"(25,30]","No","M","2","No","N",NA,"Proofed"
2025-10-07,"2025","Oct",Oct 2025,"LXN","0243","33","LXND2510-33","LXCOLL_20251007_1_0243_1",24.98,"(20,25]","No","M","2","No","N",NA,"Proofed"
2025-10-07,"2025","Oct",Oct 2025,"LXN","0243","34","LXND2510-34","LXCOLL_20251007_1_0243_1",22.6,"(20,25]","No","M","3","No","N",NA,"Proofed"
2025-10-07,"2025","Oct",Oct 2025,"LXN","0243","35","LXND2510-35","LXCOLL_20251007_1_0243_1",22.7,"(20,25]","No","M","2","No","N",NA,"Proofed"
2025-10-07,"2025","Oct",Oct 2025,"LXN","0243","36","LXND2510-36","LXCOLL_20251007_1_0243_1",17.7,"(15,20]","No","M","2","No","N",NA,"Proofed"
2025-10-07,"2025","Oct",Oct 2025,"LXN","0243","37","LXND2510-37","LXCOLL_20251007_1_0243_1",19.45,"(15,20]","No","M","3","No","N",NA,"Proofed"
2025-10-07,"2025","Oct",Oct 2025,"LXN","0243","38","LXND2510-38","LXCOLL_20251007_1_0243_1",18.77,"(15,20]","No","M","3","No","N",NA,"Proofed"
2025-10-07,"2025","Oct",Oct 2025,"LXN","0244","39","LXND2510-39","LXCOLL_20251007_1_0244_1",37.1,"(35,40]","No","F","2","No","N",NA,"Proofed"
2025-10-07,"2025","Oct",Oct 2025,"LXN","0244","40","LXND2510-40","LXCOLL_20251007_1_0244_1",28.62,"(25,30]","No","F","1","No","N",NA,"Proofed"
2025-10-07,"2025","Oct",Oct 2025,"LXN","0244","41","LXND2510-41","LXCOLL_20251007_1_0244_1",29.54,"(25,30]","No","M","2","No","N",NA,"Proofed"
2025-10-07,"2025","Oct",Oct 2025,"LXN","0244","42","LXND2510-42","LXCOLL_20251007_1_0244_1",27.77,"(25,30]","No","M","2","No","N",NA,"Proofed"
2025-10-07,"2025","Oct",Oct 2025,"LXN","0244","43","LXND2510-43","LXCOLL_20251007_1_0244_1",28.36,"(25,30]","No","M","2","No","N",NA,"Proofed"
2025-10-07,"2025","Oct",Oct 2025,"LXN","0244","44","LXND2510-44","LXCOLL_20251007_1_0244_1",24.99,"(20,25]","No","Z","4","No","N","1 = mat","Proofed"
2025-10-07,"2025","Oct",Oct 2025,"LXN","0244","45","LXND2510-45","LXCOLL_20251007_1_0244_1",23.84,"(20,25]","No","M","2","No","N",NA,"Proofed"
2025-10-07,"2025","Oct",Oct 2025,"LXN","0244","46","LXND2510-46","LXCOLL_20251007_1_0244_1",20.41,"(20,25]","No","M","2","No","N",NA,"Proofed"
2025-10-07,"2025","Oct",Oct 2025,"LXN","0244","47","LXND2510-47","LXCOLL_20251007_1_0244_1",24.05,"(20,25]","No","F","2","No","N",NA,"Proofed"
2025-10-07,"2025","Oct",Oct 2025,"LXN","0244","48","LXND2510-48","LXCOLL_20251007_1_0244_1",24.52,"(20,25]","No","M","2","No","N",NA,"Proofed"
2025-10-07,"2025","Oct",Oct 2025,"LXN","0244","49","LXND2510-49","LXCOLL_20251007_1_0244_1",18.4,"(15,20]","No","M","2","No","N",NA,"Proofed"
2025-10-07,"2025","Oct",Oct 2025,"LXN","0244","50","LXND2510-50","LXCOLL_20251007_1_0244_1",15.79,"(15,20]","No","M","2","No","N",NA,"Proofed"
2025-11-04,"2025","Nov",Nov 2025,"LXN","0242","01","LXND2511-01","LXCOLL_20251104_1_0242_1",53.21,"(50,55]","No","Z","4","No","N",NA,"Proofed"
2025-11-04,"2025","Nov",Nov 2025,"LXN","0242","02","LXND2511-02","LXCOLL_20251104_1_0242_1",59.04,"(55,60]","No","M","3","No","N",NA,"Proofed"
2025-11-04,"2025","Nov",Nov 2025,"LXN","0242","03","LXND2511-03","LXCOLL_20251104_1_0242_1",44.21,"(40,45]","No","F","2","No","N",NA,"Proofed"
2025-11-04,"2025","Nov",Nov 2025,"LXN","0242","04","LXND2511-04","LXCOLL_20251104_1_0242_1",45.55,"(45,50]","No","F","2","Yes","N",NA,"Proofed"
2025-11-04,"2025","Nov",Nov 2025,"LXN","0242","05","LXND2511-05","LXCOLL_20251104_1_0242_1",50.11,"(50,55]","No","F","3","No","N",NA,"Proofed"
2025-11-04,"2025","Nov",Nov 2025,"LXN","0243","06","LXND2511-06","LXCOLL_20251104_1_0243_1",85.81,"(85,90]","No","F","1","No","N",NA,"Proofed"
2025-11-04,"2025","Nov",Nov 2025,"LXN","0243","07","LXND2511-07","LXCOLL_20251104_1_0243_1",60.72,"(60,65]","No","F","3","No","N",NA,"Proofed"
2025-11-04,"2025","Nov",Nov 2025,"LXN","0243","08","LXND2511-08","LXCOLL_20251104_1_0243_1",59.36,"(55,60]","No","Z","4","No","N",NA,"Proofed"
2025-11-04,"2025","Nov",Nov 2025,"LXN","0243","09","LXND2511-09","LXCOLL_20251104_1_0243_1",67.85,"(65,70]","No","Z","4","Yes","N",NA,"Proofed"
2025-11-04,"2025","Nov",Nov 2025,"LXN","0243","10","LXND2511-10","LXCOLL_20251104_1_0243_1",73.8,"(70,75]","No","F","3","Yes","N",NA,"Proofed"
2025-11-04,"2025","Nov",Nov 2025,"LXN","0244","11","LXND2511-11","LXCOLL_20251104_1_0244_1",63.96,"(60,65]","No","F","1","Yes","N",NA,"Proofed"
2025-11-04,"2025","Nov",Nov 2025,"LXN","0244","12","LXND2511-12","LXCOLL_20251104_1_0244_1",58.48,"(55,60]","No","F","3","Yes","N",NA,"Proofed"
2025-11-04,"2025","Nov",Nov 2025,"LXN","0244","13","LXND2511-13","LXCOLL_20251104_1_0244_1",47.04,"(45,50]","No","F","2","No","N",NA,"Proofed"
2025-11-04,"2025","Nov",Nov 2025,"LXN","0244","14","LXND2511-14","LXCOLL_20251104_1_0244_1",57.75,"(55,60]","No","F","3","No","N",NA,"Proofed"
2025-11-04,"2025","Nov",Nov 2025,"LXN","0244","15","LXND2511-15","LXCOLL_20251104_1_0244_1",59.05,"(55,60]","No","F","2","Yes","N",NA,"Proofed"
2025-11-04,"2025","Nov",Nov 2025,"LXN","0242","16","LXND2511-16","LXCOLL_20251104_1_0242_1",40.84,"(40,45]","No","Z","4","Yes","N","1=mat","Proofed"
2025-11-04,"2025","Nov",Nov 2025,"LXN","0242","17","LXND2511-17","LXCOLL_20251104_1_0242_1",30.8,"(30,35]","No","Z","4","Yes","N","1=mat","Proofed"
2025-11-04,"2025","Nov",Nov 2025,"LXN","0242","18","LXND2511-18","LXCOLL_20251104_1_0242_1",22.91,"(20,25]","No","M","2","No","N",NA,"Proofed"
2025-11-04,"2025","Nov",Nov 2025,"LXN","0242","19","LXND2511-19","LXCOLL_20251104_1_0242_1",25.49,"(25,30]","No","Z","4","No","N","1=mat","Proofed"
2025-11-04,"2025","Nov",Nov 2025,"LXN","0242","20","LXND2511-20","LXCOLL_20251104_1_0242_1",21.12,"(20,25]","No","M","3","Yes","N",NA,"Proofed"
2025-11-04,"2025","Nov",Nov 2025,"LXN","0242","21","LXND2511-21","LXCOLL_20251104_1_0242_1",16.05,"(15,20]","No","M","2","No","N",NA,"Proofed"
2025-11-04,"2025","Nov",Nov 2025,"LXN","0242","22","LXND2511-22","LXCOLL_20251104_1_0242_1",19.72,"(15,20]","No","M","2","No","N",NA,"Proofed"
2025-11-04,"2025","Nov",Nov 2025,"LXN","0242","23","LXND2511-23","LXCOLL_20251104_1_0242_1",12.91,"(10,15]","No","M","2","No","N",NA,"Proofed"
2025-11-04,"2025","Nov",Nov 2025,"LXN","0242","24","LXND2511-24","LXCOLL_20251104_1_0242_1",12.02,"(10,15]","No","Z","4","No","N","1=mat","Proofed"
2025-11-04,"2025","Nov",Nov 2025,"LXN","0242","25","LXND2511-25","LXCOLL_20251104_1_0242_1",9.35,"(5,10]","No","Z","4","No","N","0=imm","Proofed"
2025-11-04,"2025","Nov",Nov 2025,"LXN","0243","26","LXND2511-26","LXCOLL_20251104_1_0243_1",36.4,"(35,40]","No","Z","4","No","N","1=mat","Proofed"
2025-11-04,"2025","Nov",Nov 2025,"LXN","0243","27","LXND2511-27","LXCOLL_20251104_1_0243_1",23.91,"(20,25]","No","M","3","No","N",NA,"Proofed"
2025-11-04,"2025","Nov",Nov 2025,"LXN","0243","28","LXND2511-28","LXCOLL_20251104_1_0243_1",24.5,"(20,25]","No","M","2","No","N",NA,"Proofed"
2025-11-04,"2025","Nov",Nov 2025,"LXN","0243","29","LXND2511-29","LXCOLL_20251104_1_0243_1",24.64,"(20,25]","No","Z","4","No","N","1=mat","Proofed"
2025-11-04,"2025","Nov",Nov 2025,"LXN","0243","30","LXND2511-30","LXCOLL_20251104_1_0243_1",25.52,"(25,30]","No","Z","4","No","N","1=mat","Proofed"
2025-11-04,"2025","Nov",Nov 2025,"LXN","0243","31","LXND2511-31","LXCOLL_20251104_1_0243_1",26.63,"(25,30]","No","M","2","No","N",NA,"Proofed"
2025-11-04,"2025","Nov",Nov 2025,"LXN","0243","32","LXND2511-32","LXCOLL_20251104_1_0243_1",18.56,"(15,20]","No","M","2","No","N",NA,"Proofed"
2025-11-04,"2025","Nov",Nov 2025,"LXN","0243","33","LXND2511-33","LXCOLL_20251104_1_0243_1",20.6,"(20,25]","No","M","2","No","N",NA,"Proofed"
2025-11-04,"2025","Nov",Nov 2025,"LXN","0243","34","LXND2511-34","LXCOLL_20251104_1_0243_1",17.89,"(15,20]","No","Z","4","No","N","1=mat","Proofed"
2025-11-04,"2025","Nov",Nov 2025,"LXN","0243","35","LXND2511-35","LXCOLL_20251104_1_0243_1",13.24,"(10,15]","No","M","2","Yes","N",NA,"Proofed"
2025-11-04,"2025","Nov",Nov 2025,"LXN","0244","36","LXND2511-36","LXCOLL_20251104_1_0244_1",41.17,"(40,45]","No","M","3","Yes","N",NA,"Proofed"
2025-11-04,"2025","Nov",Nov 2025,"LXN","0244","37","LXND2511-37","LXCOLL_20251104_1_0244_1",26.29,"(25,30]","No","Z","4","No","N","1=mat","Proofed"
2025-11-04,"2025","Nov",Nov 2025,"LXN","0244","38","LXND2511-38","LXCOLL_20251104_1_0244_1",22.48,"(20,25]","No","F","2","No","N",NA,"Proofed"
2025-11-04,"2025","Nov",Nov 2025,"LXN","0244","39","LXND2511-39","LXCOLL_20251104_1_0244_1",24.16,"(20,25]","No","Z","4","No","N","1=mat","Proofed"
2025-11-04,"2025","Nov",Nov 2025,"LXN","0244","40","LXND2511-40","LXCOLL_20251104_1_0244_1",21.98,"(20,25]","No","F","2","No","N",NA,"Proofed"
2025-11-04,"2025","Nov",Nov 2025,"LXN","0244","41","LXND2511-41","LXCOLL_20251104_1_0244_1",21.52,"(20,25]","No","M","2","No","N","Missing a small chunk of slide","Proofed"
2025-11-04,"2025","Nov",Nov 2025,"LXN","0244","42","LXND2511-42","LXCOLL_20251104_1_0244_1",14.81,"(10,15]","No","Z","4","No","N","1=mat","Proofed"
2025-11-04,"2025","Nov",Nov 2025,"LXN","0244","43","LXND2511-43","LXCOLL_20251104_1_0244_1",15.94,"(15,20]","No","Z","4","No","N","1=mat","Proofed"
2025-11-04,"2025","Nov",Nov 2025,"LXN","0244","44","LXND2511-44","LXCOLL_20251104_1_0244_1",16.54,"(15,20]","No","M","2","No","N",NA,"Proofed"
2025-11-04,"2025","Nov",Nov 2025,"LXN","0244","45","LXND2511-45","LXCOLL_20251104_1_0244_1",11.77,"(10,15]","No","Z","Z","No","Y",NA,"Proofed"
2025-11-04,"2025","Nov",Nov 2025,"LXN","0244","46","LXND2511-46","LXCOLL_20251104_1_0244_1",10.28,"(10,15]","No","Z","Z","Yes","Y",NA,"Proofed"
2025-11-04,"2025","Nov",Nov 2025,"LXN","0244","47","LXND2511-47","LXCOLL_20251104_1_0244_1",8.5,"(5,10]","No","Z","Z","No","Y",NA,"Proofed"
2025-12-02,"2025","Dec",Dec 2025,"LXN","0242","01","LXND2512-01","LXCOLL_20251202_1_0242_1",47.22,"(45,50]","No","F","2","No","N",NA,"Proofed"
2025-12-02,"2025","Dec",Dec 2025,"LXN","0242","02","LXND2512-02","LXCOLL_20251202_1_0242_1",78.35,"(75,80]","No","F","3","No","N",NA,"Proofed"
2025-12-02,"2025","Dec",Dec 2025,"LXN","0242","03","LXND2512-03","LXCOLL_20251202_1_0242_1",48.75,"(45,50]","No","M","2","No","N",NA,"Proofed"
2025-12-02,"2025","Dec",Dec 2025,"LXN","0242","04","LXND2512-04","LXCOLL_20251202_1_0242_1",46.42,"(45,50]","No","F","2","No","N",NA,"Proofed"
2025-12-02,"2025","Dec",Dec 2025,"LXN","0242","05","LXND2512-05","LXCOLL_20251202_1_0242_1",52.51,"(50,55]","No","Z","4","No","N",NA,"Proofed"
2025-12-02,"2025","Dec",Dec 2025,"LXN","0243","06","LXND2512-06","LXCOLL_20251202_1_0243_1",54.88,"(50,55]","No","Z","4","Yes","N",NA,"Proofed"
2025-12-02,"2025","Dec",Dec 2025,"LXN","0243","07","LXND2512-07","LXCOLL_20251202_1_0243_1",45.84,"(45,50]","No","F","3","Yes","N",NA,"Proofed"
2025-12-02,"2025","Dec",Dec 2025,"LXN","0243","08","LXND2512-08","LXCOLL_20251202_1_0243_1",42.81,"(40,45]","No","Z","4","No","N",NA,"Proofed"
2025-12-02,"2025","Dec",Dec 2025,"LXN","0243","09","LXND2512-09","LXCOLL_20251202_1_0243_1",60.12,"(60,65]","No","F","3","No","N",NA,"Proofed"
2025-12-02,"2025","Dec",Dec 2025,"LXN","0243","10","LXND2512-10","LXCOLL_20251202_1_0243_1",38.35,"(35,40]","No","Z","4","Yes","N",NA,"Proofed"
2025-12-02,"2025","Dec",Dec 2025,"LXN","0244","11","LXND2512-11","LXCOLL_20251202_1_0244_1",67.31,"(65,70]","No","Z","4","No","N",NA,"Proofed"
2025-12-02,"2025","Dec",Dec 2025,"LXN","0244","12","LXND2512-12","LXCOLL_20251202_1_0244_1",48.08,"(45,50]","No","Z","4","Yes","N",NA,"Proofed"
2025-12-02,"2025","Dec",Dec 2025,"LXN","0244","13","LXND2512-13","LXCOLL_20251202_1_0244_1",62.85,"(60,65]","No","Z","4","No","N",NA,"Proofed"
2025-12-02,"2025","Dec",Dec 2025,"LXN","0244","14","LXND2512-14","LXCOLL_20251202_1_0244_1",41.22,"(40,45]","No","Z","4","No","N",NA,"Proofed"
2025-12-02,"2025","Dec",Dec 2025,"LXN","0244","15","LXND2512-15","LXCOLL_20251202_1_0244_1",71.66,"(70,75]","No","Z","4","No","N",NA,"Proofed"
2025-12-02,"2025","Dec",Dec 2025,"LXN","0242","16","LXND2512-16","LXCOLL_20251202_1_0242_1",45.35,"(45,50]","No","M","2","No","N",NA,"Proofed"
2025-12-02,"2025","Dec",Dec 2025,"LXN","0242","17","LXND2512-17","LXCOLL_20251202_1_0242_1",39.89,"(35,40]","No","M","2","No","N",NA,"Proofed"
2025-12-02,"2025","Dec",Dec 2025,"LXN","0242","18","LXND2512-18","LXCOLL_20251202_1_0242_1",31.57,"(30,35]","No","Z","4","No","N","1 = mat","Proofed"
2025-12-02,"2025","Dec",Dec 2025,"LXN","0242","19","LXND2512-19","LXCOLL_20251202_1_0242_1",30.17,"(30,35]","No","Z","4","No","N","1 = mat","Proofed"
2025-12-02,"2025","Dec",Dec 2025,"LXN","0242","20","LXND2512-20","LXCOLL_20251202_1_0242_1",26.43,"(25,30]","No","M","2","No","N",NA,"Proofed"
2025-12-02,"2025","Dec",Dec 2025,"LXN","0242","21","LXND2512-21","LXCOLL_20251202_1_0242_1",25.64,"(25,30]","No","Z","4","No","N","1 = mat","Proofed"
2025-12-02,"2025","Dec",Dec 2025,"LXN","0242","22","LXND2512-22","LXCOLL_20251202_1_0242_1",22.34,"(20,25]","No","M","2","No","N",NA,"Proofed"
2025-12-02,"2025","Dec",Dec 2025,"LXN","0242","23","LXND2512-23","LXCOLL_20251202_1_0242_1",19.06,"(15,20]","No","Z","4","No","N","1 = mat","Proofed"
2025-12-02,"2025","Dec",Dec 2025,"LXN","0242","24","LXND2512-24","LXCOLL_20251202_1_0242_1",18.72,"(15,20]","No","Z","4","No","N","1 = mat","Proofed"
2025-12-02,"2025","Dec",Dec 2025,"LXN","0242","25","LXND2512-25","LXCOLL_20251202_1_0242_1",16.35,"(15,20]","No","Z","4","No","N","1 = mat","Proofed"
2025-12-02,"2025","Dec",Dec 2025,"LXN","0243","26","LXND2512-26","LXCOLL_20251202_1_0243_1",43.36,"(40,45]","No","Z","4","No","N","1 = mat","Proofed"
2025-12-02,"2025","Dec",Dec 2025,"LXN","0243","27","LXND2512-27","LXCOLL_20251202_1_0243_1",38.66,"(35,40]","No","Z","4","No","N","1 = mat","Proofed"
2025-12-02,"2025","Dec",Dec 2025,"LXN","0243","28","LXND2512-28","LXCOLL_20251202_1_0243_1",37.79,"(35,40]","No","Z","4","No","N","1 = mat","Proofed"
2025-12-02,"2025","Dec",Dec 2025,"LXN","0243","29","LXND2512-29","LXCOLL_20251202_1_0243_1",30.19,"(30,35]","No","M","3","No","N",NA,"Proofed"
2025-12-02,"2025","Dec",Dec 2025,"LXN","0243","30","LXND2512-30","LXCOLL_20251202_1_0243_1",26.57,"(25,30]","No","M","2","No","N",NA,"Proofed"
2025-12-02,"2025","Dec",Dec 2025,"LXN","0243","31","LXND2512-31","LXCOLL_20251202_1_0243_1",27.11,"(25,30]","No","Z","4","No","N","1 = mat","Proofed"
2025-12-02,"2025","Dec",Dec 2025,"LXN","0243","32","LXND2512-32","LXCOLL_20251202_1_0243_1",21.19,"(20,25]","No","M","3","No","N",NA,"Proofed"
2025-12-02,"2025","Dec",Dec 2025,"LXN","0243","33","LXND2512-33","LXCOLL_20251202_1_0243_1",17.63,"(15,20]","No","Z","4","No","N","1 = mat","Proofed"
2025-12-02,"2025","Dec",Dec 2025,"LXN","0243","34","LXND2512-34","LXCOLL_20251202_1_0243_1",15.32,"(15,20]","No","Z","4","No","N","0 = imm","Proofed"
2025-12-02,"2025","Dec",Dec 2025,"LXN","0243","35","LXND2512-35","LXCOLL_20251202_1_0243_1",12.02,"(10,15]","No","Z","4","Yes","N","0 = imm","Proofed"
2025-12-02,"2025","Dec",Dec 2025,"LXN","0244","36","LXND2512-36","LXCOLL_20251202_1_0244_1",39.01,"(35,40]","No","Z","4","No","N","1 = mat","Proofed"
2025-12-02,"2025","Dec",Dec 2025,"LXN","0244","37","LXND2512-37","LXCOLL_20251202_1_0244_1",37.91,"(35,40]","No","Z","4","Yes","N","1 = mat","Proofed"
2025-12-02,"2025","Dec",Dec 2025,"LXN","0244","38","LXND2512-38","LXCOLL_20251202_1_0244_1",28.51,"(25,30]","No","Z","4","No","N","1 = mat","Proofed"
2025-12-02,"2025","Dec",Dec 2025,"LXN","0244","39","LXND2512-39","LXCOLL_20251202_1_0244_1",23.81,"(20,25]","No","M","2","No","N",NA,"Proofed"
2025-12-02,"2025","Dec",Dec 2025,"LXN","0244","40","LXND2512-40","LXCOLL_20251202_1_0244_1",23.68,"(20,25]","No","Z","Z","No","Y",NA,"Proofed"
2025-12-02,"2025","Dec",Dec 2025,"LXN","0244","41","LXND2512-41","LXCOLL_20251202_1_0244_1",25.59,"(25,30]","No","M","3","No","N",NA,"Proofed"
2025-12-02,"2025","Dec",Dec 2025,"LXN","0244","42","LXND2512-42","LXCOLL_20251202_1_0244_1",19.06,"(15,20]","No","Z","4","No","N","1 = mat","Proofed"
2025-12-02,"2025","Dec",Dec 2025,"LXN","0244","43","LXND2512-43","LXCOLL_20251202_1_0244_1",18.29,"(15,20]","No","Z","4","No","N","1 = mat","Proofed"
2025-12-02,"2025","Dec",Dec 2025,"LXN","0244","44","LXND2512-44","LXCOLL_20251202_1_0244_1",12.65,"(10,15]","No","M","2","No","N",NA,"Proofed"
2025-12-02,"2025","Dec",Dec 2025,"LXN","0244","45","LXND2512-45","LXCOLL_20251202_1_0244_1",10.85,"(10,15]","No","Z","4","No","N","0 = imm","Proofed"
2025-10-07,"2025","Oct",Oct 2025,"LXS","0246","01","LXSD2510-01","LXCOLL_20251007_1_0246_1",69.13,"(65,70]","No","F","2","No","N",NA,"Proofed"
2025-10-07,"2025","Oct",Oct 2025,"LXS","0246","02","LXSD2510-02","LXCOLL_20251007_1_0246_1",30.43,"(30,35]","No","F","2","Yes","N",NA,"Proofed"
2025-10-07,"2025","Oct",Oct 2025,"LXS","0246","03","LXSD2510-03","LXCOLL_20251007_1_0246_1",56.93,"(55,60]","No","F","2","No","N",NA,"Proofed"
2025-10-07,"2025","Oct",Oct 2025,"LXS","0246","04","LXSD2510-04","LXCOLL_20251007_1_0246_1",72.08,"(70,75]","No","F","2","Yes","N",NA,"Proofed"
2025-10-07,"2025","Oct",Oct 2025,"LXS","0246","05","LXSD2510-05","LXCOLL_20251007_1_0246_1",52.99,"(50,55]","No","F","2","Yes","N",NA,"Proofed"
2025-10-07,"2025","Oct",Oct 2025,"LXS","0247","06","LXSD2510-06","LXCOLL_20251007_1_0247_1",84.96,"(80,85]","No","F","2","Yes","N",NA,"Proofed"
2025-10-07,"2025","Oct",Oct 2025,"LXS","0247","07","LXSD2510-07","LXCOLL_20251007_1_0247_1",64.06,"(60,65]","No","F","2","No","N",NA,"Proofed"
2025-10-07,"2025","Oct",Oct 2025,"LXS","0247","08","LXSD2510-08","LXCOLL_20251007_1_0247_1",64.39,"(60,65]","No","M","2","Yes","N",NA,"Proofed"
2025-10-07,"2025","Oct",Oct 2025,"LXS","0247","09","LXSD2510-09","LXCOLL_20251007_1_0247_1",45.44,"(45,50]","No","F","2","No","N",NA,"Proofed"
2025-10-07,"2025","Oct",Oct 2025,"LXS","0247","10","LXSD2510-10","LXCOLL_20251007_1_0247_1",60.76,"(60,65]","No","F","2","No","N",NA,"Proofed"
2025-10-07,"2025","Oct",Oct 2025,"LXS","0249","11","LXSD2510-11","LXCOLL_20251007_1_0249_1",83.03,"(80,85]","No","F","2","No","N",NA,"Proofed"
2025-10-07,"2025","Oct",Oct 2025,"LXS","0249","12","LXSD2510-12","LXCOLL_20251007_1_0249_1",36.24,"(35,40]","No","F","2","No","N",NA,"Proofed"
2025-10-07,"2025","Oct",Oct 2025,"LXS","0249","13","LXSD2510-13","LXCOLL_20251007_1_0249_1",50.91,"(50,55]","No","F","2","Yes","N",NA,"Proofed"
2025-10-07,"2025","Oct",Oct 2025,"LXS","0249","14","LXSD2510-14","LXCOLL_20251007_1_0249_1",87.51,"(85,90]","No","F","2","No","N",NA,"Proofed"
2025-10-07,"2025","Oct",Oct 2025,"LXS","0249","15","LXSD2510-15","LXCOLL_20251007_1_0249_1",47.31,"(45,50]","No","M","2","No","N",NA,"Proofed"
2025-11-04,"2025","Nov",Nov 2025,"LXS","0246","01","LXSD2511-01","LXCOLL_20251104_1_0246_1",55.23,"(55,60]","No","F","3","No","N",NA,"Proofed"
2025-11-04,"2025","Nov",Nov 2025,"LXS","0246","02","LXSD2511-02","LXCOLL_20251104_1_0246_1",37.55,"(35,40]","No","M","2","No","N",NA,"Proofed"
2025-11-04,"2025","Nov",Nov 2025,"LXS","0246","03","LXSD2511-03","LXCOLL_20251104_1_0246_1",50.3,"(50,55]","No","F","2","No","N",NA,"Proofed"
2025-11-04,"2025","Nov",Nov 2025,"LXS","0246","04","LXSD2511-04","LXCOLL_20251104_1_0246_1",42.53,"(40,45]","No","F","1","No","N",NA,"Proofed"
2025-11-04,"2025","Nov",Nov 2025,"LXS","0246","05","LXSD2511-05","LXCOLL_20251104_1_0246_1",53.17,"(50,55]","No","Z","4","No","N",NA,"Proofed"
2025-11-04,"2025","Nov",Nov 2025,"LXS","0247","06","LXSD2511-06","LXCOLL_20251104_1_0247_1",60.2,"(60,65]","No","F","2","No","N",NA,"Proofed"
2025-11-04,"2025","Nov",Nov 2025,"LXS","0247","07","LXSD2511-07","LXCOLL_20251104_1_0247_1",49.74,"(45,50]","No","M","2","No","N",NA,"Proofed"
2025-11-04,"2025","Nov",Nov 2025,"LXS","0247","08","LXSD2511-08","LXCOLL_20251104_1_0247_1",54.28,"(50,55]","No","F","1","No","N",NA,"Proofed"
2025-11-04,"2025","Nov",Nov 2025,"LXS","0247","09","LXSD2511-09","LXCOLL_20251104_1_0247_1",75.19,"(75,80]","No","F","2","Yes","N",NA,"Proofed"
2025-11-04,"2025","Nov",Nov 2025,"LXS","0247","10","LXSD2511-10","LXCOLL_20251104_1_0247_1",74.2,"(70,75]","No","F","2","No","N",NA,"Proofed"
2025-11-04,"2025","Nov",Nov 2025,"LXS","0249","11","LXSD2511-11","LXCOLL_20251104_1_0249_1",46.32,"(45,50]","No","F","2","Yes","N",NA,"Proofed"
2025-11-04,"2025","Nov",Nov 2025,"LXS","0249","12","LXSD2511-12","LXCOLL_20251104_1_0249_1",61.14,"(60,65]","No","F","2","No","N",NA,"Proofed"
2025-11-04,"2025","Nov",Nov 2025,"LXS","0249","13","LXSD2511-13","LXCOLL_20251104_1_0249_1",55.45,"(55,60]","No","F","2","Yes","N",NA,"Proofed"
2025-11-04,"2025","Nov",Nov 2025,"LXS","0249","14","LXSD2511-14","LXCOLL_20251104_1_0249_1",54.55,"(50,55]","No","F","2","Yes","N",NA,"Proofed"
2025-11-04,"2025","Nov",Nov 2025,"LXS","0249","15","LXSD2511-15","LXCOLL_20251104_1_0249_1",71.3,"(70,75]","No","F","2","Yes","N",NA,"Proofed"
2025-12-02,"2025","Dec",Dec 2025,"LXS","0246","01","LXSD2512-01","LXCOLL_20251202_1_0246_1",50.64,"(50,55]","No","Z","4","Yes","N",NA,"Proofed"
2025-12-02,"2025","Dec",Dec 2025,"LXS","0246","02","LXSD2512-02","LXCOLL_20251202_1_0246_1",47.5,"(45,50]","No","M","2","No","N",NA,"Proofed"
2025-12-02,"2025","Dec",Dec 2025,"LXS","0246","03","LXSD2512-03","LXCOLL_20251202_1_0246_1",40.26,"(40,45]","No","F","3","No","N",NA,"Proofed"
2025-12-02,"2025","Dec",Dec 2025,"LXS","0246","04","LXSD2512-04","LXCOLL_20251202_1_0246_1",57.16,"(55,60]","No","F","1","No","N",NA,"Proofed"
2025-12-02,"2025","Dec",Dec 2025,"LXS","0246","05","LXSD2512-05","LXCOLL_20251202_1_0246_1",36.36,"(35,40]","No","Z","4","Yes","N",NA,"Proofed"
2025-12-02,"2025","Dec",Dec 2025,"LXS","0247","06","LXSD2512-06","LXCOLL_20251202_1_0247_1",56.96,"(55,60]","No","M","3","No","N",NA,"Proofed"
2025-12-02,"2025","Dec",Dec 2025,"LXS","0247","07","LXSD2512-07","LXCOLL_20251202_1_0247_1",46.32,"(45,50]","No","F","1","No","N",NA,"Proofed"
2025-12-02,"2025","Dec",Dec 2025,"LXS","0247","08","LXSD2512-08","LXCOLL_20251202_1_0247_1",58.21,"(55,60]","No","M","2","No","N",NA,"Proofed"
2025-12-02,"2025","Dec",Dec 2025,"LXS","0247","09","LXSD2512-09","LXCOLL_20251202_1_0247_1",48.45,"(45,50]","No","M","1","No","N",NA,"Proofed"
2025-12-02,"2025","Dec",Dec 2025,"LXS","0247","10","LXSD2512-10","LXCOLL_20251202_1_0247_1",65.52,"(65,70]","No","Z","4","No","N",NA,"Proofed"
2025-12-02,"2025","Dec",Dec 2025,"LXS","0249","11","LXSD2512-11","LXCOLL_20251202_1_0249_1",58.55,"(55,60]","No","F","2","No","N",NA,"Proofed"
2025-12-02,"2025","Dec",Dec 2025,"LXS","0249","12","LXSD2512-12","LXCOLL_20251202_1_0249_1",70.11,"(70,75]","No","F","3","No","N",NA,"Proofed"
2025-12-02,"2025","Dec",Dec 2025,"LXS","0249","13","LXSD2512-13","LXCOLL_20251202_1_0249_1",63.83,"(60,65]","No","F","2","No","N",NA,"Proofed"
2025-12-02,"2025","Dec",Dec 2025,"LXS","0249","14","LXSD2512-14","LXCOLL_20251202_1_0249_1",58.47,"(55,60]","No","F","2","No","N",NA,"Proofed"
2025-12-02,"2025","Dec",Dec 2025,"LXS","0249","15","LXSD2512-15","LXCOLL_20251202_1_0249_1",68.4,"(65,70]","No","F","2","No","N",NA,"Proofed"
2025-09-03,"2025","Sep",Sep 2025,"LXN","0242","01","LXND2509-01","LXCOLL_20250903_1_0242_1",58.87,"(55,60]","No","M","2","No","N",NA,"Completed"
2025-09-03,"2025","Sep",Sep 2025,"LXN","0242","02","LXND2509-02","LXCOLL_20250903_1_0242_1",48.2,"(45,50]","No","F","2","No","N",NA,"Completed"
2025-09-03,"2025","Sep",Sep 2025,"LXN","0242","03","LXND2509-03","LXCOLL_20250903_1_0242_1",46.23,"(45,50]","No","M","2","No","N",NA,"Completed"
2025-09-03,"2025","Sep",Sep 2025,"LXN","0242","04","LXND2509-04","LXCOLL_20250903_1_0242_1",50.88,"(50,55]","No","M","2","No","N",NA,"Completed"
2025-09-03,"2025","Sep",Sep 2025,"LXN","0242","05","LXND2509-05","LXCOLL_20250903_1_0242_1",45.16,"(45,50]","No","Z","4","Yes","N",NA,"Completed"
2025-09-03,"2025","Sep",Sep 2025,"LXN","0243","06","LXND2509-06","LXCOLL_20250903_1_0243_1",58.22,"(55,60]","No","F","2","Yes","N",NA,"Completed"
2025-09-03,"2025","Sep",Sep 2025,"LXN","0243","07","LXND2509-07","LXCOLL_20250903_1_0243_1",53.66,"(50,55]","No","M","2","Yes","N",NA,"Completed"
2025-09-03,"2025","Sep",Sep 2025,"LXN","0243","09","LXND2509-09","LXCOLL_20250903_1_0243_1",47.96,"(45,50]","No","M","2","No","N",NA,"Completed"
2025-09-03,"2025","Sep",Sep 2025,"LXN","0243","10","LXND2509-10","LXCOLL_20250903_1_0243_1",44.38,"(40,45]","No","F","2","No","N",NA,"Completed"
2025-09-03,"2025","Sep",Sep 2025,"LXN","0244","11","LXND2509-11","LXCOLL_20250903_1_0244_1",39.18,"(35,40]","No","F","2","Yes","N",NA,"Completed"
2025-09-03,"2025","Sep",Sep 2025,"LXN","0244","12","LXND2509-12","LXCOLL_20250903_1_0244_1",47.03,"(45,50]","No","F","2","No","N",NA,"Completed"
2025-09-03,"2025","Sep",Sep 2025,"LXN","0244","13","LXND2509-13","LXCOLL_20250903_1_0244_1",66.26,"(65,70]","No","F","2","No","N",NA,"Completed"
2025-09-03,"2025","Sep",Sep 2025,"LXN","0244","14","LXND2509-14","LXCOLL_20250903_1_0244_1",52.93,"(50,55]","No","F","2","Yes","N",NA,"Completed"
2025-09-03,"2025","Sep",Sep 2025,"LXN","0244","15","LXND2509-15","LXCOLL_20250903_1_0244_1",46.34,"(45,50]","No","M","3","No","N",NA,"Completed"
2025-09-03,"2025","Sep",Sep 2025,"LXN","0242","16","LXND2509-16","LXCOLL_20250903_1_0242_1",44.43,"(40,45]","No","F","2","No","N",NA,"Completed"
2025-09-03,"2025","Sep",Sep 2025,"LXN","0242","17","LXND2509-17","LXCOLL_20250903_1_0242_1",40.29,"(40,45]","No","F","2","No","N",NA,"Completed"
2025-09-03,"2025","Sep",Sep 2025,"LXN","0242","18","LXND2509-18","LXCOLL_20250903_1_0242_1",34.24,"(30,35]","No","Z","4","No","N","1=mat","Completed"
2025-09-03,"2025","Sep",Sep 2025,"LXN","0242","19","LXND2509-19","LXCOLL_20250903_1_0242_1",28.48,"(25,30]","No","M","2","No","N",NA,"Completed"
2025-09-03,"2025","Sep",Sep 2025,"LXN","0242","20","LXND2509-20","LXCOLL_20250903_1_0242_1",20.22,"(20,25]","No","F","2","No","N",NA,"Completed"
2025-09-03,"2025","Sep",Sep 2025,"LXN","0242","21","LXND2509-21","LXCOLL_20250903_1_0242_1",23.77,"(20,25]","No","F","2","No","N",NA,"Completed"
2025-09-03,"2025","Sep",Sep 2025,"LXN","0242","22","LXND2509-22","LXCOLL_20250903_1_0242_1",20.94,"(20,25]","No","M","2","No","N",NA,"Completed"
2025-09-03,"2025","Sep",Sep 2025,"LXN","0242","23","LXND2509-23","LXCOLL_20250903_1_0242_1",16.78,"(15,20]","No","Z","Z","No","Y",NA,"Completed"
2025-09-03,"2025","Sep",Sep 2025,"LXN","0242","24","LXND2509-24","LXCOLL_20250903_1_0242_1",15.84,"(15,20]","No","M","2","No","N",NA,"Completed"
2025-09-03,"2025","Sep",Sep 2025,"LXN","0242","25","LXND2509-25","LXCOLL_20250903_1_0242_1",12.73,"(10,15]","No","Z","Z","No","Y","Missing slide","Completed"
2025-09-03,"2025","Sep",Sep 2025,"LXN","0243","26","LXND2509-26","LXCOLL_20250903_1_0243_1",31.67,"(30,35]","No","M","2","No","N",NA,"Completed"
2025-09-03,"2025","Sep",Sep 2025,"LXN","0243","27","LXND2509-27","LXCOLL_20250903_1_0243_1",25.88,"(25,30]","No","M","2","No","N",NA,"Completed"
2025-09-03,"2025","Sep",Sep 2025,"LXN","0243","28","LXND2509-28","LXCOLL_20250903_1_0243_1",27.43,"(25,30]","No","F","2","No","N",NA,"Completed"
2025-09-03,"2025","Sep",Sep 2025,"LXN","0243","29","LXND2509-29","LXCOLL_20250903_1_0243_1",21.77,"(20,25]","No","M","3","No","N",NA,"Completed"
2025-09-03,"2025","Sep",Sep 2025,"LXN","0243","30","LXND2509-30","LXCOLL_20250903_1_0243_1",19.88,"(15,20]","No","M","2","No","N",NA,"Completed"
2025-09-03,"2025","Sep",Sep 2025,"LXN","0243","31","LXND2509-31","LXCOLL_20250903_1_0243_1",21.95,"(20,25]","No","M","2","No","N",NA,"Completed"
2025-09-03,"2025","Sep",Sep 2025,"LXN","0243","32","LXND2509-32","LXCOLL_20250903_1_0243_1",19.35,"(15,20]","No","M","1","No","N",NA,"Completed"
2025-09-03,"2025","Sep",Sep 2025,"LXN","0243","33","LXND2509-33","LXCOLL_20250903_1_0243_1",19.89,"(15,20]","No","F","2","No","N",NA,"Completed"
2025-09-03,"2025","Sep",Sep 2025,"LXN","0243","34","LXND2509-34","LXCOLL_20250903_1_0243_1",11.59,"(10,15]","No","M","2","No","N",NA,"Completed"
2025-09-03,"2025","Sep",Sep 2025,"LXN","0243","35","LXND2509-35","LXCOLL_20250903_1_0243_1",15.18,"(15,20]","No","Z","4","No","N","1=mat","Completed"
2025-09-03,"2025","Sep",Sep 2025,"LXN","0244","36","LXND2509-36","LXCOLL_20250903_1_0244_1",41.46,"(40,45]","No","F","2","No","N",NA,"Completed"
2025-09-03,"2025","Sep",Sep 2025,"LXN","0244","37","LXND2509-37","LXCOLL_20250903_1_0244_1",33.76,"(30,35]","No","F","2","No","N",NA,"Completed"
2025-09-03,"2025","Sep",Sep 2025,"LXN","0244","38","LXND2509-38","LXCOLL_20250903_1_0244_1",35.68,"(35,40]","No","M","2","No","N",NA,"Completed"
2025-09-03,"2025","Sep",Sep 2025,"LXN","0244","39","LXND2509-39","LXCOLL_20250903_1_0244_1",32.49,"(30,35]","No","M","2","No","N",NA,"Completed"
2025-09-03,"2025","Sep",Sep 2025,"LXN","0244","40","LXND2509-40","LXCOLL_20250903_1_0244_1",24.08,"(20,25]","No","M","2","Yes","N",NA,"Completed"
2025-09-03,"2025","Sep",Sep 2025,"LXN","0244","41","LXND2509-41","LXCOLL_20250903_1_0244_1",22.23,"(20,25]","No","M","2","No","N",NA,"Completed"
2025-09-03,"2025","Sep",Sep 2025,"LXN","0244","42","LXND2509-42","LXCOLL_20250903_1_0244_1",19.5,"(15,20]","No","M","2","No","N",NA,"Completed"
2025-09-03,"2025","Sep",Sep 2025,"LXN","0244","43","LXND2509-43","LXCOLL_20250903_1_0244_1",15.6,"(15,20]","No","M","3","No","N",NA,"Completed"
2025-09-03,"2025","Sep",Sep 2025,"LXN","0244","44","LXND2509-44","LXCOLL_20250903_1_0244_1",14.86,"(10,15]","No","Z","4","No","N","0=imm","Completed"
2025-09-03,"2025","Sep",Sep 2025,"LXN","0244","45","LXND2509-45","LXCOLL_20250903_1_0244_1",8.26,"(5,10]","No","Z","4","No","N","0=imm","Completed"
2025-09-04,"2025","Sep",Sep 2025,"LXS","0246","01","LXSD2509-01","LXCOLL_20250904_1_0246_1",42.04,"(40,45]","No","F","2","No","N",NA,"Completed"
2025-09-04,"2025","Sep",Sep 2025,"LXS","0246","02","LXSD2509-02","LXCOLL_20250904_1_0246_1",53.08,"(50,55]","No","F","2","Yes","N",NA,"Completed"
2025-09-04,"2025","Sep",Sep 2025,"LXS","0246","03","LXSD2509-03","LXCOLL_20250904_1_0246_1",36.4,"(35,40]","No","M","2","No","N",NA,"Completed"
2025-09-04,"2025","Sep",Sep 2025,"LXS","0246","04","LXSD2509-04","LXCOLL_20250904_1_0246_1",33.53,"(30,35]","No","F","2","Yes","N",NA,"Completed"
2025-09-04,"2025","Sep",Sep 2025,"LXS","0246","05","LXSD2509-05","LXCOLL_20250904_1_0246_1",60.65,"(60,65]","No","F","2","No","N",NA,"Completed"
2025-09-04,"2025","Sep",Sep 2025,"LXS","0247","06","LXSD2509-06","LXCOLL_20250904_1_0247_1",63.87,"(60,65]","No","F","2","No","N",NA,"Completed"
2025-09-04,"2025","Sep",Sep 2025,"LXS","0247","07","LXSD2509-07","LXCOLL_20250904_1_0247_1",57.6,"(55,60]","No","F","2","No","N",NA,"Completed"
2025-09-04,"2025","Sep",Sep 2025,"LXS","0247","08","LXSD2509-08","LXCOLL_20250904_1_0247_1",60.23,"(60,65]","No","M","2","No","N",NA,"Completed"
2025-09-04,"2025","Sep",Sep 2025,"LXS","0247","09","LXSD2509-09","LXCOLL_20250904_1_0247_1",53.65,"(50,55]","No","F","2","Yes","N",NA,"Completed"
2025-09-04,"2025","Sep",Sep 2025,"LXS","0247","10","LXSD2509-10","LXCOLL_20250904_1_0247_1",59.28,"(55,60]","No","F","2","No","N",NA,"Completed"
2025-09-04,"2025","Sep",Sep 2025,"LXS","0249","11","LXSD2509-11","LXCOLL_20250904_1_0249_1",49.5,"(45,50]","No","F","2","No","N",NA,"Completed"
2025-09-04,"2025","Sep",Sep 2025,"LXS","0249","12","LXSD2509-12","LXCOLL_20250904_1_0249_1",39.62,"(35,40]","No","M","2","No","N",NA,"Completed"
2025-09-04,"2025","Sep",Sep 2025,"LXS","0249","13","LXSD2509-13","LXCOLL_20250904_1_0249_1",58.7,"(55,60]","No","F","2","No","N",NA,"Completed"
2025-09-04,"2025","Sep",Sep 2025,"LXS","0249","14","LXSD2509-14","LXCOLL_20250904_1_0249_1",49.45,"(45,50]","No","M","2","No","N",NA,"Completed"
2025-09-04,"2025","Sep",Sep 2025,"LXS","0249","15","LXSD2509-15","LXCOLL_20250904_1_0249_1",54.29,"(50,55]","No","M","2","No","N",NA,"Completed"
